variable,value
SCEN1.x_1_1,0.9985949999999999
SCEN1.u_1_1,1.0
SCEN1.x_2_1,1.0
SCEN1.u_2_1,1.0
SCEN1.x_1_2,1.0
SCEN1.u_1_2,1.0
SCEN1.x_2_2,0.49557000000000007
SCEN1.u_2_2,1.0
SCEN1.x_1_3,0.8430249999999999
SCEN1.u_1_3,1.0
SCEN1.x_2_3,0.0
SCEN1.u_2_3,0.0
SCEN1.y_1_1_1,1.0
SCEN1.y_2_1_1,0.0
SCEN1.z_1_1,0.0
SCEN1.y_1_2_1,-0.0
SCEN1.y_2_2_1,-0.0
SCEN1.z_2_1,1.0
SCEN1.y_1_3_1,0.0
SCEN1.y_2_3_1,1.0
SCEN1.z_3_1,0.0
SCEN1.y_1_1_2,0.0
SCEN1.y_2_1_2,1.0
SCEN1.z_1_2,0.0
SCEN1.y_1_2_2,1.0
SCEN1.y_2_2_2,0.0
SCEN1.z_2_2,0.0
SCEN1.y_1_3_2,1.0
SCEN1.y_2_3_2,0.0
SCEN1.z_3_2,0.0
SCEN1.y_1_1_3,1.0
SCEN1.y_2_1_3,-0.0
SCEN1.z_1_3,0.0
SCEN1.y_1_2_3,-0.0
SCEN1.y_2_2_3,1.0
SCEN1.z_2_3,0.0
SCEN1.y_1_3_3,-0.0
SCEN1.y_2_3_3,1.0
SCEN1.z_3_3,0.0
SCEN2.x_1_1,0.9985949999999999
SCEN2.u_1_1,1.0
SCEN2.x_2_1,1.0
SCEN2.u_2_1,1.0
SCEN2.x_1_2,1.0
SCEN2.u_1_2,1.0
SCEN2.x_2_2,0.49557000000000007
SCEN2.u_2_2,1.0
SCEN2.x_1_3,0.8430249999999999
SCEN2.u_1_3,1.0
SCEN2.x_2_3,0.0
SCEN2.u_2_3,0.0
SCEN2.y_1_1_1,1.0
SCEN2.y_2_1_1,0.0
SCEN2.z_1_1,0.0
SCEN2.y_1_2_1,0.0
SCEN2.y_2_2_1,0.0
SCEN2.z_2_1,1.0
SCEN2.y_1_3_1,-0.0
SCEN2.y_2_3_1,1.0
SCEN2.z_3_1,0.0
SCEN2.y_1_1_2,-0.0
SCEN2.y_2_1_2,0.0
SCEN2.z_1_2,1.0
SCEN2.y_1_2_2,0.0
SCEN2.y_2_2_2,1.0
SCEN2.z_2_2,0.0
SCEN2.y_1_3_2,1.0
SCEN2.y_2_3_2,-0.0
SCEN2.z_3_2,0.0
SCEN2.y_1_1_3,1.0
SCEN2.y_2_1_3,-0.0
SCEN2.z_1_3,0.0
SCEN2.y_1_2_3,1.0
SCEN2.y_2_2_3,0.0
SCEN2.z_2_3,0.0
SCEN2.y_1_3_3,0.0
SCEN2.y_2_3_3,1.0
SCEN2.z_3_3,0.0
SCEN3.x_1_1,0.9985949999999999
SCEN3.u_1_1,1.0
SCEN3.x_2_1,1.0
SCEN3.u_2_1,1.0
SCEN3.x_1_2,1.0
SCEN3.u_1_2,1.0
SCEN3.x_2_2,0.49557000000000007
SCEN3.u_2_2,1.0
SCEN3.x_1_3,0.8430249999999999
SCEN3.u_1_3,1.0
SCEN3.x_2_3,0.0
SCEN3.u_2_3,0.0
SCEN3.y_1_1_1,0.0
SCEN3.y_2_1_1,0.0
SCEN3.z_1_1,1.0
SCEN3.y_1_2_1,-0.0
SCEN3.y_2_2_1,1.0
SCEN3.z_2_1,0.0
SCEN3.y_1_3_1,1.0
SCEN3.y_2_3_1,0.0
SCEN3.z_3_1,0.0
SCEN3.y_1_1_2,-0.0
SCEN3.y_2_1_2,1.0
SCEN3.z_1_2,0.0
SCEN3.y_1_2_2,1.0
SCEN3.y_2_2_2,0.0
SCEN3.z_2_2,0.0
SCEN3.y_1_3_2,1.0
SCEN3.y_2_3_2,-0.0
SCEN3.z_3_2,0.0
SCEN3.y_1_1_3,1.0
SCEN3.y_2_1_3,-0.0
SCEN3.z_1_3,0.0
SCEN3.y_1_2_3,1.0
SCEN3.y_2_2_3,0.0
SCEN3.z_2_3,0.0
SCEN3.y_1_3_3,-0.0
SCEN3.y_2_3_3,1.0
SCEN3.z_3_3,0.0
SCEN4.x_1_1,0.9985949999999999
SCEN4.u_1_1,1.0
SCEN4.x_2_1,1.0
SCEN4.u_2_1,1.0
SCEN4.x_1_2,1.0
SCEN4.u_1_2,1.0
SCEN4.x_2_2,0.49557000000000007
SCEN4.u_2_2,1.0
SCEN4.x_1_3,0.8430249999999999
SCEN4.u_1_3,1.0
SCEN4.x_2_3,0.0
SCEN4.u_2_3,0.0
SCEN4.y_1_1_1,1.0
SCEN4.y_2_1_1,0.0
SCEN4.z_1_1,0.0
SCEN4.y_1_2_1,0.0
SCEN4.y_2_2_1,0.0
SCEN4.z_2_1,1.0
SCEN4.y_1_3_1,-0.0
SCEN4.y_2_3_1,1.0
SCEN4.z_3_1,0.0
SCEN4.y_1_1_2,-0.0
SCEN4.y_2_1_2,1.0
SCEN4.z_1_2,0.0
SCEN4.y_1_2_2,-0.0
SCEN4.y_2_2_2,1.0
SCEN4.z_2_2,0.0
SCEN4.y_1_3_2,1.0
SCEN4.y_2_3_2,-0.0
SCEN4.z_3_2,0.0
SCEN4.y_1_1_3,1.0
SCEN4.y_2_1_3,-0.0
SCEN4.z_1_3,0.0
SCEN4.y_1_2_3,1.0
SCEN4.y_2_2_3,0.0
SCEN4.z_2_3,0.0
SCEN4.y_1_3_3,0.0
SCEN4.y_2_3_3,1.0
SCEN4.z_3_3,0.0
SCEN5.x_1_1,0.9985949999999999
SCEN5.u_1_1,1.0
SCEN5.x_2_1,1.0
SCEN5.u_2_1,1.0
SCEN5.x_1_2,1.0
SCEN5.u_1_2,1.0
SCEN5.x_2_2,0.49557000000000007
SCEN5.u_2_2,1.0
SCEN5.x_1_3,0.8430249999999999
SCEN5.u_1_3,1.0
SCEN5.x_2_3,0.0
SCEN5.u_2_3,0.0
SCEN5.y_1_1_1,1.0
SCEN5.y_2_1_1,0.0
SCEN5.z_1_1,0.0
SCEN5.y_1_2_1,-0.0
SCEN5.y_2_2_1,1.0
SCEN5.z_2_1,0.0
SCEN5.y_1_3_1,0.0
SCEN5.y_2_3_1,0.0
SCEN5.z_3_1,1.0
SCEN5.y_1_1_2,1.0
SCEN5.y_2_1_2,-0.0
SCEN5.z_1_2,0.0
SCEN5.y_1_2_2,0.0
SCEN5.y_2_2_2,1.0
SCEN5.z_2_2,0.0
SCEN5.y_1_3_2,1.0
SCEN5.y_2_3_2,0.0
SCEN5.z_3_2,0.0
SCEN5.y_1_1_3,1.0
SCEN5.y_2_1_3,-0.0
SCEN5.z_1_3,0.0
SCEN5.y_1_2_3,-0.0
SCEN5.y_2_2_3,1.0
SCEN5.z_2_3,0.0
SCEN5.y_1_3_3,-0.0
SCEN5.y_2_3_3,1.0
SCEN5.z_3_3,0.0
SCEN6.x_1_1,0.9985949999999999
SCEN6.u_1_1,1.0
SCEN6.x_2_1,1.0
SCEN6.u_2_1,1.0
SCEN6.x_1_2,1.0
SCEN6.u_1_2,1.0
SCEN6.x_2_2,0.49557000000000007
SCEN6.u_2_2,1.0
SCEN6.x_1_3,0.8430249999999999
SCEN6.u_1_3,1.0
SCEN6.x_2_3,0.0
SCEN6.u_2_3,0.0
SCEN6.y_1_1_1,-0.0
SCEN6.y_2_1_1,1.0
SCEN6.z_1_1,0.0
SCEN6.y_1_2_1,0.0
SCEN6.y_2_2_1,0.0
SCEN6.z_2_1,1.0
SCEN6.y_1_3_1,0.0
SCEN6.y_2_3_1,0.0
SCEN6.z_3_1,1.0
SCEN6.y_1_1_2,-0.0
SCEN6.y_2_1_2,0.0
SCEN6.z_1_2,1.0
SCEN6.y_1_2_2,0.0
SCEN6.y_2_2_2,1.0
SCEN6.z_2_2,0.0
SCEN6.y_1_3_2,1.0
SCEN6.y_2_3_2,0.0
SCEN6.z_3_2,0.0
SCEN6.y_1_1_3,1.0
SCEN6.y_2_1_3,-0.0
SCEN6.z_1_3,0.0
SCEN6.y_1_2_3,1.0
SCEN6.y_2_2_3,0.0
SCEN6.z_2_3,0.0
SCEN6.y_1_3_3,0.0
SCEN6.y_2_3_3,1.0
SCEN6.z_3_3,0.0
SCEN7.x_1_1,0.9985949999999999
SCEN7.u_1_1,1.0
SCEN7.x_2_1,1.0
SCEN7.u_2_1,1.0
SCEN7.x_1_2,1.0
SCEN7.u_1_2,1.0
SCEN7.x_2_2,0.49557000000000007
SCEN7.u_2_2,1.0
SCEN7.x_1_3,0.8430249999999999
SCEN7.u_1_3,1.0
SCEN7.x_2_3,0.0
SCEN7.u_2_3,0.0
SCEN7.y_1_1_1,0.0
SCEN7.y_2_1_1,0.0
SCEN7.z_1_1,1.0
SCEN7.y_1_2_1,0.0
SCEN7.y_2_2_1,0.0
SCEN7.z_2_1,1.0
SCEN7.y_1_3_1,0.0
SCEN7.y_2_3_1,0.0
SCEN7.z_3_1,1.0
SCEN7.y_1_1_2,0.0
SCEN7.y_2_1_2,-0.0
SCEN7.z_1_2,1.0
SCEN7.y_1_2_2,0.0
SCEN7.y_2_2_2,1.0
SCEN7.z_2_2,0.0
SCEN7.y_1_3_2,1.0
SCEN7.y_2_3_2,0.0
SCEN7.z_3_2,0.0
SCEN7.y_1_1_3,1.0
SCEN7.y_2_1_3,-0.0
SCEN7.z_1_3,0.0
SCEN7.y_1_2_3,1.0
SCEN7.y_2_2_3,0.0
SCEN7.z_2_3,0.0
SCEN7.y_1_3_3,-0.0
SCEN7.y_2_3_3,1.0
SCEN7.z_3_3,0.0
SCEN8.x_1_1,0.9985949999999999
SCEN8.u_1_1,1.0
SCEN8.x_2_1,1.0
SCEN8.u_2_1,1.0
SCEN8.x_1_2,1.0
SCEN8.u_1_2,1.0
SCEN8.x_2_2,0.49557000000000007
SCEN8.u_2_2,1.0
SCEN8.x_1_3,0.8430249999999999
SCEN8.u_1_3,1.0
SCEN8.x_2_3,0.0
SCEN8.u_2_3,0.0
SCEN8.y_1_1_1,1.0
SCEN8.y_2_1_1,0.0
SCEN8.z_1_1,0.0
SCEN8.y_1_2_1,-0.0
SCEN8.y_2_2_1,1.0
SCEN8.z_2_1,0.0
SCEN8.y_1_3_1,0.0
SCEN8.y_2_3_1,0.0
SCEN8.z_3_1,1.0
SCEN8.y_1_1_2,1.0
SCEN8.y_2_1_2,-0.0
SCEN8.z_1_2,0.0
SCEN8.y_1_2_2,0.0
SCEN8.y_2_2_2,1.0
SCEN8.z_2_2,0.0
SCEN8.y_1_3_2,1.0
SCEN8.y_2_3_2,0.0
SCEN8.z_3_2,0.0
SCEN8.y_1_1_3,1.0
SCEN8.y_2_1_3,-0.0
SCEN8.z_1_3,0.0
SCEN8.y_1_2_3,1.0
SCEN8.y_2_2_3,0.0
SCEN8.z_2_3,0.0
SCEN8.y_1_3_3,-0.0
SCEN8.y_2_3_3,1.0
SCEN8.z_3_3,0.0
SCEN9.x_1_1,0.9985949999999999
SCEN9.u_1_1,1.0
SCEN9.x_2_1,1.0
SCEN9.u_2_1,1.0
SCEN9.x_1_2,1.0
SCEN9.u_1_2,1.0
SCEN9.x_2_2,0.49557000000000007
SCEN9.u_2_2,1.0
SCEN9.x_1_3,0.8430249999999999
SCEN9.u_1_3,1.0
SCEN9.x_2_3,0.0
SCEN9.u_2_3,0.0
SCEN9.y_1_1_1,0.0
SCEN9.y_2_1_1,0.0
SCEN9.z_1_1,1.0
SCEN9.y_1_2_1,0.0
SCEN9.y_2_2_1,1.0
SCEN9.z_2_1,0.0
SCEN9.y_1_3_1,1.0
SCEN9.y_2_3_1,0.0
SCEN9.z_3_1,0.0
SCEN9.y_1_1_2,-0.0
SCEN9.y_2_1_2,1.0
SCEN9.z_1_2,0.0
SCEN9.y_1_2_2,1.0
SCEN9.y_2_2_2,0.0
SCEN9.z_2_2,0.0
SCEN9.y_1_3_2,1.0
SCEN9.y_2_3_2,-0.0
SCEN9.z_3_2,0.0
SCEN9.y_1_1_3,1.0
SCEN9.y_2_1_3,-0.0
SCEN9.z_1_3,0.0
SCEN9.y_1_2_3,1.0
SCEN9.y_2_2_3,0.0
SCEN9.z_2_3,0.0
SCEN9.y_1_3_3,-0.0
SCEN9.y_2_3_3,1.0
SCEN9.z_3_3,0.0
SCEN10.x_1_1,0.9985949999999999
SCEN10.u_1_1,1.0
SCEN10.x_2_1,1.0
SCEN10.u_2_1,1.0
SCEN10.x_1_2,1.0
SCEN10.u_1_2,1.0
SCEN10.x_2_2,0.49557000000000007
SCEN10.u_2_2,1.0
SCEN10.x_1_3,0.8430249999999999
SCEN10.u_1_3,1.0
SCEN10.x_2_3,0.0
SCEN10.u_2_3,0.0
SCEN10.y_1_1_1,-0.0
SCEN10.y_2_1_1,1.0
SCEN10.z_1_1,0.0
SCEN10.y_1_2_1,0.0
SCEN10.y_2_2_1,0.0
SCEN10.z_2_1,1.0
SCEN10.y_1_3_1,0.0
SCEN10.y_2_3_1,0.0
SCEN10.z_3_1,1.0
SCEN10.y_1_1_2,-0.0
SCEN10.y_2_1_2,1.0
SCEN10.z_1_2,0.0
SCEN10.y_1_2_2,1.0
SCEN10.y_2_2_2,0.0
SCEN10.z_2_2,0.0
SCEN10.y_1_3_2,1.0
SCEN10.y_2_3_2,-0.0
SCEN10.z_3_2,0.0
SCEN10.y_1_1_3,1.0
SCEN10.y_2_1_3,-0.0
SCEN10.z_1_3,0.0
SCEN10.y_1_2_3,1.0
SCEN10.y_2_2_3,0.0
SCEN10.z_2_3,0.0
SCEN10.y_1_3_3,0.0
SCEN10.y_2_3_3,1.0
SCEN10.z_3_3,0.0
SCEN11.x_1_1,0.9985949999999999
SCEN11.u_1_1,1.0
SCEN11.x_2_1,1.0
SCEN11.u_2_1,1.0
SCEN11.x_1_2,1.0
SCEN11.u_1_2,1.0
SCEN11.x_2_2,0.49557000000000007
SCEN11.u_2_2,1.0
SCEN11.x_1_3,0.8430249999999999
SCEN11.u_1_3,1.0
SCEN11.x_2_3,0.0
SCEN11.u_2_3,0.0
SCEN11.y_1_1_1,0.0
SCEN11.y_2_1_1,0.0
SCEN11.z_1_1,1.0
SCEN11.y_1_2_1,0.0
SCEN11.y_2_2_1,0.0
SCEN11.z_2_1,1.0
SCEN11.y_1_3_1,0.0
SCEN11.y_2_3_1,0.0
SCEN11.z_3_1,1.0
SCEN11.y_1_1_2,0.0
SCEN11.y_2_1_2,-0.0
SCEN11.z_1_2,1.0
SCEN11.y_1_2_2,0.0
SCEN11.y_2_2_2,1.0
SCEN11.z_2_2,0.0
SCEN11.y_1_3_2,1.0
SCEN11.y_2_3_2,0.0
SCEN11.z_3_2,0.0
SCEN11.y_1_1_3,1.0
SCEN11.y_2_1_3,0.0
SCEN11.z_1_3,0.0
SCEN11.y_1_2_3,1.0
SCEN11.y_2_2_3,0.0
SCEN11.z_2_3,0.0
SCEN11.y_1_3_3,0.0
SCEN11.y_2_3_3,1.0
SCEN11.z_3_3,0.0
SCEN12.x_1_1,0.9985949999999999
SCEN12.u_1_1,1.0
SCEN12.x_2_1,1.0
SCEN12.u_2_1,1.0
SCEN12.x_1_2,1.0
SCEN12.u_1_2,1.0
SCEN12.x_2_2,0.49557000000000007
SCEN12.u_2_2,1.0
SCEN12.x_1_3,0.8430249999999999
SCEN12.u_1_3,1.0
SCEN12.x_2_3,0.0
SCEN12.u_2_3,0.0
SCEN12.y_1_1_1,0.0
SCEN12.y_2_1_1,0.0
SCEN12.z_1_1,1.0
SCEN12.y_1_2_1,0.0
SCEN12.y_2_2_1,0.0
SCEN12.z_2_1,1.0
SCEN12.y_1_3_1,0.0
SCEN12.y_2_3_1,0.0
SCEN12.z_3_1,1.0
SCEN12.y_1_1_2,-0.0
SCEN12.y_2_1_2,1.0
SCEN12.z_1_2,0.0
SCEN12.y_1_2_2,1.0
SCEN12.y_2_2_2,0.0
SCEN12.z_2_2,0.0
SCEN12.y_1_3_2,1.0
SCEN12.y_2_3_2,-0.0
SCEN12.z_3_2,0.0
SCEN12.y_1_1_3,1.0
SCEN12.y_2_1_3,-0.0
SCEN12.z_1_3,0.0
SCEN12.y_1_2_3,1.0
SCEN12.y_2_2_3,0.0
SCEN12.z_2_3,0.0
SCEN12.y_1_3_3,0.0
SCEN12.y_2_3_3,1.0
SCEN12.z_3_3,0.0
SCEN13.x_1_1,0.9985949999999999
SCEN13.u_1_1,1.0
SCEN13.x_2_1,1.0
SCEN13.u_2_1,1.0
SCEN13.x_1_2,1.0
SCEN13.u_1_2,1.0
SCEN13.x_2_2,0.49557000000000007
SCEN13.u_2_2,1.0
SCEN13.x_1_3,0.8430249999999999
SCEN13.u_1_3,1.0
SCEN13.x_2_3,0.0
SCEN13.u_2_3,0.0
SCEN13.y_1_1_1,0.0
SCEN13.y_2_1_1,0.0
SCEN13.z_1_1,1.0
SCEN13.y_1_2_1,0.0
SCEN13.y_2_2_1,0.0
SCEN13.z_2_1,1.0
SCEN13.y_1_3_1,-0.0
SCEN13.y_2_3_1,1.0
SCEN13.z_3_1,0.0
SCEN13.y_1_1_2,-0.0
SCEN13.y_2_1_2,0.0
SCEN13.z_1_2,1.0
SCEN13.y_1_2_2,0.0
SCEN13.y_2_2_2,1.0
SCEN13.z_2_2,0.0
SCEN13.y_1_3_2,1.0
SCEN13.y_2_3_2,-0.0
SCEN13.z_3_2,0.0
SCEN13.y_1_1_3,1.0
SCEN13.y_2_1_3,-0.0
SCEN13.z_1_3,0.0
SCEN13.y_1_2_3,1.0
SCEN13.y_2_2_3,0.0
SCEN13.z_2_3,0.0
SCEN13.y_1_3_3,-0.0
SCEN13.y_2_3_3,1.0
SCEN13.z_3_3,0.0
SCEN14.x_1_1,0.9985949999999999
SCEN14.u_1_1,1.0
SCEN14.x_2_1,1.0
SCEN14.u_2_1,1.0
SCEN14.x_1_2,1.0
SCEN14.u_1_2,1.0
SCEN14.x_2_2,0.49557000000000007
SCEN14.u_2_2,1.0
SCEN14.x_1_3,0.8430249999999999
SCEN14.u_1_3,1.0
SCEN14.x_2_3,0.0
SCEN14.u_2_3,0.0
SCEN14.y_1_1_1,0.0
SCEN14.y_2_1_1,0.0
SCEN14.z_1_1,1.0
SCEN14.y_1_2_1,-0.0
SCEN14.y_2_2_1,1.0
SCEN14.z_2_1,0.0
SCEN14.y_1_3_1,1.0
SCEN14.y_2_3_1,0.0
SCEN14.z_3_1,0.0
SCEN14.y_1_1_2,-0.0
SCEN14.y_2_1_2,1.0
SCEN14.z_1_2,0.0
SCEN14.y_1_2_2,1.0
SCEN14.y_2_2_2,0.0
SCEN14.z_2_2,0.0
SCEN14.y_1_3_2,1.0
SCEN14.y_2_3_2,-0.0
SCEN14.z_3_2,0.0
SCEN14.y_1_1_3,-0.0
SCEN14.y_2_1_3,1.0
SCEN14.z_1_3,0.0
SCEN14.y_1_2_3,1.0
SCEN14.y_2_2_3,0.0
SCEN14.z_2_3,0.0
SCEN14.y_1_3_3,1.0
SCEN14.y_2_3_3,0.0
SCEN14.z_3_3,0.0
SCEN15.x_1_1,0.9985949999999999
SCEN15.u_1_1,1.0
SCEN15.x_2_1,1.0
SCEN15.u_2_1,1.0
SCEN15.x_1_2,1.0
SCEN15.u_1_2,1.0
SCEN15.x_2_2,0.49557000000000007
SCEN15.u_2_2,1.0
SCEN15.x_1_3,0.8430249999999999
SCEN15.u_1_3,1.0
SCEN15.x_2_3,0.0
SCEN15.u_2_3,0.0
SCEN15.y_1_1_1,0.0
SCEN15.y_2_1_1,0.0
SCEN15.z_1_1,1.0
SCEN15.y_1_2_1,0.0
SCEN15.y_2_2_1,0.0
SCEN15.z_2_1,1.0
SCEN15.y_1_3_1,-0.0
SCEN15.y_2_3_1,1.0
SCEN15.z_3_1,0.0
SCEN15.y_1_1_2,0.0
SCEN15.y_2_1_2,-0.0
SCEN15.z_1_2,1.0
SCEN15.y_1_2_2,0.0
SCEN15.y_2_2_2,1.0
SCEN15.z_2_2,0.0
SCEN15.y_1_3_2,1.0
SCEN15.y_2_3_2,0.0
SCEN15.z_3_2,0.0
SCEN15.y_1_1_3,1.0
SCEN15.y_2_1_3,-0.0
SCEN15.z_1_3,0.0
SCEN15.y_1_2_3,1.0
SCEN15.y_2_2_3,0.0
SCEN15.z_2_3,0.0
SCEN15.y_1_3_3,-0.0
SCEN15.y_2_3_3,1.0
SCEN15.z_3_3,0.0
SCEN16.x_1_1,0.9985949999999999
SCEN16.u_1_1,1.0
SCEN16.x_2_1,1.0
SCEN16.u_2_1,1.0
SCEN16.x_1_2,1.0
SCEN16.u_1_2,1.0
SCEN16.x_2_2,0.49557000000000007
SCEN16.u_2_2,1.0
SCEN16.x_1_3,0.8430249999999999
SCEN16.u_1_3,1.0
SCEN16.x_2_3,0.0
SCEN16.u_2_3,0.0
SCEN16.y_1_1_1,1.0
SCEN16.y_2_1_1,0.0
SCEN16.z_1_1,0.0
SCEN16.y_1_2_1,-0.0
SCEN16.y_2_2_1,1.0
SCEN16.z_2_1,0.0
SCEN16.y_1_3_1,0.0
SCEN16.y_2_3_1,0.0
SCEN16.z_3_1,1.0
SCEN16.y_1_1_2,-0.0
SCEN16.y_2_1_2,1.0
SCEN16.z_1_2,0.0
SCEN16.y_1_2_2,-0.0
SCEN16.y_2_2_2,1.0
SCEN16.z_2_2,0.0
SCEN16.y_1_3_2,1.0
SCEN16.y_2_3_2,-0.0
SCEN16.z_3_2,0.0
SCEN16.y_1_1_3,1.0
SCEN16.y_2_1_3,-0.0
SCEN16.z_1_3,0.0
SCEN16.y_1_2_3,1.0
SCEN16.y_2_2_3,0.0
SCEN16.z_2_3,0.0
SCEN16.y_1_3_3,0.0
SCEN16.y_2_3_3,1.0
SCEN16.z_3_3,0.0
SCEN17.x_1_1,0.9985949999999999
SCEN17.u_1_1,1.0
SCEN17.x_2_1,1.0
SCEN17.u_2_1,1.0
SCEN17.x_1_2,1.0
SCEN17.u_1_2,1.0
SCEN17.x_2_2,0.49557000000000007
SCEN17.u_2_2,1.0
SCEN17.x_1_3,0.8430249999999999
SCEN17.u_1_3,1.0
SCEN17.x_2_3,0.0
SCEN17.u_2_3,0.0
SCEN17.y_1_1_1,0.0
SCEN17.y_2_1_1,0.0
SCEN17.z_1_1,1.0
SCEN17.y_1_2_1,0.0
SCEN17.y_2_2_1,0.0
SCEN17.z_2_1,1.0
SCEN17.y_1_3_1,0.0
SCEN17.y_2_3_1,0.0
SCEN17.z_3_1,1.0
SCEN17.y_1_1_2,-0.0
SCEN17.y_2_1_2,1.0
SCEN17.z_1_2,0.0
SCEN17.y_1_2_2,1.0
SCEN17.y_2_2_2,0.0
SCEN17.z_2_2,0.0
SCEN17.y_1_3_2,1.0
SCEN17.y_2_3_2,-0.0
SCEN17.z_3_2,0.0
SCEN17.y_1_1_3,1.0
SCEN17.y_2_1_3,-0.0
SCEN17.z_1_3,0.0
SCEN17.y_1_2_3,1.0
SCEN17.y_2_2_3,0.0
SCEN17.z_2_3,0.0
SCEN17.y_1_3_3,-0.0
SCEN17.y_2_3_3,1.0
SCEN17.z_3_3,0.0
SCEN18.x_1_1,0.9985949999999999
SCEN18.u_1_1,1.0
SCEN18.x_2_1,1.0
SCEN18.u_2_1,1.0
SCEN18.x_1_2,1.0
SCEN18.u_1_2,1.0
SCEN18.x_2_2,0.49557000000000007
SCEN18.u_2_2,1.0
SCEN18.x_1_3,0.8430249999999999
SCEN18.u_1_3,1.0
SCEN18.x_2_3,0.0
SCEN18.u_2_3,0.0
SCEN18.y_1_1_1,0.0
SCEN18.y_2_1_1,0.0
SCEN18.z_1_1,1.0
SCEN18.y_1_2_1,0.0
SCEN18.y_2_2_1,0.0
SCEN18.z_2_1,1.0
SCEN18.y_1_3_1,0.0
SCEN18.y_2_3_1,0.0
SCEN18.z_3_1,1.0
SCEN18.y_1_1_2,0.0
SCEN18.y_2_1_2,-0.0
SCEN18.z_1_2,1.0
SCEN18.y_1_2_2,-0.0
SCEN18.y_2_2_2,1.0
SCEN18.z_2_2,0.0
SCEN18.y_1_3_2,1.0
SCEN18.y_2_3_2,0.0
SCEN18.z_3_2,0.0
SCEN18.y_1_1_3,1.0
SCEN18.y_2_1_3,-0.0
SCEN18.z_1_3,0.0
SCEN18.y_1_2_3,1.0
SCEN18.y_2_2_3,0.0
SCEN18.z_2_3,0.0
SCEN18.y_1_3_3,0.0
SCEN18.y_2_3_3,1.0
SCEN18.z_3_3,0.0
SCEN19.x_1_1,0.9985949999999999
SCEN19.u_1_1,1.0
SCEN19.x_2_1,1.0
SCEN19.u_2_1,1.0
SCEN19.x_1_2,1.0
SCEN19.u_1_2,1.0
SCEN19.x_2_2,0.49557000000000007
SCEN19.u_2_2,1.0
SCEN19.x_1_3,0.8430249999999999
SCEN19.u_1_3,1.0
SCEN19.x_2_3,0.0
SCEN19.u_2_3,0.0
SCEN19.y_1_1_1,1.0
SCEN19.y_2_1_1,0.0
SCEN19.z_1_1,0.0
SCEN19.y_1_2_1,0.0
SCEN19.y_2_2_1,0.0
SCEN19.z_2_1,1.0
SCEN19.y_1_3_1,0.0
SCEN19.y_2_3_1,1.0
SCEN19.z_3_1,0.0
SCEN19.y_1_1_2,-0.0
SCEN19.y_2_1_2,1.0
SCEN19.z_1_2,0.0
SCEN19.y_1_2_2,1.0
SCEN19.y_2_2_2,0.0
SCEN19.z_2_2,0.0
SCEN19.y_1_3_2,1.0
SCEN19.y_2_3_2,0.0
SCEN19.z_3_2,0.0
SCEN19.y_1_1_3,1.0
SCEN19.y_2_1_3,-0.0
SCEN19.z_1_3,0.0
SCEN19.y_1_2_3,1.0
SCEN19.y_2_2_3,0.0
SCEN19.z_2_3,0.0
SCEN19.y_1_3_3,0.0
SCEN19.y_2_3_3,1.0
SCEN19.z_3_3,0.0
SCEN20.x_1_1,0.9985949999999999
SCEN20.u_1_1,1.0
SCEN20.x_2_1,1.0
SCEN20.u_2_1,1.0
SCEN20.x_1_2,1.0
SCEN20.u_1_2,1.0
SCEN20.x_2_2,0.49557000000000007
SCEN20.u_2_2,1.0
SCEN20.x_1_3,0.8430249999999999
SCEN20.u_1_3,1.0
SCEN20.x_2_3,0.0
SCEN20.u_2_3,0.0
SCEN20.y_1_1_1,1.0
SCEN20.y_2_1_1,0.0
SCEN20.z_1_1,0.0
SCEN20.y_1_2_1,-0.0
SCEN20.y_2_2_1,1.0
SCEN20.z_2_1,0.0
SCEN20.y_1_3_1,0.0
SCEN20.y_2_3_1,0.0
SCEN20.z_3_1,1.0
SCEN20.y_1_1_2,1.0
SCEN20.y_2_1_2,0.0
SCEN20.z_1_2,0.0
SCEN20.y_1_2_2,0.0
SCEN20.y_2_2_2,1.0
SCEN20.z_2_2,0.0
SCEN20.y_1_3_2,1.0
SCEN20.y_2_3_2,0.0
SCEN20.z_3_2,0.0
SCEN20.y_1_1_3,1.0
SCEN20.y_2_1_3,-0.0
SCEN20.z_1_3,0.0
SCEN20.y_1_2_3,1.0
SCEN20.y_2_2_3,0.0
SCEN20.z_2_3,0.0
SCEN20.y_1_3_3,-0.0
SCEN20.y_2_3_3,1.0
SCEN20.z_3_3,0.0
SCEN21.x_1_1,0.9985949999999999
SCEN21.u_1_1,1.0
SCEN21.x_2_1,1.0
SCEN21.u_2_1,1.0
SCEN21.x_1_2,1.0
SCEN21.u_1_2,1.0
SCEN21.x_2_2,0.49557000000000007
SCEN21.u_2_2,1.0
SCEN21.x_1_3,0.8430249999999999
SCEN21.u_1_3,1.0
SCEN21.x_2_3,0.0
SCEN21.u_2_3,0.0
SCEN21.y_1_1_1,0.0
SCEN21.y_2_1_1,0.0
SCEN21.z_1_1,1.0
SCEN21.y_1_2_1,-0.0
SCEN21.y_2_2_1,1.0
SCEN21.z_2_1,0.0
SCEN21.y_1_3_1,0.0
SCEN21.y_2_3_1,0.0
SCEN21.z_3_1,1.0
SCEN21.y_1_1_2,1.0
SCEN21.y_2_1_2,-0.0
SCEN21.z_1_2,0.0
SCEN21.y_1_2_2,1.0
SCEN21.y_2_2_2,-0.0
SCEN21.z_2_2,0.0
SCEN21.y_1_3_2,0.0
SCEN21.y_2_3_2,1.0
SCEN21.z_3_2,0.0
SCEN21.y_1_1_3,1.0
SCEN21.y_2_1_3,-0.0
SCEN21.z_1_3,0.0
SCEN21.y_1_2_3,1.0
SCEN21.y_2_2_3,0.0
SCEN21.z_2_3,0.0
SCEN21.y_1_3_3,0.0
SCEN21.y_2_3_3,1.0
SCEN21.z_3_3,0.0
SCEN22.x_1_1,0.9985949999999999
SCEN22.u_1_1,1.0
SCEN22.x_2_1,1.0
SCEN22.u_2_1,1.0
SCEN22.x_1_2,1.0
SCEN22.u_1_2,1.0
SCEN22.x_2_2,0.49557000000000007
SCEN22.u_2_2,1.0
SCEN22.x_1_3,0.8430249999999999
SCEN22.u_1_3,1.0
SCEN22.x_2_3,0.0
SCEN22.u_2_3,0.0
SCEN22.y_1_1_1,-0.0
SCEN22.y_2_1_1,1.0
SCEN22.z_1_1,0.0
SCEN22.y_1_2_1,0.0
SCEN22.y_2_2_1,0.0
SCEN22.z_2_1,1.0
SCEN22.y_1_3_1,0.0
SCEN22.y_2_3_1,0.0
SCEN22.z_3_1,1.0
SCEN22.y_1_1_2,1.0
SCEN22.y_2_1_2,0.0
SCEN22.z_1_2,0.0
SCEN22.y_1_2_2,0.0
SCEN22.y_2_2_2,1.0
SCEN22.z_2_2,0.0
SCEN22.y_1_3_2,1.0
SCEN22.y_2_3_2,0.0
SCEN22.z_3_2,0.0
SCEN22.y_1_1_3,1.0
SCEN22.y_2_1_3,-0.0
SCEN22.z_1_3,0.0
SCEN22.y_1_2_3,1.0
SCEN22.y_2_2_3,0.0
SCEN22.z_2_3,0.0
SCEN22.y_1_3_3,0.0
SCEN22.y_2_3_3,1.0
SCEN22.z_3_3,0.0
SCEN23.x_1_1,0.9985949999999999
SCEN23.u_1_1,1.0
SCEN23.x_2_1,1.0
SCEN23.u_2_1,1.0
SCEN23.x_1_2,1.0
SCEN23.u_1_2,1.0
SCEN23.x_2_2,0.49557000000000007
SCEN23.u_2_2,1.0
SCEN23.x_1_3,0.8430249999999999
SCEN23.u_1_3,1.0
SCEN23.x_2_3,0.0
SCEN23.u_2_3,0.0
SCEN23.y_1_1_1,0.0
SCEN23.y_2_1_1,0.0
SCEN23.z_1_1,1.0
SCEN23.y_1_2_1,0.0
SCEN23.y_2_2_1,0.0
SCEN23.z_2_1,1.0
SCEN23.y_1_3_1,-0.0
SCEN23.y_2_3_1,1.0
SCEN23.z_3_1,0.0
SCEN23.y_1_1_2,1.0
SCEN23.y_2_1_2,0.0
SCEN23.z_1_2,0.0
SCEN23.y_1_2_2,0.0
SCEN23.y_2_2_2,1.0
SCEN23.z_2_2,0.0
SCEN23.y_1_3_2,1.0
SCEN23.y_2_3_2,0.0
SCEN23.z_3_2,0.0
SCEN23.y_1_1_3,1.0
SCEN23.y_2_1_3,-0.0
SCEN23.z_1_3,0.0
SCEN23.y_1_2_3,1.0
SCEN23.y_2_2_3,0.0
SCEN23.z_2_3,0.0
SCEN23.y_1_3_3,-0.0
SCEN23.y_2_3_3,1.0
SCEN23.z_3_3,0.0
SCEN24.x_1_1,0.9985949999999999
SCEN24.u_1_1,1.0
SCEN24.x_2_1,1.0
SCEN24.u_2_1,1.0
SCEN24.x_1_2,1.0
SCEN24.u_1_2,1.0
SCEN24.x_2_2,0.49557000000000007
SCEN24.u_2_2,1.0
SCEN24.x_1_3,0.8430249999999999
SCEN24.u_1_3,1.0
SCEN24.x_2_3,0.0
SCEN24.u_2_3,0.0
SCEN24.y_1_1_1,0.0
SCEN24.y_2_1_1,0.0
SCEN24.z_1_1,1.0
SCEN24.y_1_2_1,-0.0
SCEN24.y_2_2_1,1.0
SCEN24.z_2_1,0.0
SCEN24.y_1_3_1,0.0
SCEN24.y_2_3_1,0.0
SCEN24.z_3_1,1.0
SCEN24.y_1_1_2,-0.0
SCEN24.y_2_1_2,1.0
SCEN24.z_1_2,0.0
SCEN24.y_1_2_2,-0.0
SCEN24.y_2_2_2,1.0
SCEN24.z_2_2,0.0
SCEN24.y_1_3_2,1.0
SCEN24.y_2_3_2,-0.0
SCEN24.z_3_2,0.0
SCEN24.y_1_1_3,1.0
SCEN24.y_2_1_3,-0.0
SCEN24.z_1_3,0.0
SCEN24.y_1_2_3,1.0
SCEN24.y_2_2_3,0.0
SCEN24.z_2_3,0.0
SCEN24.y_1_3_3,0.0
SCEN24.y_2_3_3,1.0
SCEN24.z_3_3,0.0
SCEN25.x_1_1,0.9985949999999999
SCEN25.u_1_1,1.0
SCEN25.x_2_1,1.0
SCEN25.u_2_1,1.0
SCEN25.x_1_2,1.0
SCEN25.u_1_2,1.0
SCEN25.x_2_2,0.49557000000000007
SCEN25.u_2_2,1.0
SCEN25.x_1_3,0.8430249999999999
SCEN25.u_1_3,1.0
SCEN25.x_2_3,0.0
SCEN25.u_2_3,0.0
SCEN25.y_1_1_1,1.0
SCEN25.y_2_1_1,0.0
SCEN25.z_1_1,0.0
SCEN25.y_1_2_1,-0.0
SCEN25.y_2_2_1,1.0
SCEN25.z_2_1,0.0
SCEN25.y_1_3_1,0.0
SCEN25.y_2_3_1,0.0
SCEN25.z_3_1,1.0
SCEN25.y_1_1_2,-0.0
SCEN25.y_2_1_2,1.0
SCEN25.z_1_2,0.0
SCEN25.y_1_2_2,1.0
SCEN25.y_2_2_2,0.0
SCEN25.z_2_2,0.0
SCEN25.y_1_3_2,1.0
SCEN25.y_2_3_2,-0.0
SCEN25.z_3_2,0.0
SCEN25.y_1_1_3,1.0
SCEN25.y_2_1_3,-0.0
SCEN25.z_1_3,0.0
SCEN25.y_1_2_3,-0.0
SCEN25.y_2_2_3,1.0
SCEN25.z_2_3,0.0
SCEN25.y_1_3_3,-0.0
SCEN25.y_2_3_3,1.0
SCEN25.z_3_3,0.0
SCEN26.x_1_1,0.9985949999999999
SCEN26.u_1_1,1.0
SCEN26.x_2_1,1.0
SCEN26.u_2_1,1.0
SCEN26.x_1_2,1.0
SCEN26.u_1_2,1.0
SCEN26.x_2_2,0.49557000000000007
SCEN26.u_2_2,1.0
SCEN26.x_1_3,0.8430249999999999
SCEN26.u_1_3,1.0
SCEN26.x_2_3,0.0
SCEN26.u_2_3,0.0
SCEN26.y_1_1_1,0.0
SCEN26.y_2_1_1,0.0
SCEN26.z_1_1,1.0
SCEN26.y_1_2_1,0.0
SCEN26.y_2_2_1,0.0
SCEN26.z_2_1,1.0
SCEN26.y_1_3_1,0.0
SCEN26.y_2_3_1,0.0
SCEN26.z_3_1,1.0
SCEN26.y_1_1_2,-0.0
SCEN26.y_2_1_2,1.0
SCEN26.z_1_2,0.0
SCEN26.y_1_2_2,1.0
SCEN26.y_2_2_2,-0.0
SCEN26.z_2_2,0.0
SCEN26.y_1_3_2,1.0
SCEN26.y_2_3_2,-0.0
SCEN26.z_3_2,0.0
SCEN26.y_1_1_3,1.0
SCEN26.y_2_1_3,0.0
SCEN26.z_1_3,0.0
SCEN26.y_1_2_3,1.0
SCEN26.y_2_2_3,0.0
SCEN26.z_2_3,0.0
SCEN26.y_1_3_3,0.0
SCEN26.y_2_3_3,1.0
SCEN26.z_3_3,0.0
SCEN27.x_1_1,0.9985949999999999
SCEN27.u_1_1,1.0
SCEN27.x_2_1,1.0
SCEN27.u_2_1,1.0
SCEN27.x_1_2,1.0
SCEN27.u_1_2,1.0
SCEN27.x_2_2,0.49557000000000007
SCEN27.u_2_2,1.0
SCEN27.x_1_3,0.8430249999999999
SCEN27.u_1_3,1.0
SCEN27.x_2_3,0.0
SCEN27.u_2_3,0.0
SCEN27.y_1_1_1,-0.0
SCEN27.y_2_1_1,1.0
SCEN27.z_1_1,0.0
SCEN27.y_1_2_1,0.0
SCEN27.y_2_2_1,0.0
SCEN27.z_2_1,1.0
SCEN27.y_1_3_1,0.0
SCEN27.y_2_3_1,0.0
SCEN27.z_3_1,1.0
SCEN27.y_1_1_2,1.0
SCEN27.y_2_1_2,0.0
SCEN27.z_1_2,0.0
SCEN27.y_1_2_2,0.0
SCEN27.y_2_2_2,1.0
SCEN27.z_2_2,0.0
SCEN27.y_1_3_2,1.0
SCEN27.y_2_3_2,-0.0
SCEN27.z_3_2,0.0
SCEN27.y_1_1_3,1.0
SCEN27.y_2_1_3,-0.0
SCEN27.z_1_3,0.0
SCEN27.y_1_2_3,1.0
SCEN27.y_2_2_3,0.0
SCEN27.z_2_3,0.0
SCEN27.y_1_3_3,-0.0
SCEN27.y_2_3_3,1.0
SCEN27.z_3_3,0.0
SCEN28.x_1_1,0.9985949999999999
SCEN28.u_1_1,1.0
SCEN28.x_2_1,1.0
SCEN28.u_2_1,1.0
SCEN28.x_1_2,1.0
SCEN28.u_1_2,1.0
SCEN28.x_2_2,0.49557000000000007
SCEN28.u_2_2,1.0
SCEN28.x_1_3,0.8430249999999999
SCEN28.u_1_3,1.0
SCEN28.x_2_3,0.0
SCEN28.u_2_3,0.0
SCEN28.y_1_1_1,1.0
SCEN28.y_2_1_1,0.0
SCEN28.z_1_1,0.0
SCEN28.y_1_2_1,0.0
SCEN28.y_2_2_1,0.0
SCEN28.z_2_1,1.0
SCEN28.y_1_3_1,0.0
SCEN28.y_2_3_1,1.0
SCEN28.z_3_1,0.0
SCEN28.y_1_1_2,0.0
SCEN28.y_2_1_2,1.0
SCEN28.z_1_2,0.0
SCEN28.y_1_2_2,1.0
SCEN28.y_2_2_2,0.0
SCEN28.z_2_2,0.0
SCEN28.y_1_3_2,1.0
SCEN28.y_2_3_2,-0.0
SCEN28.z_3_2,0.0
SCEN28.y_1_1_3,1.0
SCEN28.y_2_1_3,-0.0
SCEN28.z_1_3,0.0
SCEN28.y_1_2_3,1.0
SCEN28.y_2_2_3,0.0
SCEN28.z_2_3,0.0
SCEN28.y_1_3_3,-0.0
SCEN28.y_2_3_3,1.0
SCEN28.z_3_3,0.0
SCEN29.x_1_1,0.9985949999999999
SCEN29.u_1_1,1.0
SCEN29.x_2_1,1.0
SCEN29.u_2_1,1.0
SCEN29.x_1_2,1.0
SCEN29.u_1_2,1.0
SCEN29.x_2_2,0.49557000000000007
SCEN29.u_2_2,1.0
SCEN29.x_1_3,0.8430249999999999
SCEN29.u_1_3,1.0
SCEN29.x_2_3,0.0
SCEN29.u_2_3,0.0
SCEN29.y_1_1_1,0.0
SCEN29.y_2_1_1,0.0
SCEN29.z_1_1,1.0
SCEN29.y_1_2_1,-0.0
SCEN29.y_2_2_1,1.0
SCEN29.z_2_1,0.0
SCEN29.y_1_3_1,1.0
SCEN29.y_2_3_1,0.0
SCEN29.z_3_1,0.0
SCEN29.y_1_1_2,0.0
SCEN29.y_2_1_2,1.0
SCEN29.z_1_2,0.0
SCEN29.y_1_2_2,1.0
SCEN29.y_2_2_2,0.0
SCEN29.z_2_2,0.0
SCEN29.y_1_3_2,1.0
SCEN29.y_2_3_2,-0.0
SCEN29.z_3_2,0.0
SCEN29.y_1_1_3,1.0
SCEN29.y_2_1_3,-0.0
SCEN29.z_1_3,0.0
SCEN29.y_1_2_3,1.0
SCEN29.y_2_2_3,0.0
SCEN29.z_2_3,0.0
SCEN29.y_1_3_3,-0.0
SCEN29.y_2_3_3,1.0
SCEN29.z_3_3,0.0
SCEN30.x_1_1,0.9985949999999999
SCEN30.u_1_1,1.0
SCEN30.x_2_1,1.0
SCEN30.u_2_1,1.0
SCEN30.x_1_2,1.0
SCEN30.u_1_2,1.0
SCEN30.x_2_2,0.49557000000000007
SCEN30.u_2_2,1.0
SCEN30.x_1_3,0.8430249999999999
SCEN30.u_1_3,1.0
SCEN30.x_2_3,0.0
SCEN30.u_2_3,0.0
SCEN30.y_1_1_1,0.0
SCEN30.y_2_1_1,0.0
SCEN30.z_1_1,1.0
SCEN30.y_1_2_1,0.0
SCEN30.y_2_2_1,0.0
SCEN30.z_2_1,1.0
SCEN30.y_1_3_1,0.0
SCEN30.y_2_3_1,0.0
SCEN30.z_3_1,1.0
SCEN30.y_1_1_2,0.0
SCEN30.y_2_1_2,1.0
SCEN30.z_1_2,0.0
SCEN30.y_1_2_2,1.0
SCEN30.y_2_2_2,0.0
SCEN30.z_2_2,0.0
SCEN30.y_1_3_2,1.0
SCEN30.y_2_3_2,-0.0
SCEN30.z_3_2,0.0
SCEN30.y_1_1_3,1.0
SCEN30.y_2_1_3,-0.0
SCEN30.z_1_3,0.0
SCEN30.y_1_2_3,1.0
SCEN30.y_2_2_3,0.0
SCEN30.z_2_3,0.0
SCEN30.y_1_3_3,-0.0
SCEN30.y_2_3_3,1.0
SCEN30.z_3_3,0.0
SCEN31.x_1_1,0.9985949999999999
SCEN31.u_1_1,1.0
SCEN31.x_2_1,1.0
SCEN31.u_2_1,1.0
SCEN31.x_1_2,1.0
SCEN31.u_1_2,1.0
SCEN31.x_2_2,0.49557000000000007
SCEN31.u_2_2,1.0
SCEN31.x_1_3,0.8430249999999999
SCEN31.u_1_3,1.0
SCEN31.x_2_3,0.0
SCEN31.u_2_3,0.0
SCEN31.y_1_1_1,1.0
SCEN31.y_2_1_1,0.0
SCEN31.z_1_1,0.0
SCEN31.y_1_2_1,0.0
SCEN31.y_2_2_1,0.0
SCEN31.z_2_1,1.0
SCEN31.y_1_3_1,-0.0
SCEN31.y_2_3_1,1.0
SCEN31.z_3_1,0.0
SCEN31.y_1_1_2,-0.0
SCEN31.y_2_1_2,0.0
SCEN31.z_1_2,1.0
SCEN31.y_1_2_2,0.0
SCEN31.y_2_2_2,1.0
SCEN31.z_2_2,0.0
SCEN31.y_1_3_2,1.0
SCEN31.y_2_3_2,-0.0
SCEN31.z_3_2,0.0
SCEN31.y_1_1_3,1.0
SCEN31.y_2_1_3,-0.0
SCEN31.z_1_3,0.0
SCEN31.y_1_2_3,1.0
SCEN31.y_2_2_3,0.0
SCEN31.z_2_3,0.0
SCEN31.y_1_3_3,-0.0
SCEN31.y_2_3_3,1.0
SCEN31.z_3_3,0.0
SCEN32.x_1_1,0.9985949999999999
SCEN32.u_1_1,1.0
SCEN32.x_2_1,1.0
SCEN32.u_2_1,1.0
SCEN32.x_1_2,1.0
SCEN32.u_1_2,1.0
SCEN32.x_2_2,0.49557000000000007
SCEN32.u_2_2,1.0
SCEN32.x_1_3,0.8430249999999999
SCEN32.u_1_3,1.0
SCEN32.x_2_3,0.0
SCEN32.u_2_3,0.0
SCEN32.y_1_1_1,0.0
SCEN32.y_2_1_1,0.0
SCEN32.z_1_1,1.0
SCEN32.y_1_2_1,0.0
SCEN32.y_2_2_1,0.0
SCEN32.z_2_1,1.0
SCEN32.y_1_3_1,0.0
SCEN32.y_2_3_1,0.0
SCEN32.z_3_1,1.0
SCEN32.y_1_1_2,1.0
SCEN32.y_2_1_2,-0.0
SCEN32.z_1_2,0.0
SCEN32.y_1_2_2,0.0
SCEN32.y_2_2_2,1.0
SCEN32.z_2_2,0.0
SCEN32.y_1_3_2,1.0
SCEN32.y_2_3_2,0.0
SCEN32.z_3_2,0.0
SCEN32.y_1_1_3,1.0
SCEN32.y_2_1_3,-0.0
SCEN32.z_1_3,0.0
SCEN32.y_1_2_3,1.0
SCEN32.y_2_2_3,0.0
SCEN32.z_2_3,0.0
SCEN32.y_1_3_3,-0.0
SCEN32.y_2_3_3,1.0
SCEN32.z_3_3,0.0
SCEN33.x_1_1,0.9985949999999999
SCEN33.u_1_1,1.0
SCEN33.x_2_1,1.0
SCEN33.u_2_1,1.0
SCEN33.x_1_2,1.0
SCEN33.u_1_2,1.0
SCEN33.x_2_2,0.49557000000000007
SCEN33.u_2_2,1.0
SCEN33.x_1_3,0.8430249999999999
SCEN33.u_1_3,1.0
SCEN33.x_2_3,0.0
SCEN33.u_2_3,0.0
SCEN33.y_1_1_1,-0.0
SCEN33.y_2_1_1,1.0
SCEN33.z_1_1,0.0
SCEN33.y_1_2_1,0.0
SCEN33.y_2_2_1,0.0
SCEN33.z_2_1,1.0
SCEN33.y_1_3_1,0.0
SCEN33.y_2_3_1,0.0
SCEN33.z_3_1,1.0
SCEN33.y_1_1_2,1.0
SCEN33.y_2_1_2,0.0
SCEN33.z_1_2,0.0
SCEN33.y_1_2_2,1.0
SCEN33.y_2_2_2,-0.0
SCEN33.z_2_2,0.0
SCEN33.y_1_3_2,0.0
SCEN33.y_2_3_2,1.0
SCEN33.z_3_2,0.0
SCEN33.y_1_1_3,1.0
SCEN33.y_2_1_3,-0.0
SCEN33.z_1_3,0.0
SCEN33.y_1_2_3,1.0
SCEN33.y_2_2_3,0.0
SCEN33.z_2_3,0.0
SCEN33.y_1_3_3,-0.0
SCEN33.y_2_3_3,1.0
SCEN33.z_3_3,0.0
SCEN34.x_1_1,0.9985949999999999
SCEN34.u_1_1,1.0
SCEN34.x_2_1,1.0
SCEN34.u_2_1,1.0
SCEN34.x_1_2,1.0
SCEN34.u_1_2,1.0
SCEN34.x_2_2,0.49557000000000007
SCEN34.u_2_2,1.0
SCEN34.x_1_3,0.8430249999999999
SCEN34.u_1_3,1.0
SCEN34.x_2_3,0.0
SCEN34.u_2_3,0.0
SCEN34.y_1_1_1,1.0
SCEN34.y_2_1_1,-0.0
SCEN34.z_1_1,0.0
SCEN34.y_1_2_1,-0.0
SCEN34.y_2_2_1,0.0
SCEN34.z_2_1,1.0
SCEN34.y_1_3_1,0.0
SCEN34.y_2_3_1,1.0
SCEN34.z_3_1,0.0
SCEN34.y_1_1_2,-0.0
SCEN34.y_2_1_2,1.0
SCEN34.z_1_2,0.0
SCEN34.y_1_2_2,1.0
SCEN34.y_2_2_2,0.0
SCEN34.z_2_2,0.0
SCEN34.y_1_3_2,1.0
SCEN34.y_2_3_2,-0.0
SCEN34.z_3_2,0.0
SCEN34.y_1_1_3,1.0
SCEN34.y_2_1_3,-0.0
SCEN34.z_1_3,0.0
SCEN34.y_1_2_3,1.0
SCEN34.y_2_2_3,0.0
SCEN34.z_2_3,0.0
SCEN34.y_1_3_3,0.0
SCEN34.y_2_3_3,1.0
SCEN34.z_3_3,0.0
SCEN35.x_1_1,0.9985949999999999
SCEN35.u_1_1,1.0
SCEN35.x_2_1,1.0
SCEN35.u_2_1,1.0
SCEN35.x_1_2,1.0
SCEN35.u_1_2,1.0
SCEN35.x_2_2,0.49557000000000007
SCEN35.u_2_2,1.0
SCEN35.x_1_3,0.8430249999999999
SCEN35.u_1_3,1.0
SCEN35.x_2_3,0.0
SCEN35.u_2_3,0.0
SCEN35.y_1_1_1,1.0
SCEN35.y_2_1_1,0.0
SCEN35.z_1_1,0.0
SCEN35.y_1_2_1,0.0
SCEN35.y_2_2_1,0.0
SCEN35.z_2_1,1.0
SCEN35.y_1_3_1,0.0
SCEN35.y_2_3_1,1.0
SCEN35.z_3_1,0.0
SCEN35.y_1_1_2,-0.0
SCEN35.y_2_1_2,1.0
SCEN35.z_1_2,0.0
SCEN35.y_1_2_2,1.0
SCEN35.y_2_2_2,0.0
SCEN35.z_2_2,0.0
SCEN35.y_1_3_2,1.0
SCEN35.y_2_3_2,-0.0
SCEN35.z_3_2,0.0
SCEN35.y_1_1_3,1.0
SCEN35.y_2_1_3,-0.0
SCEN35.z_1_3,0.0
SCEN35.y_1_2_3,-0.0
SCEN35.y_2_2_3,1.0
SCEN35.z_2_3,0.0
SCEN35.y_1_3_3,-0.0
SCEN35.y_2_3_3,1.0
SCEN35.z_3_3,0.0
SCEN36.x_1_1,0.9985949999999999
SCEN36.u_1_1,1.0
SCEN36.x_2_1,1.0
SCEN36.u_2_1,1.0
SCEN36.x_1_2,1.0
SCEN36.u_1_2,1.0
SCEN36.x_2_2,0.49557000000000007
SCEN36.u_2_2,1.0
SCEN36.x_1_3,0.8430249999999999
SCEN36.u_1_3,1.0
SCEN36.x_2_3,0.0
SCEN36.u_2_3,0.0
SCEN36.y_1_1_1,0.0
SCEN36.y_2_1_1,0.0
SCEN36.z_1_1,1.0
SCEN36.y_1_2_1,-0.0
SCEN36.y_2_2_1,1.0
SCEN36.z_2_1,0.0
SCEN36.y_1_3_1,0.0
SCEN36.y_2_3_1,0.0
SCEN36.z_3_1,1.0
SCEN36.y_1_1_2,-0.0
SCEN36.y_2_1_2,1.0
SCEN36.z_1_2,0.0
SCEN36.y_1_2_2,1.0
SCEN36.y_2_2_2,0.0
SCEN36.z_2_2,0.0
SCEN36.y_1_3_2,1.0
SCEN36.y_2_3_2,-0.0
SCEN36.z_3_2,0.0
SCEN36.y_1_1_3,1.0
SCEN36.y_2_1_3,-0.0
SCEN36.z_1_3,0.0
SCEN36.y_1_2_3,1.0
SCEN36.y_2_2_3,0.0
SCEN36.z_2_3,0.0
SCEN36.y_1_3_3,-0.0
SCEN36.y_2_3_3,1.0
SCEN36.z_3_3,0.0
SCEN37.x_1_1,0.9985949999999999
SCEN37.u_1_1,1.0
SCEN37.x_2_1,1.0
SCEN37.u_2_1,1.0
SCEN37.x_1_2,1.0
SCEN37.u_1_2,1.0
SCEN37.x_2_2,0.49557000000000007
SCEN37.u_2_2,1.0
SCEN37.x_1_3,0.8430249999999999
SCEN37.u_1_3,1.0
SCEN37.x_2_3,0.0
SCEN37.u_2_3,0.0
SCEN37.y_1_1_1,1.0
SCEN37.y_2_1_1,0.0
SCEN37.z_1_1,0.0
SCEN37.y_1_2_1,-0.0
SCEN37.y_2_2_1,1.0
SCEN37.z_2_1,0.0
SCEN37.y_1_3_1,0.0
SCEN37.y_2_3_1,0.0
SCEN37.z_3_1,1.0
SCEN37.y_1_1_2,0.0
SCEN37.y_2_1_2,0.0
SCEN37.z_1_2,1.0
SCEN37.y_1_2_2,0.0
SCEN37.y_2_2_2,1.0
SCEN37.z_2_2,0.0
SCEN37.y_1_3_2,1.0
SCEN37.y_2_3_2,0.0
SCEN37.z_3_2,0.0
SCEN37.y_1_1_3,1.0
SCEN37.y_2_1_3,-0.0
SCEN37.z_1_3,0.0
SCEN37.y_1_2_3,1.0
SCEN37.y_2_2_3,-0.0
SCEN37.z_2_3,0.0
SCEN37.y_1_3_3,-0.0
SCEN37.y_2_3_3,1.0
SCEN37.z_3_3,0.0
SCEN38.x_1_1,0.9985949999999999
SCEN38.u_1_1,1.0
SCEN38.x_2_1,1.0
SCEN38.u_2_1,1.0
SCEN38.x_1_2,1.0
SCEN38.u_1_2,1.0
SCEN38.x_2_2,0.49557000000000007
SCEN38.u_2_2,1.0
SCEN38.x_1_3,0.8430249999999999
SCEN38.u_1_3,1.0
SCEN38.x_2_3,0.0
SCEN38.u_2_3,0.0
SCEN38.y_1_1_1,0.0
SCEN38.y_2_1_1,0.0
SCEN38.z_1_1,1.0
SCEN38.y_1_2_1,0.0
SCEN38.y_2_2_1,0.0
SCEN38.z_2_1,1.0
SCEN38.y_1_3_1,0.0
SCEN38.y_2_3_1,0.0
SCEN38.z_3_1,1.0
SCEN38.y_1_1_2,-0.0
SCEN38.y_2_1_2,1.0
SCEN38.z_1_2,0.0
SCEN38.y_1_2_2,0.0
SCEN38.y_2_2_2,1.0
SCEN38.z_2_2,0.0
SCEN38.y_1_3_2,1.0
SCEN38.y_2_3_2,-0.0
SCEN38.z_3_2,0.0
SCEN38.y_1_1_3,1.0
SCEN38.y_2_1_3,-0.0
SCEN38.z_1_3,0.0
SCEN38.y_1_2_3,1.0
SCEN38.y_2_2_3,0.0
SCEN38.z_2_3,0.0
SCEN38.y_1_3_3,-0.0
SCEN38.y_2_3_3,1.0
SCEN38.z_3_3,0.0
SCEN39.x_1_1,0.9985949999999999
SCEN39.u_1_1,1.0
SCEN39.x_2_1,1.0
SCEN39.u_2_1,1.0
SCEN39.x_1_2,1.0
SCEN39.u_1_2,1.0
SCEN39.x_2_2,0.49557000000000007
SCEN39.u_2_2,1.0
SCEN39.x_1_3,0.8430249999999999
SCEN39.u_1_3,1.0
SCEN39.x_2_3,0.0
SCEN39.u_2_3,0.0
SCEN39.y_1_1_1,1.0
SCEN39.y_2_1_1,-0.0
SCEN39.z_1_1,0.0
SCEN39.y_1_2_1,-0.0
SCEN39.y_2_2_1,-0.0
SCEN39.z_2_1,1.0
SCEN39.y_1_3_1,0.0
SCEN39.y_2_3_1,1.0
SCEN39.z_3_1,0.0
SCEN39.y_1_1_2,-0.0
SCEN39.y_2_1_2,1.0
SCEN39.z_1_2,0.0
SCEN39.y_1_2_2,-0.0
SCEN39.y_2_2_2,1.0
SCEN39.z_2_2,0.0
SCEN39.y_1_3_2,1.0
SCEN39.y_2_3_2,-0.0
SCEN39.z_3_2,0.0
SCEN39.y_1_1_3,1.0
SCEN39.y_2_1_3,-0.0
SCEN39.z_1_3,0.0
SCEN39.y_1_2_3,1.0
SCEN39.y_2_2_3,0.0
SCEN39.z_2_3,0.0
SCEN39.y_1_3_3,-0.0
SCEN39.y_2_3_3,1.0
SCEN39.z_3_3,0.0
SCEN40.x_1_1,0.9985949999999999
SCEN40.u_1_1,1.0
SCEN40.x_2_1,1.0
SCEN40.u_2_1,1.0
SCEN40.x_1_2,1.0
SCEN40.u_1_2,1.0
SCEN40.x_2_2,0.49557000000000007
SCEN40.u_2_2,1.0
SCEN40.x_1_3,0.8430249999999999
SCEN40.u_1_3,1.0
SCEN40.x_2_3,0.0
SCEN40.u_2_3,0.0
SCEN40.y_1_1_1,0.0
SCEN40.y_2_1_1,0.0
SCEN40.z_1_1,1.0
SCEN40.y_1_2_1,-0.0
SCEN40.y_2_2_1,1.0
SCEN40.z_2_1,0.0
SCEN40.y_1_3_1,0.0
SCEN40.y_2_3_1,0.0
SCEN40.z_3_1,1.0
SCEN40.y_1_1_2,1.0
SCEN40.y_2_1_2,0.0
SCEN40.z_1_2,0.0
SCEN40.y_1_2_2,-0.0
SCEN40.y_2_2_2,1.0
SCEN40.z_2_2,0.0
SCEN40.y_1_3_2,1.0
SCEN40.y_2_3_2,0.0
SCEN40.z_3_2,0.0
SCEN40.y_1_1_3,1.0
SCEN40.y_2_1_3,-0.0
SCEN40.z_1_3,0.0
SCEN40.y_1_2_3,1.0
SCEN40.y_2_2_3,-0.0
SCEN40.z_2_3,0.0
SCEN40.y_1_3_3,-0.0
SCEN40.y_2_3_3,1.0
SCEN40.z_3_3,0.0
SCEN41.x_1_1,0.9985949999999999
SCEN41.u_1_1,1.0
SCEN41.x_2_1,1.0
SCEN41.u_2_1,1.0
SCEN41.x_1_2,1.0
SCEN41.u_1_2,1.0
SCEN41.x_2_2,0.49557000000000007
SCEN41.u_2_2,1.0
SCEN41.x_1_3,0.8430249999999999
SCEN41.u_1_3,1.0
SCEN41.x_2_3,0.0
SCEN41.u_2_3,0.0
SCEN41.y_1_1_1,-0.0
SCEN41.y_2_1_1,1.0
SCEN41.z_1_1,0.0
SCEN41.y_1_2_1,0.0
SCEN41.y_2_2_1,0.0
SCEN41.z_2_1,1.0
SCEN41.y_1_3_1,0.0
SCEN41.y_2_3_1,0.0
SCEN41.z_3_1,1.0
SCEN41.y_1_1_2,-0.0
SCEN41.y_2_1_2,1.0
SCEN41.z_1_2,0.0
SCEN41.y_1_2_2,1.0
SCEN41.y_2_2_2,0.0
SCEN41.z_2_2,0.0
SCEN41.y_1_3_2,1.0
SCEN41.y_2_3_2,0.0
SCEN41.z_3_2,0.0
SCEN41.y_1_1_3,1.0
SCEN41.y_2_1_3,-0.0
SCEN41.z_1_3,0.0
SCEN41.y_1_2_3,1.0
SCEN41.y_2_2_3,0.0
SCEN41.z_2_3,0.0
SCEN41.y_1_3_3,-0.0
SCEN41.y_2_3_3,1.0
SCEN41.z_3_3,0.0
SCEN42.x_1_1,0.9985949999999999
SCEN42.u_1_1,1.0
SCEN42.x_2_1,1.0
SCEN42.u_2_1,1.0
SCEN42.x_1_2,1.0
SCEN42.u_1_2,1.0
SCEN42.x_2_2,0.49557000000000007
SCEN42.u_2_2,1.0
SCEN42.x_1_3,0.8430249999999999
SCEN42.u_1_3,1.0
SCEN42.x_2_3,0.0
SCEN42.u_2_3,0.0
SCEN42.y_1_1_1,-0.0
SCEN42.y_2_1_1,1.0
SCEN42.z_1_1,0.0
SCEN42.y_1_2_1,0.0
SCEN42.y_2_2_1,0.0
SCEN42.z_2_1,1.0
SCEN42.y_1_3_1,0.0
SCEN42.y_2_3_1,0.0
SCEN42.z_3_1,1.0
SCEN42.y_1_1_2,-0.0
SCEN42.y_2_1_2,1.0
SCEN42.z_1_2,0.0
SCEN42.y_1_2_2,1.0
SCEN42.y_2_2_2,0.0
SCEN42.z_2_2,0.0
SCEN42.y_1_3_2,1.0
SCEN42.y_2_3_2,-0.0
SCEN42.z_3_2,0.0
SCEN42.y_1_1_3,1.0
SCEN42.y_2_1_3,-0.0
SCEN42.z_1_3,0.0
SCEN42.y_1_2_3,1.0
SCEN42.y_2_2_3,0.0
SCEN42.z_2_3,0.0
SCEN42.y_1_3_3,-0.0
SCEN42.y_2_3_3,1.0
SCEN42.z_3_3,0.0
SCEN43.x_1_1,0.9985949999999999
SCEN43.u_1_1,1.0
SCEN43.x_2_1,1.0
SCEN43.u_2_1,1.0
SCEN43.x_1_2,1.0
SCEN43.u_1_2,1.0
SCEN43.x_2_2,0.49557000000000007
SCEN43.u_2_2,1.0
SCEN43.x_1_3,0.8430249999999999
SCEN43.u_1_3,1.0
SCEN43.x_2_3,0.0
SCEN43.u_2_3,0.0
SCEN43.y_1_1_1,0.0
SCEN43.y_2_1_1,0.0
SCEN43.z_1_1,1.0
SCEN43.y_1_2_1,0.0
SCEN43.y_2_2_1,0.0
SCEN43.z_2_1,1.0
SCEN43.y_1_3_1,-0.0
SCEN43.y_2_3_1,1.0
SCEN43.z_3_1,0.0
SCEN43.y_1_1_2,-0.0
SCEN43.y_2_1_2,0.0
SCEN43.z_1_2,1.0
SCEN43.y_1_2_2,0.0
SCEN43.y_2_2_2,1.0
SCEN43.z_2_2,0.0
SCEN43.y_1_3_2,1.0
SCEN43.y_2_3_2,-0.0
SCEN43.z_3_2,0.0
SCEN43.y_1_1_3,1.0
SCEN43.y_2_1_3,-0.0
SCEN43.z_1_3,0.0
SCEN43.y_1_2_3,1.0
SCEN43.y_2_2_3,0.0
SCEN43.z_2_3,0.0
SCEN43.y_1_3_3,-0.0
SCEN43.y_2_3_3,1.0
SCEN43.z_3_3,0.0
SCEN44.x_1_1,0.9985949999999999
SCEN44.u_1_1,1.0
SCEN44.x_2_1,1.0
SCEN44.u_2_1,1.0
SCEN44.x_1_2,1.0
SCEN44.u_1_2,1.0
SCEN44.x_2_2,0.49557000000000007
SCEN44.u_2_2,1.0
SCEN44.x_1_3,0.8430249999999999
SCEN44.u_1_3,1.0
SCEN44.x_2_3,0.0
SCEN44.u_2_3,0.0
SCEN44.y_1_1_1,1.0
SCEN44.y_2_1_1,0.0
SCEN44.z_1_1,0.0
SCEN44.y_1_2_1,0.0
SCEN44.y_2_2_1,0.0
SCEN44.z_2_1,1.0
SCEN44.y_1_3_1,0.0
SCEN44.y_2_3_1,1.0
SCEN44.z_3_1,0.0
SCEN44.y_1_1_2,1.0
SCEN44.y_2_1_2,-0.0
SCEN44.z_1_2,0.0
SCEN44.y_1_2_2,0.0
SCEN44.y_2_2_2,1.0
SCEN44.z_2_2,0.0
SCEN44.y_1_3_2,1.0
SCEN44.y_2_3_2,0.0
SCEN44.z_3_2,0.0
SCEN44.y_1_1_3,1.0
SCEN44.y_2_1_3,-0.0
SCEN44.z_1_3,0.0
SCEN44.y_1_2_3,-0.0
SCEN44.y_2_2_3,1.0
SCEN44.z_2_3,0.0
SCEN44.y_1_3_3,-0.0
SCEN44.y_2_3_3,1.0
SCEN44.z_3_3,0.0
SCEN45.x_1_1,0.9985949999999999
SCEN45.u_1_1,1.0
SCEN45.x_2_1,1.0
SCEN45.u_2_1,1.0
SCEN45.x_1_2,1.0
SCEN45.u_1_2,1.0
SCEN45.x_2_2,0.49557000000000007
SCEN45.u_2_2,1.0
SCEN45.x_1_3,0.8430249999999999
SCEN45.u_1_3,1.0
SCEN45.x_2_3,0.0
SCEN45.u_2_3,0.0
SCEN45.y_1_1_1,1.0
SCEN45.y_2_1_1,0.0
SCEN45.z_1_1,0.0
SCEN45.y_1_2_1,-0.0
SCEN45.y_2_2_1,-0.0
SCEN45.z_2_1,1.0
SCEN45.y_1_3_1,0.0
SCEN45.y_2_3_1,1.0
SCEN45.z_3_1,0.0
SCEN45.y_1_1_2,1.0
SCEN45.y_2_1_2,0.0
SCEN45.z_1_2,0.0
SCEN45.y_1_2_2,0.0
SCEN45.y_2_2_2,1.0
SCEN45.z_2_2,0.0
SCEN45.y_1_3_2,1.0
SCEN45.y_2_3_2,0.0
SCEN45.z_3_2,0.0
SCEN45.y_1_1_3,1.0
SCEN45.y_2_1_3,0.0
SCEN45.z_1_3,0.0
SCEN45.y_1_2_3,-0.0
SCEN45.y_2_2_3,1.0
SCEN45.z_2_3,0.0
SCEN45.y_1_3_3,1.0
SCEN45.y_2_3_3,-0.0
SCEN45.z_3_3,0.0
SCEN46.x_1_1,0.9985949999999999
SCEN46.u_1_1,1.0
SCEN46.x_2_1,1.0
SCEN46.u_2_1,1.0
SCEN46.x_1_2,1.0
SCEN46.u_1_2,1.0
SCEN46.x_2_2,0.49557000000000007
SCEN46.u_2_2,1.0
SCEN46.x_1_3,0.8430249999999999
SCEN46.u_1_3,1.0
SCEN46.x_2_3,0.0
SCEN46.u_2_3,0.0
SCEN46.y_1_1_1,1.0
SCEN46.y_2_1_1,0.0
SCEN46.z_1_1,0.0
SCEN46.y_1_2_1,0.0
SCEN46.y_2_2_1,0.0
SCEN46.z_2_1,1.0
SCEN46.y_1_3_1,-0.0
SCEN46.y_2_3_1,1.0
SCEN46.z_3_1,0.0
SCEN46.y_1_1_2,-0.0
SCEN46.y_2_1_2,1.0
SCEN46.z_1_2,0.0
SCEN46.y_1_2_2,1.0
SCEN46.y_2_2_2,0.0
SCEN46.z_2_2,0.0
SCEN46.y_1_3_2,1.0
SCEN46.y_2_3_2,-0.0
SCEN46.z_3_2,0.0
SCEN46.y_1_1_3,1.0
SCEN46.y_2_1_3,-0.0
SCEN46.z_1_3,0.0
SCEN46.y_1_2_3,1.0
SCEN46.y_2_2_3,-0.0
SCEN46.z_2_3,0.0
SCEN46.y_1_3_3,-0.0
SCEN46.y_2_3_3,1.0
SCEN46.z_3_3,0.0
SCEN47.x_1_1,0.9985949999999999
SCEN47.u_1_1,1.0
SCEN47.x_2_1,1.0
SCEN47.u_2_1,1.0
SCEN47.x_1_2,1.0
SCEN47.u_1_2,1.0
SCEN47.x_2_2,0.49557000000000007
SCEN47.u_2_2,1.0
SCEN47.x_1_3,0.8430249999999999
SCEN47.u_1_3,1.0
SCEN47.x_2_3,0.0
SCEN47.u_2_3,0.0
SCEN47.y_1_1_1,0.0
SCEN47.y_2_1_1,0.0
SCEN47.z_1_1,1.0
SCEN47.y_1_2_1,0.0
SCEN47.y_2_2_1,0.0
SCEN47.z_2_1,1.0
SCEN47.y_1_3_1,-0.0
SCEN47.y_2_3_1,1.0
SCEN47.z_3_1,0.0
SCEN47.y_1_1_2,-0.0
SCEN47.y_2_1_2,1.0
SCEN47.z_1_2,0.0
SCEN47.y_1_2_2,1.0
SCEN47.y_2_2_2,0.0
SCEN47.z_2_2,0.0
SCEN47.y_1_3_2,1.0
SCEN47.y_2_3_2,-0.0
SCEN47.z_3_2,0.0
SCEN47.y_1_1_3,1.0
SCEN47.y_2_1_3,-0.0
SCEN47.z_1_3,0.0
SCEN47.y_1_2_3,-0.0
SCEN47.y_2_2_3,1.0
SCEN47.z_2_3,0.0
SCEN47.y_1_3_3,-0.0
SCEN47.y_2_3_3,1.0
SCEN47.z_3_3,0.0
SCEN48.x_1_1,0.9985949999999999
SCEN48.u_1_1,1.0
SCEN48.x_2_1,1.0
SCEN48.u_2_1,1.0
SCEN48.x_1_2,1.0
SCEN48.u_1_2,1.0
SCEN48.x_2_2,0.49557000000000007
SCEN48.u_2_2,1.0
SCEN48.x_1_3,0.8430249999999999
SCEN48.u_1_3,1.0
SCEN48.x_2_3,0.0
SCEN48.u_2_3,0.0
SCEN48.y_1_1_1,0.0
SCEN48.y_2_1_1,0.0
SCEN48.z_1_1,1.0
SCEN48.y_1_2_1,-0.0
SCEN48.y_2_2_1,1.0
SCEN48.z_2_1,0.0
SCEN48.y_1_3_1,0.0
SCEN48.y_2_3_1,0.0
SCEN48.z_3_1,1.0
SCEN48.y_1_1_2,-0.0
SCEN48.y_2_1_2,1.0
SCEN48.z_1_2,0.0
SCEN48.y_1_2_2,-0.0
SCEN48.y_2_2_2,1.0
SCEN48.z_2_2,0.0
SCEN48.y_1_3_2,1.0
SCEN48.y_2_3_2,-0.0
SCEN48.z_3_2,0.0
SCEN48.y_1_1_3,1.0
SCEN48.y_2_1_3,-0.0
SCEN48.z_1_3,0.0
SCEN48.y_1_2_3,-0.0
SCEN48.y_2_2_3,1.0
SCEN48.z_2_3,0.0
SCEN48.y_1_3_3,-0.0
SCEN48.y_2_3_3,1.0
SCEN48.z_3_3,0.0
SCEN49.x_1_1,0.9985949999999999
SCEN49.u_1_1,1.0
SCEN49.x_2_1,1.0
SCEN49.u_2_1,1.0
SCEN49.x_1_2,1.0
SCEN49.u_1_2,1.0
SCEN49.x_2_2,0.49557000000000007
SCEN49.u_2_2,1.0
SCEN49.x_1_3,0.8430249999999999
SCEN49.u_1_3,1.0
SCEN49.x_2_3,0.0
SCEN49.u_2_3,0.0
SCEN49.y_1_1_1,-0.0
SCEN49.y_2_1_1,1.0
SCEN49.z_1_1,0.0
SCEN49.y_1_2_1,0.0
SCEN49.y_2_2_1,0.0
SCEN49.z_2_1,1.0
SCEN49.y_1_3_1,0.0
SCEN49.y_2_3_1,0.0
SCEN49.z_3_1,1.0
SCEN49.y_1_1_2,1.0
SCEN49.y_2_1_2,0.0
SCEN49.z_1_2,0.0
SCEN49.y_1_2_2,-0.0
SCEN49.y_2_2_2,1.0
SCEN49.z_2_2,0.0
SCEN49.y_1_3_2,1.0
SCEN49.y_2_3_2,0.0
SCEN49.z_3_2,0.0
SCEN49.y_1_1_3,1.0
SCEN49.y_2_1_3,0.0
SCEN49.z_1_3,0.0
SCEN49.y_1_2_3,1.0
SCEN49.y_2_2_3,0.0
SCEN49.z_2_3,0.0
SCEN49.y_1_3_3,0.0
SCEN49.y_2_3_3,1.0
SCEN49.z_3_3,0.0
SCEN50.x_1_1,0.9985949999999999
SCEN50.u_1_1,1.0
SCEN50.x_2_1,1.0
SCEN50.u_2_1,1.0
SCEN50.x_1_2,1.0
SCEN50.u_1_2,1.0
SCEN50.x_2_2,0.49557000000000007
SCEN50.u_2_2,1.0
SCEN50.x_1_3,0.8430249999999999
SCEN50.u_1_3,1.0
SCEN50.x_2_3,0.0
SCEN50.u_2_3,0.0
SCEN50.y_1_1_1,0.0
SCEN50.y_2_1_1,0.0
SCEN50.z_1_1,1.0
SCEN50.y_1_2_1,0.0
SCEN50.y_2_2_1,0.0
SCEN50.z_2_1,1.0
SCEN50.y_1_3_1,-0.0
SCEN50.y_2_3_1,1.0
SCEN50.z_3_1,0.0
SCEN50.y_1_1_2,0.0
SCEN50.y_2_1_2,-0.0
SCEN50.z_1_2,1.0
SCEN50.y_1_2_2,0.0
SCEN50.y_2_2_2,1.0
SCEN50.z_2_2,0.0
SCEN50.y_1_3_2,1.0
SCEN50.y_2_3_2,0.0
SCEN50.z_3_2,0.0
SCEN50.y_1_1_3,1.0
SCEN50.y_2_1_3,-0.0
SCEN50.z_1_3,0.0
SCEN50.y_1_2_3,1.0
SCEN50.y_2_2_3,0.0
SCEN50.z_2_3,0.0
SCEN50.y_1_3_3,-0.0
SCEN50.y_2_3_3,1.0
SCEN50.z_3_3,0.0
SCEN51.x_1_1,0.9985949999999999
SCEN51.u_1_1,1.0
SCEN51.x_2_1,1.0
SCEN51.u_2_1,1.0
SCEN51.x_1_2,1.0
SCEN51.u_1_2,1.0
SCEN51.x_2_2,0.49557000000000007
SCEN51.u_2_2,1.0
SCEN51.x_1_3,0.8430249999999999
SCEN51.u_1_3,1.0
SCEN51.x_2_3,0.0
SCEN51.u_2_3,0.0
SCEN51.y_1_1_1,0.0
SCEN51.y_2_1_1,0.0
SCEN51.z_1_1,1.0
SCEN51.y_1_2_1,0.0
SCEN51.y_2_2_1,0.0
SCEN51.z_2_1,1.0
SCEN51.y_1_3_1,0.0
SCEN51.y_2_3_1,0.0
SCEN51.z_3_1,1.0
SCEN51.y_1_1_2,-0.0
SCEN51.y_2_1_2,1.0
SCEN51.z_1_2,0.0
SCEN51.y_1_2_2,1.0
SCEN51.y_2_2_2,0.0
SCEN51.z_2_2,0.0
SCEN51.y_1_3_2,1.0
SCEN51.y_2_3_2,-0.0
SCEN51.z_3_2,0.0
SCEN51.y_1_1_3,1.0
SCEN51.y_2_1_3,-0.0
SCEN51.z_1_3,0.0
SCEN51.y_1_2_3,-0.0
SCEN51.y_2_2_3,1.0
SCEN51.z_2_3,0.0
SCEN51.y_1_3_3,-0.0
SCEN51.y_2_3_3,1.0
SCEN51.z_3_3,0.0
SCEN52.x_1_1,0.9985949999999999
SCEN52.u_1_1,1.0
SCEN52.x_2_1,1.0
SCEN52.u_2_1,1.0
SCEN52.x_1_2,1.0
SCEN52.u_1_2,1.0
SCEN52.x_2_2,0.49557000000000007
SCEN52.u_2_2,1.0
SCEN52.x_1_3,0.8430249999999999
SCEN52.u_1_3,1.0
SCEN52.x_2_3,0.0
SCEN52.u_2_3,0.0
SCEN52.y_1_1_1,1.0
SCEN52.y_2_1_1,0.0
SCEN52.z_1_1,0.0
SCEN52.y_1_2_1,0.0
SCEN52.y_2_2_1,0.0
SCEN52.z_2_1,1.0
SCEN52.y_1_3_1,-0.0
SCEN52.y_2_3_1,1.0
SCEN52.z_3_1,0.0
SCEN52.y_1_1_2,-0.0
SCEN52.y_2_1_2,1.0
SCEN52.z_1_2,0.0
SCEN52.y_1_2_2,1.0
SCEN52.y_2_2_2,0.0
SCEN52.z_2_2,0.0
SCEN52.y_1_3_2,0.0
SCEN52.y_2_3_2,1.0
SCEN52.z_3_2,0.0
SCEN52.y_1_1_3,1.0
SCEN52.y_2_1_3,-0.0
SCEN52.z_1_3,0.0
SCEN52.y_1_2_3,1.0
SCEN52.y_2_2_3,0.0
SCEN52.z_2_3,0.0
SCEN52.y_1_3_3,-0.0
SCEN52.y_2_3_3,1.0
SCEN52.z_3_3,0.0
SCEN53.x_1_1,0.9985949999999999
SCEN53.u_1_1,1.0
SCEN53.x_2_1,1.0
SCEN53.u_2_1,1.0
SCEN53.x_1_2,1.0
SCEN53.u_1_2,1.0
SCEN53.x_2_2,0.49557000000000007
SCEN53.u_2_2,1.0
SCEN53.x_1_3,0.8430249999999999
SCEN53.u_1_3,1.0
SCEN53.x_2_3,0.0
SCEN53.u_2_3,0.0
SCEN53.y_1_1_1,-0.0
SCEN53.y_2_1_1,1.0
SCEN53.z_1_1,0.0
SCEN53.y_1_2_1,0.0
SCEN53.y_2_2_1,0.0
SCEN53.z_2_1,1.0
SCEN53.y_1_3_1,0.0
SCEN53.y_2_3_1,0.0
SCEN53.z_3_1,1.0
SCEN53.y_1_1_2,1.0
SCEN53.y_2_1_2,-0.0
SCEN53.z_1_2,0.0
SCEN53.y_1_2_2,0.0
SCEN53.y_2_2_2,1.0
SCEN53.z_2_2,0.0
SCEN53.y_1_3_2,1.0
SCEN53.y_2_3_2,0.0
SCEN53.z_3_2,0.0
SCEN53.y_1_1_3,1.0
SCEN53.y_2_1_3,-0.0
SCEN53.z_1_3,0.0
SCEN53.y_1_2_3,1.0
SCEN53.y_2_2_3,0.0
SCEN53.z_2_3,0.0
SCEN53.y_1_3_3,-0.0
SCEN53.y_2_3_3,1.0
SCEN53.z_3_3,0.0
SCEN54.x_1_1,0.9985949999999999
SCEN54.u_1_1,1.0
SCEN54.x_2_1,1.0
SCEN54.u_2_1,1.0
SCEN54.x_1_2,1.0
SCEN54.u_1_2,1.0
SCEN54.x_2_2,0.49557000000000007
SCEN54.u_2_2,1.0
SCEN54.x_1_3,0.8430249999999999
SCEN54.u_1_3,1.0
SCEN54.x_2_3,0.0
SCEN54.u_2_3,0.0
SCEN54.y_1_1_1,0.0
SCEN54.y_2_1_1,0.0
SCEN54.z_1_1,1.0
SCEN54.y_1_2_1,0.0
SCEN54.y_2_2_1,0.0
SCEN54.z_2_1,1.0
SCEN54.y_1_3_1,0.0
SCEN54.y_2_3_1,0.0
SCEN54.z_3_1,1.0
SCEN54.y_1_1_2,1.0
SCEN54.y_2_1_2,-0.0
SCEN54.z_1_2,0.0
SCEN54.y_1_2_2,1.0
SCEN54.y_2_2_2,0.0
SCEN54.z_2_2,0.0
SCEN54.y_1_3_2,0.0
SCEN54.y_2_3_2,1.0
SCEN54.z_3_2,0.0
SCEN54.y_1_1_3,1.0
SCEN54.y_2_1_3,-0.0
SCEN54.z_1_3,0.0
SCEN54.y_1_2_3,1.0
SCEN54.y_2_2_3,0.0
SCEN54.z_2_3,0.0
SCEN54.y_1_3_3,-0.0
SCEN54.y_2_3_3,1.0
SCEN54.z_3_3,0.0
SCEN55.x_1_1,0.9985949999999999
SCEN55.u_1_1,1.0
SCEN55.x_2_1,1.0
SCEN55.u_2_1,1.0
SCEN55.x_1_2,1.0
SCEN55.u_1_2,1.0
SCEN55.x_2_2,0.49557000000000007
SCEN55.u_2_2,1.0
SCEN55.x_1_3,0.8430249999999999
SCEN55.u_1_3,1.0
SCEN55.x_2_3,0.0
SCEN55.u_2_3,0.0
SCEN55.y_1_1_1,0.0
SCEN55.y_2_1_1,0.0
SCEN55.z_1_1,1.0
SCEN55.y_1_2_1,-0.0
SCEN55.y_2_2_1,1.0
SCEN55.z_2_1,0.0
SCEN55.y_1_3_1,0.0
SCEN55.y_2_3_1,0.0
SCEN55.z_3_1,1.0
SCEN55.y_1_1_2,-0.0
SCEN55.y_2_1_2,1.0
SCEN55.z_1_2,0.0
SCEN55.y_1_2_2,1.0
SCEN55.y_2_2_2,0.0
SCEN55.z_2_2,0.0
SCEN55.y_1_3_2,1.0
SCEN55.y_2_3_2,-0.0
SCEN55.z_3_2,0.0
SCEN55.y_1_1_3,1.0
SCEN55.y_2_1_3,-0.0
SCEN55.z_1_3,0.0
SCEN55.y_1_2_3,1.0
SCEN55.y_2_2_3,0.0
SCEN55.z_2_3,0.0
SCEN55.y_1_3_3,-0.0
SCEN55.y_2_3_3,1.0
SCEN55.z_3_3,0.0
SCEN56.x_1_1,0.9985949999999999
SCEN56.u_1_1,1.0
SCEN56.x_2_1,1.0
SCEN56.u_2_1,1.0
SCEN56.x_1_2,1.0
SCEN56.u_1_2,1.0
SCEN56.x_2_2,0.49557000000000007
SCEN56.u_2_2,1.0
SCEN56.x_1_3,0.8430249999999999
SCEN56.u_1_3,1.0
SCEN56.x_2_3,0.0
SCEN56.u_2_3,0.0
SCEN56.y_1_1_1,0.0
SCEN56.y_2_1_1,0.0
SCEN56.z_1_1,1.0
SCEN56.y_1_2_1,-0.0
SCEN56.y_2_2_1,1.0
SCEN56.z_2_1,0.0
SCEN56.y_1_3_1,0.0
SCEN56.y_2_3_1,0.0
SCEN56.z_3_1,1.0
SCEN56.y_1_1_2,1.0
SCEN56.y_2_1_2,0.0
SCEN56.z_1_2,0.0
SCEN56.y_1_2_2,0.0
SCEN56.y_2_2_2,1.0
SCEN56.z_2_2,0.0
SCEN56.y_1_3_2,1.0
SCEN56.y_2_3_2,0.0
SCEN56.z_3_2,0.0
SCEN56.y_1_1_3,1.0
SCEN56.y_2_1_3,-0.0
SCEN56.z_1_3,0.0
SCEN56.y_1_2_3,1.0
SCEN56.y_2_2_3,0.0
SCEN56.z_2_3,0.0
SCEN56.y_1_3_3,-0.0
SCEN56.y_2_3_3,1.0
SCEN56.z_3_3,0.0
SCEN57.x_1_1,0.9985949999999999
SCEN57.u_1_1,1.0
SCEN57.x_2_1,1.0
SCEN57.u_2_1,1.0
SCEN57.x_1_2,1.0
SCEN57.u_1_2,1.0
SCEN57.x_2_2,0.49557000000000007
SCEN57.u_2_2,1.0
SCEN57.x_1_3,0.8430249999999999
SCEN57.u_1_3,1.0
SCEN57.x_2_3,0.0
SCEN57.u_2_3,0.0
SCEN57.y_1_1_1,-0.0
SCEN57.y_2_1_1,1.0
SCEN57.z_1_1,0.0
SCEN57.y_1_2_1,0.0
SCEN57.y_2_2_1,0.0
SCEN57.z_2_1,1.0
SCEN57.y_1_3_1,0.0
SCEN57.y_2_3_1,0.0
SCEN57.z_3_1,1.0
SCEN57.y_1_1_2,1.0
SCEN57.y_2_1_2,-0.0
SCEN57.z_1_2,0.0
SCEN57.y_1_2_2,-0.0
SCEN57.y_2_2_2,1.0
SCEN57.z_2_2,0.0
SCEN57.y_1_3_2,1.0
SCEN57.y_2_3_2,0.0
SCEN57.z_3_2,0.0
SCEN57.y_1_1_3,1.0
SCEN57.y_2_1_3,0.0
SCEN57.z_1_3,0.0
SCEN57.y_1_2_3,1.0
SCEN57.y_2_2_3,0.0
SCEN57.z_2_3,0.0
SCEN57.y_1_3_3,0.0
SCEN57.y_2_3_3,1.0
SCEN57.z_3_3,0.0
SCEN58.x_1_1,0.9985949999999999
SCEN58.u_1_1,1.0
SCEN58.x_2_1,1.0
SCEN58.u_2_1,1.0
SCEN58.x_1_2,1.0
SCEN58.u_1_2,1.0
SCEN58.x_2_2,0.49557000000000007
SCEN58.u_2_2,1.0
SCEN58.x_1_3,0.8430249999999999
SCEN58.u_1_3,1.0
SCEN58.x_2_3,0.0
SCEN58.u_2_3,0.0
SCEN58.y_1_1_1,0.0
SCEN58.y_2_1_1,0.0
SCEN58.z_1_1,1.0
SCEN58.y_1_2_1,-0.0
SCEN58.y_2_2_1,1.0
SCEN58.z_2_1,0.0
SCEN58.y_1_3_1,1.0
SCEN58.y_2_3_1,0.0
SCEN58.z_3_1,0.0
SCEN58.y_1_1_2,1.0
SCEN58.y_2_1_2,-0.0
SCEN58.z_1_2,0.0
SCEN58.y_1_2_2,1.0
SCEN58.y_2_2_2,-0.0
SCEN58.z_2_2,0.0
SCEN58.y_1_3_2,0.0
SCEN58.y_2_3_2,1.0
SCEN58.z_3_2,0.0
SCEN58.y_1_1_3,1.0
SCEN58.y_2_1_3,-0.0
SCEN58.z_1_3,0.0
SCEN58.y_1_2_3,1.0
SCEN58.y_2_2_3,0.0
SCEN58.z_2_3,0.0
SCEN58.y_1_3_3,-0.0
SCEN58.y_2_3_3,1.0
SCEN58.z_3_3,0.0
SCEN59.x_1_1,0.9985949999999999
SCEN59.u_1_1,1.0
SCEN59.x_2_1,1.0
SCEN59.u_2_1,1.0
SCEN59.x_1_2,1.0
SCEN59.u_1_2,1.0
SCEN59.x_2_2,0.49557000000000007
SCEN59.u_2_2,1.0
SCEN59.x_1_3,0.8430249999999999
SCEN59.u_1_3,1.0
SCEN59.x_2_3,0.0
SCEN59.u_2_3,0.0
SCEN59.y_1_1_1,-0.0
SCEN59.y_2_1_1,1.0
SCEN59.z_1_1,0.0
SCEN59.y_1_2_1,0.0
SCEN59.y_2_2_1,0.0
SCEN59.z_2_1,1.0
SCEN59.y_1_3_1,0.0
SCEN59.y_2_3_1,0.0
SCEN59.z_3_1,1.0
SCEN59.y_1_1_2,0.0
SCEN59.y_2_1_2,1.0
SCEN59.z_1_2,0.0
SCEN59.y_1_2_2,1.0
SCEN59.y_2_2_2,0.0
SCEN59.z_2_2,0.0
SCEN59.y_1_3_2,1.0
SCEN59.y_2_3_2,-0.0
SCEN59.z_3_2,0.0
SCEN59.y_1_1_3,1.0
SCEN59.y_2_1_3,-0.0
SCEN59.z_1_3,0.0
SCEN59.y_1_2_3,1.0
SCEN59.y_2_2_3,0.0
SCEN59.z_2_3,0.0
SCEN59.y_1_3_3,-0.0
SCEN59.y_2_3_3,1.0
SCEN59.z_3_3,0.0
SCEN60.x_1_1,0.9985949999999999
SCEN60.u_1_1,1.0
SCEN60.x_2_1,1.0
SCEN60.u_2_1,1.0
SCEN60.x_1_2,1.0
SCEN60.u_1_2,1.0
SCEN60.x_2_2,0.49557000000000007
SCEN60.u_2_2,1.0
SCEN60.x_1_3,0.8430249999999999
SCEN60.u_1_3,1.0
SCEN60.x_2_3,0.0
SCEN60.u_2_3,0.0
SCEN60.y_1_1_1,1.0
SCEN60.y_2_1_1,0.0
SCEN60.z_1_1,0.0
SCEN60.y_1_2_1,-0.0
SCEN60.y_2_2_1,-0.0
SCEN60.z_2_1,1.0
SCEN60.y_1_3_1,0.0
SCEN60.y_2_3_1,1.0
SCEN60.z_3_1,0.0
SCEN60.y_1_1_2,1.0
SCEN60.y_2_1_2,0.0
SCEN60.z_1_2,0.0
SCEN60.y_1_2_2,-0.0
SCEN60.y_2_2_2,1.0
SCEN60.z_2_2,0.0
SCEN60.y_1_3_2,1.0
SCEN60.y_2_3_2,-0.0
SCEN60.z_3_2,0.0
SCEN60.y_1_1_3,1.0
SCEN60.y_2_1_3,-0.0
SCEN60.z_1_3,0.0
SCEN60.y_1_2_3,1.0
SCEN60.y_2_2_3,0.0
SCEN60.z_2_3,0.0
SCEN60.y_1_3_3,-0.0
SCEN60.y_2_3_3,1.0
SCEN60.z_3_3,0.0
SCEN61.x_1_1,0.9985949999999999
SCEN61.u_1_1,1.0
SCEN61.x_2_1,1.0
SCEN61.u_2_1,1.0
SCEN61.x_1_2,1.0
SCEN61.u_1_2,1.0
SCEN61.x_2_2,0.49557000000000007
SCEN61.u_2_2,1.0
SCEN61.x_1_3,0.8430249999999999
SCEN61.u_1_3,1.0
SCEN61.x_2_3,0.0
SCEN61.u_2_3,0.0
SCEN61.y_1_1_1,0.0
SCEN61.y_2_1_1,0.0
SCEN61.z_1_1,1.0
SCEN61.y_1_2_1,0.0
SCEN61.y_2_2_1,0.0
SCEN61.z_2_1,1.0
SCEN61.y_1_3_1,0.0
SCEN61.y_2_3_1,0.0
SCEN61.z_3_1,1.0
SCEN61.y_1_1_2,-0.0
SCEN61.y_2_1_2,1.0
SCEN61.z_1_2,0.0
SCEN61.y_1_2_2,1.0
SCEN61.y_2_2_2,0.0
SCEN61.z_2_2,0.0
SCEN61.y_1_3_2,1.0
SCEN61.y_2_3_2,-0.0
SCEN61.z_3_2,0.0
SCEN61.y_1_1_3,1.0
SCEN61.y_2_1_3,-0.0
SCEN61.z_1_3,0.0
SCEN61.y_1_2_3,1.0
SCEN61.y_2_2_3,0.0
SCEN61.z_2_3,0.0
SCEN61.y_1_3_3,-0.0
SCEN61.y_2_3_3,1.0
SCEN61.z_3_3,0.0
SCEN62.x_1_1,0.9985949999999999
SCEN62.u_1_1,1.0
SCEN62.x_2_1,1.0
SCEN62.u_2_1,1.0
SCEN62.x_1_2,1.0
SCEN62.u_1_2,1.0
SCEN62.x_2_2,0.49557000000000007
SCEN62.u_2_2,1.0
SCEN62.x_1_3,0.8430249999999999
SCEN62.u_1_3,1.0
SCEN62.x_2_3,0.0
SCEN62.u_2_3,0.0
SCEN62.y_1_1_1,0.0
SCEN62.y_2_1_1,0.0
SCEN62.z_1_1,1.0
SCEN62.y_1_2_1,0.0
SCEN62.y_2_2_1,0.0
SCEN62.z_2_1,1.0
SCEN62.y_1_3_1,-0.0
SCEN62.y_2_3_1,1.0
SCEN62.z_3_1,0.0
SCEN62.y_1_1_2,1.0
SCEN62.y_2_1_2,-0.0
SCEN62.z_1_2,0.0
SCEN62.y_1_2_2,0.0
SCEN62.y_2_2_2,1.0
SCEN62.z_2_2,0.0
SCEN62.y_1_3_2,1.0
SCEN62.y_2_3_2,0.0
SCEN62.z_3_2,0.0
SCEN62.y_1_1_3,1.0
SCEN62.y_2_1_3,-0.0
SCEN62.z_1_3,0.0
SCEN62.y_1_2_3,1.0
SCEN62.y_2_2_3,0.0
SCEN62.z_2_3,0.0
SCEN62.y_1_3_3,-0.0
SCEN62.y_2_3_3,1.0
SCEN62.z_3_3,0.0
SCEN63.x_1_1,0.9985949999999999
SCEN63.u_1_1,1.0
SCEN63.x_2_1,1.0
SCEN63.u_2_1,1.0
SCEN63.x_1_2,1.0
SCEN63.u_1_2,1.0
SCEN63.x_2_2,0.49557000000000007
SCEN63.u_2_2,1.0
SCEN63.x_1_3,0.8430249999999999
SCEN63.u_1_3,1.0
SCEN63.x_2_3,0.0
SCEN63.u_2_3,0.0
SCEN63.y_1_1_1,0.0
SCEN63.y_2_1_1,0.0
SCEN63.z_1_1,1.0
SCEN63.y_1_2_1,-0.0
SCEN63.y_2_2_1,1.0
SCEN63.z_2_1,0.0
SCEN63.y_1_3_1,1.0
SCEN63.y_2_3_1,0.0
SCEN63.z_3_1,0.0
SCEN63.y_1_1_2,-0.0
SCEN63.y_2_1_2,1.0
SCEN63.z_1_2,0.0
SCEN63.y_1_2_2,-0.0
SCEN63.y_2_2_2,1.0
SCEN63.z_2_2,0.0
SCEN63.y_1_3_2,1.0
SCEN63.y_2_3_2,-0.0
SCEN63.z_3_2,0.0
SCEN63.y_1_1_3,1.0
SCEN63.y_2_1_3,-0.0
SCEN63.z_1_3,0.0
SCEN63.y_1_2_3,1.0
SCEN63.y_2_2_3,0.0
SCEN63.z_2_3,0.0
SCEN63.y_1_3_3,-0.0
SCEN63.y_2_3_3,1.0
SCEN63.z_3_3,0.0
SCEN64.x_1_1,0.9985949999999999
SCEN64.u_1_1,1.0
SCEN64.x_2_1,1.0
SCEN64.u_2_1,1.0
SCEN64.x_1_2,1.0
SCEN64.u_1_2,1.0
SCEN64.x_2_2,0.49557000000000007
SCEN64.u_2_2,1.0
SCEN64.x_1_3,0.8430249999999999
SCEN64.u_1_3,1.0
SCEN64.x_2_3,0.0
SCEN64.u_2_3,0.0
SCEN64.y_1_1_1,0.0
SCEN64.y_2_1_1,0.0
SCEN64.z_1_1,1.0
SCEN64.y_1_2_1,-0.0
SCEN64.y_2_2_1,1.0
SCEN64.z_2_1,0.0
SCEN64.y_1_3_1,0.0
SCEN64.y_2_3_1,0.0
SCEN64.z_3_1,1.0
SCEN64.y_1_1_2,0.0
SCEN64.y_2_1_2,-0.0
SCEN64.z_1_2,1.0
SCEN64.y_1_2_2,0.0
SCEN64.y_2_2_2,1.0
SCEN64.z_2_2,0.0
SCEN64.y_1_3_2,1.0
SCEN64.y_2_3_2,-0.0
SCEN64.z_3_2,0.0
SCEN64.y_1_1_3,1.0
SCEN64.y_2_1_3,-0.0
SCEN64.z_1_3,0.0
SCEN64.y_1_2_3,1.0
SCEN64.y_2_2_3,0.0
SCEN64.z_2_3,0.0
SCEN64.y_1_3_3,0.0
SCEN64.y_2_3_3,1.0
SCEN64.z_3_3,0.0
SCEN65.x_1_1,0.9985949999999999
SCEN65.u_1_1,1.0
SCEN65.x_2_1,1.0
SCEN65.u_2_1,1.0
SCEN65.x_1_2,1.0
SCEN65.u_1_2,1.0
SCEN65.x_2_2,0.49557000000000007
SCEN65.u_2_2,1.0
SCEN65.x_1_3,0.8430249999999999
SCEN65.u_1_3,1.0
SCEN65.x_2_3,0.0
SCEN65.u_2_3,0.0
SCEN65.y_1_1_1,1.0
SCEN65.y_2_1_1,0.0
SCEN65.z_1_1,0.0
SCEN65.y_1_2_1,0.0
SCEN65.y_2_2_1,0.0
SCEN65.z_2_1,1.0
SCEN65.y_1_3_1,-0.0
SCEN65.y_2_3_1,1.0
SCEN65.z_3_1,0.0
SCEN65.y_1_1_2,-0.0
SCEN65.y_2_1_2,0.0
SCEN65.z_1_2,1.0
SCEN65.y_1_2_2,0.0
SCEN65.y_2_2_2,1.0
SCEN65.z_2_2,0.0
SCEN65.y_1_3_2,1.0
SCEN65.y_2_3_2,-0.0
SCEN65.z_3_2,0.0
SCEN65.y_1_1_3,1.0
SCEN65.y_2_1_3,0.0
SCEN65.z_1_3,0.0
SCEN65.y_1_2_3,1.0
SCEN65.y_2_2_3,0.0
SCEN65.z_2_3,0.0
SCEN65.y_1_3_3,0.0
SCEN65.y_2_3_3,1.0
SCEN65.z_3_3,0.0
SCEN66.x_1_1,0.9985949999999999
SCEN66.u_1_1,1.0
SCEN66.x_2_1,1.0
SCEN66.u_2_1,1.0
SCEN66.x_1_2,1.0
SCEN66.u_1_2,1.0
SCEN66.x_2_2,0.49557000000000007
SCEN66.u_2_2,1.0
SCEN66.x_1_3,0.8430249999999999
SCEN66.u_1_3,1.0
SCEN66.x_2_3,0.0
SCEN66.u_2_3,0.0
SCEN66.y_1_1_1,-0.0
SCEN66.y_2_1_1,1.0
SCEN66.z_1_1,0.0
SCEN66.y_1_2_1,0.0
SCEN66.y_2_2_1,0.0
SCEN66.z_2_1,1.0
SCEN66.y_1_3_1,0.0
SCEN66.y_2_3_1,0.0
SCEN66.z_3_1,1.0
SCEN66.y_1_1_2,1.0
SCEN66.y_2_1_2,-0.0
SCEN66.z_1_2,0.0
SCEN66.y_1_2_2,1.0
SCEN66.y_2_2_2,-0.0
SCEN66.z_2_2,0.0
SCEN66.y_1_3_2,0.0
SCEN66.y_2_3_2,1.0
SCEN66.z_3_2,0.0
SCEN66.y_1_1_3,1.0
SCEN66.y_2_1_3,-0.0
SCEN66.z_1_3,0.0
SCEN66.y_1_2_3,1.0
SCEN66.y_2_2_3,0.0
SCEN66.z_2_3,0.0
SCEN66.y_1_3_3,-0.0
SCEN66.y_2_3_3,1.0
SCEN66.z_3_3,0.0
SCEN67.x_1_1,0.9985949999999999
SCEN67.u_1_1,1.0
SCEN67.x_2_1,1.0
SCEN67.u_2_1,1.0
SCEN67.x_1_2,1.0
SCEN67.u_1_2,1.0
SCEN67.x_2_2,0.49557000000000007
SCEN67.u_2_2,1.0
SCEN67.x_1_3,0.8430249999999999
SCEN67.u_1_3,1.0
SCEN67.x_2_3,0.0
SCEN67.u_2_3,0.0
SCEN67.y_1_1_1,0.0
SCEN67.y_2_1_1,0.0
SCEN67.z_1_1,1.0
SCEN67.y_1_2_1,0.0
SCEN67.y_2_2_1,0.0
SCEN67.z_2_1,1.0
SCEN67.y_1_3_1,-0.0
SCEN67.y_2_3_1,1.0
SCEN67.z_3_1,0.0
SCEN67.y_1_1_2,-0.0
SCEN67.y_2_1_2,1.0
SCEN67.z_1_2,0.0
SCEN67.y_1_2_2,1.0
SCEN67.y_2_2_2,0.0
SCEN67.z_2_2,0.0
SCEN67.y_1_3_2,1.0
SCEN67.y_2_3_2,-0.0
SCEN67.z_3_2,0.0
SCEN67.y_1_1_3,1.0
SCEN67.y_2_1_3,-0.0
SCEN67.z_1_3,0.0
SCEN67.y_1_2_3,1.0
SCEN67.y_2_2_3,0.0
SCEN67.z_2_3,0.0
SCEN67.y_1_3_3,-0.0
SCEN67.y_2_3_3,1.0
SCEN67.z_3_3,0.0
SCEN68.x_1_1,0.9985949999999999
SCEN68.u_1_1,1.0
SCEN68.x_2_1,1.0
SCEN68.u_2_1,1.0
SCEN68.x_1_2,1.0
SCEN68.u_1_2,1.0
SCEN68.x_2_2,0.49557000000000007
SCEN68.u_2_2,1.0
SCEN68.x_1_3,0.8430249999999999
SCEN68.u_1_3,1.0
SCEN68.x_2_3,0.0
SCEN68.u_2_3,0.0
SCEN68.y_1_1_1,1.0
SCEN68.y_2_1_1,0.0
SCEN68.z_1_1,0.0
SCEN68.y_1_2_1,-0.0
SCEN68.y_2_2_1,-0.0
SCEN68.z_2_1,1.0
SCEN68.y_1_3_1,0.0
SCEN68.y_2_3_1,1.0
SCEN68.z_3_1,0.0
SCEN68.y_1_1_2,0.0
SCEN68.y_2_1_2,-0.0
SCEN68.z_1_2,1.0
SCEN68.y_1_2_2,0.0
SCEN68.y_2_2_2,1.0
SCEN68.z_2_2,0.0
SCEN68.y_1_3_2,1.0
SCEN68.y_2_3_2,0.0
SCEN68.z_3_2,0.0
SCEN68.y_1_1_3,1.0
SCEN68.y_2_1_3,0.0
SCEN68.z_1_3,0.0
SCEN68.y_1_2_3,1.0
SCEN68.y_2_2_3,0.0
SCEN68.z_2_3,0.0
SCEN68.y_1_3_3,-0.0
SCEN68.y_2_3_3,1.0
SCEN68.z_3_3,0.0
SCEN69.x_1_1,0.9985949999999999
SCEN69.u_1_1,1.0
SCEN69.x_2_1,1.0
SCEN69.u_2_1,1.0
SCEN69.x_1_2,1.0
SCEN69.u_1_2,1.0
SCEN69.x_2_2,0.49557000000000007
SCEN69.u_2_2,1.0
SCEN69.x_1_3,0.8430249999999999
SCEN69.u_1_3,1.0
SCEN69.x_2_3,0.0
SCEN69.u_2_3,0.0
SCEN69.y_1_1_1,0.0
SCEN69.y_2_1_1,0.0
SCEN69.z_1_1,1.0
SCEN69.y_1_2_1,-0.0
SCEN69.y_2_2_1,1.0
SCEN69.z_2_1,0.0
SCEN69.y_1_3_1,0.0
SCEN69.y_2_3_1,0.0
SCEN69.z_3_1,1.0
SCEN69.y_1_1_2,-0.0
SCEN69.y_2_1_2,0.0
SCEN69.z_1_2,1.0
SCEN69.y_1_2_2,0.0
SCEN69.y_2_2_2,1.0
SCEN69.z_2_2,0.0
SCEN69.y_1_3_2,1.0
SCEN69.y_2_3_2,0.0
SCEN69.z_3_2,0.0
SCEN69.y_1_1_3,1.0
SCEN69.y_2_1_3,0.0
SCEN69.z_1_3,0.0
SCEN69.y_1_2_3,1.0
SCEN69.y_2_2_3,0.0
SCEN69.z_2_3,0.0
SCEN69.y_1_3_3,-0.0
SCEN69.y_2_3_3,1.0
SCEN69.z_3_3,0.0
SCEN70.x_1_1,0.9985949999999999
SCEN70.u_1_1,1.0
SCEN70.x_2_1,1.0
SCEN70.u_2_1,1.0
SCEN70.x_1_2,1.0
SCEN70.u_1_2,1.0
SCEN70.x_2_2,0.49557000000000007
SCEN70.u_2_2,1.0
SCEN70.x_1_3,0.8430249999999999
SCEN70.u_1_3,1.0
SCEN70.x_2_3,0.0
SCEN70.u_2_3,0.0
SCEN70.y_1_1_1,0.0
SCEN70.y_2_1_1,0.0
SCEN70.z_1_1,1.0
SCEN70.y_1_2_1,-0.0
SCEN70.y_2_2_1,1.0
SCEN70.z_2_1,0.0
SCEN70.y_1_3_1,1.0
SCEN70.y_2_3_1,0.0
SCEN70.z_3_1,0.0
SCEN70.y_1_1_2,-0.0
SCEN70.y_2_1_2,1.0
SCEN70.z_1_2,0.0
SCEN70.y_1_2_2,1.0
SCEN70.y_2_2_2,0.0
SCEN70.z_2_2,0.0
SCEN70.y_1_3_2,1.0
SCEN70.y_2_3_2,-0.0
SCEN70.z_3_2,0.0
SCEN70.y_1_1_3,1.0
SCEN70.y_2_1_3,-0.0
SCEN70.z_1_3,0.0
SCEN70.y_1_2_3,1.0
SCEN70.y_2_2_3,0.0
SCEN70.z_2_3,0.0
SCEN70.y_1_3_3,0.0
SCEN70.y_2_3_3,1.0
SCEN70.z_3_3,0.0
SCEN71.x_1_1,0.9985949999999999
SCEN71.u_1_1,1.0
SCEN71.x_2_1,1.0
SCEN71.u_2_1,1.0
SCEN71.x_1_2,1.0
SCEN71.u_1_2,1.0
SCEN71.x_2_2,0.49557000000000007
SCEN71.u_2_2,1.0
SCEN71.x_1_3,0.8430249999999999
SCEN71.u_1_3,1.0
SCEN71.x_2_3,0.0
SCEN71.u_2_3,0.0
SCEN71.y_1_1_1,1.0
SCEN71.y_2_1_1,0.0
SCEN71.z_1_1,0.0
SCEN71.y_1_2_1,0.0
SCEN71.y_2_2_1,0.0
SCEN71.z_2_1,1.0
SCEN71.y_1_3_1,-0.0
SCEN71.y_2_3_1,1.0
SCEN71.z_3_1,0.0
SCEN71.y_1_1_2,-0.0
SCEN71.y_2_1_2,1.0
SCEN71.z_1_2,0.0
SCEN71.y_1_2_2,1.0
SCEN71.y_2_2_2,0.0
SCEN71.z_2_2,0.0
SCEN71.y_1_3_2,1.0
SCEN71.y_2_3_2,-0.0
SCEN71.z_3_2,0.0
SCEN71.y_1_1_3,1.0
SCEN71.y_2_1_3,-0.0
SCEN71.z_1_3,0.0
SCEN71.y_1_2_3,1.0
SCEN71.y_2_2_3,0.0
SCEN71.z_2_3,0.0
SCEN71.y_1_3_3,0.0
SCEN71.y_2_3_3,1.0
SCEN71.z_3_3,0.0
SCEN72.x_1_1,0.9985949999999999
SCEN72.u_1_1,1.0
SCEN72.x_2_1,1.0
SCEN72.u_2_1,1.0
SCEN72.x_1_2,1.0
SCEN72.u_1_2,1.0
SCEN72.x_2_2,0.49557000000000007
SCEN72.u_2_2,1.0
SCEN72.x_1_3,0.8430249999999999
SCEN72.u_1_3,1.0
SCEN72.x_2_3,0.0
SCEN72.u_2_3,0.0
SCEN72.y_1_1_1,0.0
SCEN72.y_2_1_1,0.0
SCEN72.z_1_1,1.0
SCEN72.y_1_2_1,0.0
SCEN72.y_2_2_1,0.0
SCEN72.z_2_1,1.0
SCEN72.y_1_3_1,0.0
SCEN72.y_2_3_1,0.0
SCEN72.z_3_1,1.0
SCEN72.y_1_1_2,-0.0
SCEN72.y_2_1_2,1.0
SCEN72.z_1_2,0.0
SCEN72.y_1_2_2,1.0
SCEN72.y_2_2_2,0.0
SCEN72.z_2_2,0.0
SCEN72.y_1_3_2,1.0
SCEN72.y_2_3_2,-0.0
SCEN72.z_3_2,0.0
SCEN72.y_1_1_3,1.0
SCEN72.y_2_1_3,-0.0
SCEN72.z_1_3,0.0
SCEN72.y_1_2_3,1.0
SCEN72.y_2_2_3,0.0
SCEN72.z_2_3,0.0
SCEN72.y_1_3_3,-0.0
SCEN72.y_2_3_3,1.0
SCEN72.z_3_3,0.0
SCEN73.x_1_1,0.9985949999999999
SCEN73.u_1_1,1.0
SCEN73.x_2_1,1.0
SCEN73.u_2_1,1.0
SCEN73.x_1_2,1.0
SCEN73.u_1_2,1.0
SCEN73.x_2_2,0.49557000000000007
SCEN73.u_2_2,1.0
SCEN73.x_1_3,0.8430249999999999
SCEN73.u_1_3,1.0
SCEN73.x_2_3,0.0
SCEN73.u_2_3,0.0
SCEN73.y_1_1_1,1.0
SCEN73.y_2_1_1,0.0
SCEN73.z_1_1,0.0
SCEN73.y_1_2_1,0.0
SCEN73.y_2_2_1,0.0
SCEN73.z_2_1,1.0
SCEN73.y_1_3_1,-0.0
SCEN73.y_2_3_1,1.0
SCEN73.z_3_1,0.0
SCEN73.y_1_1_2,-0.0
SCEN73.y_2_1_2,1.0
SCEN73.z_1_2,0.0
SCEN73.y_1_2_2,1.0
SCEN73.y_2_2_2,0.0
SCEN73.z_2_2,0.0
SCEN73.y_1_3_2,1.0
SCEN73.y_2_3_2,-0.0
SCEN73.z_3_2,0.0
SCEN73.y_1_1_3,1.0
SCEN73.y_2_1_3,0.0
SCEN73.z_1_3,0.0
SCEN73.y_1_2_3,1.0
SCEN73.y_2_2_3,0.0
SCEN73.z_2_3,0.0
SCEN73.y_1_3_3,0.0
SCEN73.y_2_3_3,1.0
SCEN73.z_3_3,0.0
SCEN74.x_1_1,0.9985949999999999
SCEN74.u_1_1,1.0
SCEN74.x_2_1,1.0
SCEN74.u_2_1,1.0
SCEN74.x_1_2,1.0
SCEN74.u_1_2,1.0
SCEN74.x_2_2,0.49557000000000007
SCEN74.u_2_2,1.0
SCEN74.x_1_3,0.8430249999999999
SCEN74.u_1_3,1.0
SCEN74.x_2_3,0.0
SCEN74.u_2_3,0.0
SCEN74.y_1_1_1,0.0
SCEN74.y_2_1_1,0.0
SCEN74.z_1_1,1.0
SCEN74.y_1_2_1,-0.0
SCEN74.y_2_2_1,1.0
SCEN74.z_2_1,0.0
SCEN74.y_1_3_1,1.0
SCEN74.y_2_3_1,0.0
SCEN74.z_3_1,0.0
SCEN74.y_1_1_2,-0.0
SCEN74.y_2_1_2,1.0
SCEN74.z_1_2,0.0
SCEN74.y_1_2_2,1.0
SCEN74.y_2_2_2,0.0
SCEN74.z_2_2,0.0
SCEN74.y_1_3_2,1.0
SCEN74.y_2_3_2,-0.0
SCEN74.z_3_2,0.0
SCEN74.y_1_1_3,1.0
SCEN74.y_2_1_3,-0.0
SCEN74.z_1_3,0.0
SCEN74.y_1_2_3,1.0
SCEN74.y_2_2_3,0.0
SCEN74.z_2_3,0.0
SCEN74.y_1_3_3,-0.0
SCEN74.y_2_3_3,1.0
SCEN74.z_3_3,0.0
SCEN75.x_1_1,0.9985949999999999
SCEN75.u_1_1,1.0
SCEN75.x_2_1,1.0
SCEN75.u_2_1,1.0
SCEN75.x_1_2,1.0
SCEN75.u_1_2,1.0
SCEN75.x_2_2,0.49557000000000007
SCEN75.u_2_2,1.0
SCEN75.x_1_3,0.8430249999999999
SCEN75.u_1_3,1.0
SCEN75.x_2_3,0.0
SCEN75.u_2_3,0.0
SCEN75.y_1_1_1,0.0
SCEN75.y_2_1_1,0.0
SCEN75.z_1_1,1.0
SCEN75.y_1_2_1,-0.0
SCEN75.y_2_2_1,1.0
SCEN75.z_2_1,0.0
SCEN75.y_1_3_1,0.0
SCEN75.y_2_3_1,0.0
SCEN75.z_3_1,1.0
SCEN75.y_1_1_2,-0.0
SCEN75.y_2_1_2,1.0
SCEN75.z_1_2,0.0
SCEN75.y_1_2_2,-0.0
SCEN75.y_2_2_2,1.0
SCEN75.z_2_2,0.0
SCEN75.y_1_3_2,1.0
SCEN75.y_2_3_2,-0.0
SCEN75.z_3_2,0.0
SCEN75.y_1_1_3,1.0
SCEN75.y_2_1_3,-0.0
SCEN75.z_1_3,0.0
SCEN75.y_1_2_3,1.0
SCEN75.y_2_2_3,0.0
SCEN75.z_2_3,0.0
SCEN75.y_1_3_3,-0.0
SCEN75.y_2_3_3,1.0
SCEN75.z_3_3,0.0
SCEN76.x_1_1,0.9985949999999999
SCEN76.u_1_1,1.0
SCEN76.x_2_1,1.0
SCEN76.u_2_1,1.0
SCEN76.x_1_2,1.0
SCEN76.u_1_2,1.0
SCEN76.x_2_2,0.49557000000000007
SCEN76.u_2_2,1.0
SCEN76.x_1_3,0.8430249999999999
SCEN76.u_1_3,1.0
SCEN76.x_2_3,0.0
SCEN76.u_2_3,0.0
SCEN76.y_1_1_1,0.0
SCEN76.y_2_1_1,0.0
SCEN76.z_1_1,1.0
SCEN76.y_1_2_1,0.0
SCEN76.y_2_2_1,0.0
SCEN76.z_2_1,1.0
SCEN76.y_1_3_1,-0.0
SCEN76.y_2_3_1,1.0
SCEN76.z_3_1,0.0
SCEN76.y_1_1_2,0.0
SCEN76.y_2_1_2,1.0
SCEN76.z_1_2,0.0
SCEN76.y_1_2_2,1.0
SCEN76.y_2_2_2,0.0
SCEN76.z_2_2,0.0
SCEN76.y_1_3_2,1.0
SCEN76.y_2_3_2,-0.0
SCEN76.z_3_2,0.0
SCEN76.y_1_1_3,1.0
SCEN76.y_2_1_3,-0.0
SCEN76.z_1_3,0.0
SCEN76.y_1_2_3,1.0
SCEN76.y_2_2_3,0.0
SCEN76.z_2_3,0.0
SCEN76.y_1_3_3,-0.0
SCEN76.y_2_3_3,1.0
SCEN76.z_3_3,0.0
SCEN77.x_1_1,0.9985949999999999
SCEN77.u_1_1,1.0
SCEN77.x_2_1,1.0
SCEN77.u_2_1,1.0
SCEN77.x_1_2,1.0
SCEN77.u_1_2,1.0
SCEN77.x_2_2,0.49557000000000007
SCEN77.u_2_2,1.0
SCEN77.x_1_3,0.8430249999999999
SCEN77.u_1_3,1.0
SCEN77.x_2_3,0.0
SCEN77.u_2_3,0.0
SCEN77.y_1_1_1,-0.0
SCEN77.y_2_1_1,1.0
SCEN77.z_1_1,0.0
SCEN77.y_1_2_1,0.0
SCEN77.y_2_2_1,0.0
SCEN77.z_2_1,1.0
SCEN77.y_1_3_1,0.0
SCEN77.y_2_3_1,0.0
SCEN77.z_3_1,1.0
SCEN77.y_1_1_2,-0.0
SCEN77.y_2_1_2,1.0
SCEN77.z_1_2,0.0
SCEN77.y_1_2_2,1.0
SCEN77.y_2_2_2,-0.0
SCEN77.z_2_2,0.0
SCEN77.y_1_3_2,0.0
SCEN77.y_2_3_2,1.0
SCEN77.z_3_2,0.0
SCEN77.y_1_1_3,1.0
SCEN77.y_2_1_3,-0.0
SCEN77.z_1_3,0.0
SCEN77.y_1_2_3,1.0
SCEN77.y_2_2_3,0.0
SCEN77.z_2_3,0.0
SCEN77.y_1_3_3,-0.0
SCEN77.y_2_3_3,1.0
SCEN77.z_3_3,0.0
SCEN78.x_1_1,0.9985949999999999
SCEN78.u_1_1,1.0
SCEN78.x_2_1,1.0
SCEN78.u_2_1,1.0
SCEN78.x_1_2,1.0
SCEN78.u_1_2,1.0
SCEN78.x_2_2,0.49557000000000007
SCEN78.u_2_2,1.0
SCEN78.x_1_3,0.8430249999999999
SCEN78.u_1_3,1.0
SCEN78.x_2_3,0.0
SCEN78.u_2_3,0.0
SCEN78.y_1_1_1,0.0
SCEN78.y_2_1_1,0.0
SCEN78.z_1_1,1.0
SCEN78.y_1_2_1,-0.0
SCEN78.y_2_2_1,1.0
SCEN78.z_2_1,0.0
SCEN78.y_1_3_1,0.0
SCEN78.y_2_3_1,0.0
SCEN78.z_3_1,1.0
SCEN78.y_1_1_2,-0.0
SCEN78.y_2_1_2,0.0
SCEN78.z_1_2,1.0
SCEN78.y_1_2_2,0.0
SCEN78.y_2_2_2,1.0
SCEN78.z_2_2,0.0
SCEN78.y_1_3_2,1.0
SCEN78.y_2_3_2,-0.0
SCEN78.z_3_2,0.0
SCEN78.y_1_1_3,1.0
SCEN78.y_2_1_3,-0.0
SCEN78.z_1_3,0.0
SCEN78.y_1_2_3,1.0
SCEN78.y_2_2_3,0.0
SCEN78.z_2_3,0.0
SCEN78.y_1_3_3,-0.0
SCEN78.y_2_3_3,1.0
SCEN78.z_3_3,0.0
SCEN79.x_1_1,0.9985949999999999
SCEN79.u_1_1,1.0
SCEN79.x_2_1,1.0
SCEN79.u_2_1,1.0
SCEN79.x_1_2,1.0
SCEN79.u_1_2,1.0
SCEN79.x_2_2,0.49557000000000007
SCEN79.u_2_2,1.0
SCEN79.x_1_3,0.8430249999999999
SCEN79.u_1_3,1.0
SCEN79.x_2_3,0.0
SCEN79.u_2_3,0.0
SCEN79.y_1_1_1,0.0
SCEN79.y_2_1_1,0.0
SCEN79.z_1_1,1.0
SCEN79.y_1_2_1,-0.0
SCEN79.y_2_2_1,1.0
SCEN79.z_2_1,0.0
SCEN79.y_1_3_1,0.0
SCEN79.y_2_3_1,0.0
SCEN79.z_3_1,1.0
SCEN79.y_1_1_2,-0.0
SCEN79.y_2_1_2,1.0
SCEN79.z_1_2,0.0
SCEN79.y_1_2_2,-0.0
SCEN79.y_2_2_2,1.0
SCEN79.z_2_2,0.0
SCEN79.y_1_3_2,1.0
SCEN79.y_2_3_2,-0.0
SCEN79.z_3_2,0.0
SCEN79.y_1_1_3,1.0
SCEN79.y_2_1_3,-0.0
SCEN79.z_1_3,0.0
SCEN79.y_1_2_3,1.0
SCEN79.y_2_2_3,0.0
SCEN79.z_2_3,0.0
SCEN79.y_1_3_3,-0.0
SCEN79.y_2_3_3,1.0
SCEN79.z_3_3,0.0
SCEN80.x_1_1,0.9985949999999999
SCEN80.u_1_1,1.0
SCEN80.x_2_1,1.0
SCEN80.u_2_1,1.0
SCEN80.x_1_2,1.0
SCEN80.u_1_2,1.0
SCEN80.x_2_2,0.49557000000000007
SCEN80.u_2_2,1.0
SCEN80.x_1_3,0.8430249999999999
SCEN80.u_1_3,1.0
SCEN80.x_2_3,0.0
SCEN80.u_2_3,0.0
SCEN80.y_1_1_1,1.0
SCEN80.y_2_1_1,0.0
SCEN80.z_1_1,0.0
SCEN80.y_1_2_1,-0.0
SCEN80.y_2_2_1,-0.0
SCEN80.z_2_1,1.0
SCEN80.y_1_3_1,0.0
SCEN80.y_2_3_1,1.0
SCEN80.z_3_1,0.0
SCEN80.y_1_1_2,-0.0
SCEN80.y_2_1_2,0.0
SCEN80.z_1_2,1.0
SCEN80.y_1_2_2,0.0
SCEN80.y_2_2_2,1.0
SCEN80.z_2_2,0.0
SCEN80.y_1_3_2,1.0
SCEN80.y_2_3_2,-0.0
SCEN80.z_3_2,0.0
SCEN80.y_1_1_3,1.0
SCEN80.y_2_1_3,0.0
SCEN80.z_1_3,0.0
SCEN80.y_1_2_3,1.0
SCEN80.y_2_2_3,0.0
SCEN80.z_2_3,0.0
SCEN80.y_1_3_3,0.0
SCEN80.y_2_3_3,1.0
SCEN80.z_3_3,0.0
SCEN81.x_1_1,0.9985949999999999
SCEN81.u_1_1,1.0
SCEN81.x_2_1,1.0
SCEN81.u_2_1,1.0
SCEN81.x_1_2,1.0
SCEN81.u_1_2,1.0
SCEN81.x_2_2,0.49557000000000007
SCEN81.u_2_2,1.0
SCEN81.x_1_3,0.8430249999999999
SCEN81.u_1_3,1.0
SCEN81.x_2_3,0.0
SCEN81.u_2_3,0.0
SCEN81.y_1_1_1,0.0
SCEN81.y_2_1_1,0.0
SCEN81.z_1_1,1.0
SCEN81.y_1_2_1,-0.0
SCEN81.y_2_2_1,1.0
SCEN81.z_2_1,0.0
SCEN81.y_1_3_1,1.0
SCEN81.y_2_3_1,0.0
SCEN81.z_3_1,0.0
SCEN81.y_1_1_2,-0.0
SCEN81.y_2_1_2,1.0
SCEN81.z_1_2,0.0
SCEN81.y_1_2_2,1.0
SCEN81.y_2_2_2,0.0
SCEN81.z_2_2,0.0
SCEN81.y_1_3_2,1.0
SCEN81.y_2_3_2,-0.0
SCEN81.z_3_2,0.0
SCEN81.y_1_1_3,1.0
SCEN81.y_2_1_3,-0.0
SCEN81.z_1_3,0.0
SCEN81.y_1_2_3,1.0
SCEN81.y_2_2_3,0.0
SCEN81.z_2_3,0.0
SCEN81.y_1_3_3,-0.0
SCEN81.y_2_3_3,1.0
SCEN81.z_3_3,0.0
SCEN82.x_1_1,0.9985949999999999
SCEN82.u_1_1,1.0
SCEN82.x_2_1,1.0
SCEN82.u_2_1,1.0
SCEN82.x_1_2,1.0
SCEN82.u_1_2,1.0
SCEN82.x_2_2,0.49557000000000007
SCEN82.u_2_2,1.0
SCEN82.x_1_3,0.8430249999999999
SCEN82.u_1_3,1.0
SCEN82.x_2_3,0.0
SCEN82.u_2_3,0.0
SCEN82.y_1_1_1,0.0
SCEN82.y_2_1_1,0.0
SCEN82.z_1_1,1.0
SCEN82.y_1_2_1,-0.0
SCEN82.y_2_2_1,1.0
SCEN82.z_2_1,0.0
SCEN82.y_1_3_1,0.0
SCEN82.y_2_3_1,0.0
SCEN82.z_3_1,1.0
SCEN82.y_1_1_2,-0.0
SCEN82.y_2_1_2,1.0
SCEN82.z_1_2,0.0
SCEN82.y_1_2_2,1.0
SCEN82.y_2_2_2,0.0
SCEN82.z_2_2,0.0
SCEN82.y_1_3_2,1.0
SCEN82.y_2_3_2,0.0
SCEN82.z_3_2,0.0
SCEN82.y_1_1_3,1.0
SCEN82.y_2_1_3,-0.0
SCEN82.z_1_3,0.0
SCEN82.y_1_2_3,1.0
SCEN82.y_2_2_3,0.0
SCEN82.z_2_3,0.0
SCEN82.y_1_3_3,-0.0
SCEN82.y_2_3_3,1.0
SCEN82.z_3_3,0.0
SCEN83.x_1_1,0.9985949999999999
SCEN83.u_1_1,1.0
SCEN83.x_2_1,1.0
SCEN83.u_2_1,1.0
SCEN83.x_1_2,1.0
SCEN83.u_1_2,1.0
SCEN83.x_2_2,0.49557000000000007
SCEN83.u_2_2,1.0
SCEN83.x_1_3,0.8430249999999999
SCEN83.u_1_3,1.0
SCEN83.x_2_3,0.0
SCEN83.u_2_3,0.0
SCEN83.y_1_1_1,1.0
SCEN83.y_2_1_1,0.0
SCEN83.z_1_1,0.0
SCEN83.y_1_2_1,0.0
SCEN83.y_2_2_1,-0.0
SCEN83.z_2_1,1.0
SCEN83.y_1_3_1,0.0
SCEN83.y_2_3_1,1.0
SCEN83.z_3_1,0.0
SCEN83.y_1_1_2,-0.0
SCEN83.y_2_1_2,-0.0
SCEN83.z_1_2,1.0
SCEN83.y_1_2_2,-0.0
SCEN83.y_2_2_2,1.0
SCEN83.z_2_2,0.0
SCEN83.y_1_3_2,1.0
SCEN83.y_2_3_2,0.0
SCEN83.z_3_2,0.0
SCEN83.y_1_1_3,1.0
SCEN83.y_2_1_3,-0.0
SCEN83.z_1_3,0.0
SCEN83.y_1_2_3,1.0
SCEN83.y_2_2_3,0.0
SCEN83.z_2_3,0.0
SCEN83.y_1_3_3,-0.0
SCEN83.y_2_3_3,1.0
SCEN83.z_3_3,0.0
SCEN84.x_1_1,0.9985949999999999
SCEN84.u_1_1,1.0
SCEN84.x_2_1,1.0
SCEN84.u_2_1,1.0
SCEN84.x_1_2,1.0
SCEN84.u_1_2,1.0
SCEN84.x_2_2,0.49557000000000007
SCEN84.u_2_2,1.0
SCEN84.x_1_3,0.8430249999999999
SCEN84.u_1_3,1.0
SCEN84.x_2_3,0.0
SCEN84.u_2_3,0.0
SCEN84.y_1_1_1,-0.0
SCEN84.y_2_1_1,1.0
SCEN84.z_1_1,0.0
SCEN84.y_1_2_1,0.0
SCEN84.y_2_2_1,0.0
SCEN84.z_2_1,1.0
SCEN84.y_1_3_1,0.0
SCEN84.y_2_3_1,0.0
SCEN84.z_3_1,1.0
SCEN84.y_1_1_2,-0.0
SCEN84.y_2_1_2,1.0
SCEN84.z_1_2,0.0
SCEN84.y_1_2_2,1.0
SCEN84.y_2_2_2,0.0
SCEN84.z_2_2,0.0
SCEN84.y_1_3_2,1.0
SCEN84.y_2_3_2,-0.0
SCEN84.z_3_2,0.0
SCEN84.y_1_1_3,1.0
SCEN84.y_2_1_3,-0.0
SCEN84.z_1_3,0.0
SCEN84.y_1_2_3,1.0
SCEN84.y_2_2_3,0.0
SCEN84.z_2_3,0.0
SCEN84.y_1_3_3,0.0
SCEN84.y_2_3_3,1.0
SCEN84.z_3_3,0.0
SCEN85.x_1_1,0.9985949999999999
SCEN85.u_1_1,1.0
SCEN85.x_2_1,1.0
SCEN85.u_2_1,1.0
SCEN85.x_1_2,1.0
SCEN85.u_1_2,1.0
SCEN85.x_2_2,0.49557000000000007
SCEN85.u_2_2,1.0
SCEN85.x_1_3,0.8430249999999999
SCEN85.u_1_3,1.0
SCEN85.x_2_3,0.0
SCEN85.u_2_3,0.0
SCEN85.y_1_1_1,0.0
SCEN85.y_2_1_1,0.0
SCEN85.z_1_1,1.0
SCEN85.y_1_2_1,0.0
SCEN85.y_2_2_1,0.0
SCEN85.z_2_1,1.0
SCEN85.y_1_3_1,-0.0
SCEN85.y_2_3_1,1.0
SCEN85.z_3_1,0.0
SCEN85.y_1_1_2,-0.0
SCEN85.y_2_1_2,1.0
SCEN85.z_1_2,0.0
SCEN85.y_1_2_2,-0.0
SCEN85.y_2_2_2,1.0
SCEN85.z_2_2,0.0
SCEN85.y_1_3_2,1.0
SCEN85.y_2_3_2,-0.0
SCEN85.z_3_2,0.0
SCEN85.y_1_1_3,1.0
SCEN85.y_2_1_3,-0.0
SCEN85.z_1_3,0.0
SCEN85.y_1_2_3,-0.0
SCEN85.y_2_2_3,1.0
SCEN85.z_2_3,0.0
SCEN85.y_1_3_3,-0.0
SCEN85.y_2_3_3,1.0
SCEN85.z_3_3,0.0
SCEN86.x_1_1,0.9985949999999999
SCEN86.u_1_1,1.0
SCEN86.x_2_1,1.0
SCEN86.u_2_1,1.0
SCEN86.x_1_2,1.0
SCEN86.u_1_2,1.0
SCEN86.x_2_2,0.49557000000000007
SCEN86.u_2_2,1.0
SCEN86.x_1_3,0.8430249999999999
SCEN86.u_1_3,1.0
SCEN86.x_2_3,0.0
SCEN86.u_2_3,0.0
SCEN86.y_1_1_1,0.0
SCEN86.y_2_1_1,0.0
SCEN86.z_1_1,1.0
SCEN86.y_1_2_1,0.0
SCEN86.y_2_2_1,1.0
SCEN86.z_2_1,0.0
SCEN86.y_1_3_1,0.0
SCEN86.y_2_3_1,0.0
SCEN86.z_3_1,1.0
SCEN86.y_1_1_2,0.0
SCEN86.y_2_1_2,-0.0
SCEN86.z_1_2,1.0
SCEN86.y_1_2_2,0.0
SCEN86.y_2_2_2,1.0
SCEN86.z_2_2,0.0
SCEN86.y_1_3_2,1.0
SCEN86.y_2_3_2,-0.0
SCEN86.z_3_2,0.0
SCEN86.y_1_1_3,1.0
SCEN86.y_2_1_3,-0.0
SCEN86.z_1_3,0.0
SCEN86.y_1_2_3,1.0
SCEN86.y_2_2_3,0.0
SCEN86.z_2_3,0.0
SCEN86.y_1_3_3,0.0
SCEN86.y_2_3_3,1.0
SCEN86.z_3_3,0.0
SCEN87.x_1_1,0.9985949999999999
SCEN87.u_1_1,1.0
SCEN87.x_2_1,1.0
SCEN87.u_2_1,1.0
SCEN87.x_1_2,1.0
SCEN87.u_1_2,1.0
SCEN87.x_2_2,0.49557000000000007
SCEN87.u_2_2,1.0
SCEN87.x_1_3,0.8430249999999999
SCEN87.u_1_3,1.0
SCEN87.x_2_3,0.0
SCEN87.u_2_3,0.0
SCEN87.y_1_1_1,0.0
SCEN87.y_2_1_1,0.0
SCEN87.z_1_1,1.0
SCEN87.y_1_2_1,0.0
SCEN87.y_2_2_1,0.0
SCEN87.z_2_1,1.0
SCEN87.y_1_3_1,0.0
SCEN87.y_2_3_1,0.0
SCEN87.z_3_1,1.0
SCEN87.y_1_1_2,-0.0
SCEN87.y_2_1_2,1.0
SCEN87.z_1_2,0.0
SCEN87.y_1_2_2,1.0
SCEN87.y_2_2_2,0.0
SCEN87.z_2_2,0.0
SCEN87.y_1_3_2,1.0
SCEN87.y_2_3_2,-0.0
SCEN87.z_3_2,0.0
SCEN87.y_1_1_3,1.0
SCEN87.y_2_1_3,-0.0
SCEN87.z_1_3,0.0
SCEN87.y_1_2_3,1.0
SCEN87.y_2_2_3,0.0
SCEN87.z_2_3,0.0
SCEN87.y_1_3_3,-0.0
SCEN87.y_2_3_3,1.0
SCEN87.z_3_3,0.0
SCEN88.x_1_1,0.9985949999999999
SCEN88.u_1_1,1.0
SCEN88.x_2_1,1.0
SCEN88.u_2_1,1.0
SCEN88.x_1_2,1.0
SCEN88.u_1_2,1.0
SCEN88.x_2_2,0.49557000000000007
SCEN88.u_2_2,1.0
SCEN88.x_1_3,0.8430249999999999
SCEN88.u_1_3,1.0
SCEN88.x_2_3,0.0
SCEN88.u_2_3,0.0
SCEN88.y_1_1_1,1.0
SCEN88.y_2_1_1,0.0
SCEN88.z_1_1,0.0
SCEN88.y_1_2_1,-0.0
SCEN88.y_2_2_1,1.0
SCEN88.z_2_1,0.0
SCEN88.y_1_3_1,0.0
SCEN88.y_2_3_1,0.0
SCEN88.z_3_1,1.0
SCEN88.y_1_1_2,0.0
SCEN88.y_2_1_2,-0.0
SCEN88.z_1_2,1.0
SCEN88.y_1_2_2,0.0
SCEN88.y_2_2_2,1.0
SCEN88.z_2_2,0.0
SCEN88.y_1_3_2,1.0
SCEN88.y_2_3_2,0.0
SCEN88.z_3_2,0.0
SCEN88.y_1_1_3,1.0
SCEN88.y_2_1_3,-0.0
SCEN88.z_1_3,0.0
SCEN88.y_1_2_3,1.0
SCEN88.y_2_2_3,0.0
SCEN88.z_2_3,0.0
SCEN88.y_1_3_3,-0.0
SCEN88.y_2_3_3,1.0
SCEN88.z_3_3,0.0
SCEN89.x_1_1,0.9985949999999999
SCEN89.u_1_1,1.0
SCEN89.x_2_1,1.0
SCEN89.u_2_1,1.0
SCEN89.x_1_2,1.0
SCEN89.u_1_2,1.0
SCEN89.x_2_2,0.49557000000000007
SCEN89.u_2_2,1.0
SCEN89.x_1_3,0.8430249999999999
SCEN89.u_1_3,1.0
SCEN89.x_2_3,0.0
SCEN89.u_2_3,0.0
SCEN89.y_1_1_1,0.0
SCEN89.y_2_1_1,0.0
SCEN89.z_1_1,1.0
SCEN89.y_1_2_1,-0.0
SCEN89.y_2_2_1,1.0
SCEN89.z_2_1,0.0
SCEN89.y_1_3_1,1.0
SCEN89.y_2_3_1,0.0
SCEN89.z_3_1,0.0
SCEN89.y_1_1_2,0.0
SCEN89.y_2_1_2,-0.0
SCEN89.z_1_2,1.0
SCEN89.y_1_2_2,0.0
SCEN89.y_2_2_2,1.0
SCEN89.z_2_2,0.0
SCEN89.y_1_3_2,1.0
SCEN89.y_2_3_2,-0.0
SCEN89.z_3_2,0.0
SCEN89.y_1_1_3,1.0
SCEN89.y_2_1_3,-0.0
SCEN89.z_1_3,0.0
SCEN89.y_1_2_3,1.0
SCEN89.y_2_2_3,0.0
SCEN89.z_2_3,0.0
SCEN89.y_1_3_3,-0.0
SCEN89.y_2_3_3,1.0
SCEN89.z_3_3,0.0
SCEN90.x_1_1,0.9985949999999999
SCEN90.u_1_1,1.0
SCEN90.x_2_1,1.0
SCEN90.u_2_1,1.0
SCEN90.x_1_2,1.0
SCEN90.u_1_2,1.0
SCEN90.x_2_2,0.49557000000000007
SCEN90.u_2_2,1.0
SCEN90.x_1_3,0.8430249999999999
SCEN90.u_1_3,1.0
SCEN90.x_2_3,0.0
SCEN90.u_2_3,0.0
SCEN90.y_1_1_1,0.0
SCEN90.y_2_1_1,0.0
SCEN90.z_1_1,1.0
SCEN90.y_1_2_1,-0.0
SCEN90.y_2_2_1,1.0
SCEN90.z_2_1,0.0
SCEN90.y_1_3_1,0.0
SCEN90.y_2_3_1,0.0
SCEN90.z_3_1,1.0
SCEN90.y_1_1_2,1.0
SCEN90.y_2_1_2,-0.0
SCEN90.z_1_2,0.0
SCEN90.y_1_2_2,1.0
SCEN90.y_2_2_2,0.0
SCEN90.z_2_2,0.0
SCEN90.y_1_3_2,-0.0
SCEN90.y_2_3_2,1.0
SCEN90.z_3_2,0.0
SCEN90.y_1_1_3,1.0
SCEN90.y_2_1_3,-0.0
SCEN90.z_1_3,0.0
SCEN90.y_1_2_3,1.0
SCEN90.y_2_2_3,0.0
SCEN90.z_2_3,0.0
SCEN90.y_1_3_3,-0.0
SCEN90.y_2_3_3,1.0
SCEN90.z_3_3,0.0
SCEN91.x_1_1,0.9985949999999999
SCEN91.u_1_1,1.0
SCEN91.x_2_1,1.0
SCEN91.u_2_1,1.0
SCEN91.x_1_2,1.0
SCEN91.u_1_2,1.0
SCEN91.x_2_2,0.49557000000000007
SCEN91.u_2_2,1.0
SCEN91.x_1_3,0.8430249999999999
SCEN91.u_1_3,1.0
SCEN91.x_2_3,0.0
SCEN91.u_2_3,0.0
SCEN91.y_1_1_1,-0.0
SCEN91.y_2_1_1,1.0
SCEN91.z_1_1,0.0
SCEN91.y_1_2_1,0.0
SCEN91.y_2_2_1,0.0
SCEN91.z_2_1,1.0
SCEN91.y_1_3_1,0.0
SCEN91.y_2_3_1,0.0
SCEN91.z_3_1,1.0
SCEN91.y_1_1_2,-0.0
SCEN91.y_2_1_2,1.0
SCEN91.z_1_2,0.0
SCEN91.y_1_2_2,1.0
SCEN91.y_2_2_2,0.0
SCEN91.z_2_2,0.0
SCEN91.y_1_3_2,1.0
SCEN91.y_2_3_2,-0.0
SCEN91.z_3_2,0.0
SCEN91.y_1_1_3,1.0
SCEN91.y_2_1_3,-0.0
SCEN91.z_1_3,0.0
SCEN91.y_1_2_3,1.0
SCEN91.y_2_2_3,0.0
SCEN91.z_2_3,0.0
SCEN91.y_1_3_3,0.0
SCEN91.y_2_3_3,1.0
SCEN91.z_3_3,0.0
SCEN92.x_1_1,0.9985949999999999
SCEN92.u_1_1,1.0
SCEN92.x_2_1,1.0
SCEN92.u_2_1,1.0
SCEN92.x_1_2,1.0
SCEN92.u_1_2,1.0
SCEN92.x_2_2,0.49557000000000007
SCEN92.u_2_2,1.0
SCEN92.x_1_3,0.8430249999999999
SCEN92.u_1_3,1.0
SCEN92.x_2_3,0.0
SCEN92.u_2_3,0.0
SCEN92.y_1_1_1,-0.0
SCEN92.y_2_1_1,1.0
SCEN92.z_1_1,0.0
SCEN92.y_1_2_1,0.0
SCEN92.y_2_2_1,0.0
SCEN92.z_2_1,1.0
SCEN92.y_1_3_1,0.0
SCEN92.y_2_3_1,0.0
SCEN92.z_3_1,1.0
SCEN92.y_1_1_2,1.0
SCEN92.y_2_1_2,0.0
SCEN92.z_1_2,0.0
SCEN92.y_1_2_2,1.0
SCEN92.y_2_2_2,0.0
SCEN92.z_2_2,0.0
SCEN92.y_1_3_2,-0.0
SCEN92.y_2_3_2,1.0
SCEN92.z_3_2,0.0
SCEN92.y_1_1_3,1.0
SCEN92.y_2_1_3,-0.0
SCEN92.z_1_3,0.0
SCEN92.y_1_2_3,1.0
SCEN92.y_2_2_3,-0.0
SCEN92.z_2_3,0.0
SCEN92.y_1_3_3,-0.0
SCEN92.y_2_3_3,1.0
SCEN92.z_3_3,0.0
SCEN93.x_1_1,0.9985949999999999
SCEN93.u_1_1,1.0
SCEN93.x_2_1,1.0
SCEN93.u_2_1,1.0
SCEN93.x_1_2,1.0
SCEN93.u_1_2,1.0
SCEN93.x_2_2,0.49557000000000007
SCEN93.u_2_2,1.0
SCEN93.x_1_3,0.8430249999999999
SCEN93.u_1_3,1.0
SCEN93.x_2_3,0.0
SCEN93.u_2_3,0.0
SCEN93.y_1_1_1,0.0
SCEN93.y_2_1_1,0.0
SCEN93.z_1_1,1.0
SCEN93.y_1_2_1,-0.0
SCEN93.y_2_2_1,1.0
SCEN93.z_2_1,0.0
SCEN93.y_1_3_1,1.0
SCEN93.y_2_3_1,0.0
SCEN93.z_3_1,0.0
SCEN93.y_1_1_2,0.0
SCEN93.y_2_1_2,-0.0
SCEN93.z_1_2,1.0
SCEN93.y_1_2_2,0.0
SCEN93.y_2_2_2,1.0
SCEN93.z_2_2,0.0
SCEN93.y_1_3_2,1.0
SCEN93.y_2_3_2,0.0
SCEN93.z_3_2,0.0
SCEN93.y_1_1_3,1.0
SCEN93.y_2_1_3,-0.0
SCEN93.z_1_3,0.0
SCEN93.y_1_2_3,-0.0
SCEN93.y_2_2_3,1.0
SCEN93.z_2_3,0.0
SCEN93.y_1_3_3,-0.0
SCEN93.y_2_3_3,1.0
SCEN93.z_3_3,0.0
SCEN94.x_1_1,0.9985949999999999
SCEN94.u_1_1,1.0
SCEN94.x_2_1,1.0
SCEN94.u_2_1,1.0
SCEN94.x_1_2,1.0
SCEN94.u_1_2,1.0
SCEN94.x_2_2,0.49557000000000007
SCEN94.u_2_2,1.0
SCEN94.x_1_3,0.8430249999999999
SCEN94.u_1_3,1.0
SCEN94.x_2_3,0.0
SCEN94.u_2_3,0.0
SCEN94.y_1_1_1,0.0
SCEN94.y_2_1_1,0.0
SCEN94.z_1_1,1.0
SCEN94.y_1_2_1,0.0
SCEN94.y_2_2_1,0.0
SCEN94.z_2_1,1.0
SCEN94.y_1_3_1,-0.0
SCEN94.y_2_3_1,1.0
SCEN94.z_3_1,0.0
SCEN94.y_1_1_2,-0.0
SCEN94.y_2_1_2,1.0
SCEN94.z_1_2,0.0
SCEN94.y_1_2_2,1.0
SCEN94.y_2_2_2,0.0
SCEN94.z_2_2,0.0
SCEN94.y_1_3_2,1.0
SCEN94.y_2_3_2,0.0
SCEN94.z_3_2,0.0
SCEN94.y_1_1_3,1.0
SCEN94.y_2_1_3,-0.0
SCEN94.z_1_3,0.0
SCEN94.y_1_2_3,1.0
SCEN94.y_2_2_3,0.0
SCEN94.z_2_3,0.0
SCEN94.y_1_3_3,0.0
SCEN94.y_2_3_3,1.0
SCEN94.z_3_3,0.0
SCEN95.x_1_1,0.9985949999999999
SCEN95.u_1_1,1.0
SCEN95.x_2_1,1.0
SCEN95.u_2_1,1.0
SCEN95.x_1_2,1.0
SCEN95.u_1_2,1.0
SCEN95.x_2_2,0.49557000000000007
SCEN95.u_2_2,1.0
SCEN95.x_1_3,0.8430249999999999
SCEN95.u_1_3,1.0
SCEN95.x_2_3,0.0
SCEN95.u_2_3,0.0
SCEN95.y_1_1_1,-0.0
SCEN95.y_2_1_1,1.0
SCEN95.z_1_1,0.0
SCEN95.y_1_2_1,0.0
SCEN95.y_2_2_1,0.0
SCEN95.z_2_1,1.0
SCEN95.y_1_3_1,0.0
SCEN95.y_2_3_1,0.0
SCEN95.z_3_1,1.0
SCEN95.y_1_1_2,0.0
SCEN95.y_2_1_2,0.0
SCEN95.z_1_2,1.0
SCEN95.y_1_2_2,0.0
SCEN95.y_2_2_2,1.0
SCEN95.z_2_2,0.0
SCEN95.y_1_3_2,1.0
SCEN95.y_2_3_2,0.0
SCEN95.z_3_2,0.0
SCEN95.y_1_1_3,1.0
SCEN95.y_2_1_3,-0.0
SCEN95.z_1_3,0.0
SCEN95.y_1_2_3,-0.0
SCEN95.y_2_2_3,1.0
SCEN95.z_2_3,0.0
SCEN95.y_1_3_3,-0.0
SCEN95.y_2_3_3,1.0
SCEN95.z_3_3,0.0
SCEN96.x_1_1,0.9985949999999999
SCEN96.u_1_1,1.0
SCEN96.x_2_1,1.0
SCEN96.u_2_1,1.0
SCEN96.x_1_2,1.0
SCEN96.u_1_2,1.0
SCEN96.x_2_2,0.49557000000000007
SCEN96.u_2_2,1.0
SCEN96.x_1_3,0.8430249999999999
SCEN96.u_1_3,1.0
SCEN96.x_2_3,0.0
SCEN96.u_2_3,0.0
SCEN96.y_1_1_1,0.0
SCEN96.y_2_1_1,0.0
SCEN96.z_1_1,1.0
SCEN96.y_1_2_1,-0.0
SCEN96.y_2_2_1,1.0
SCEN96.z_2_1,0.0
SCEN96.y_1_3_1,0.0
SCEN96.y_2_3_1,0.0
SCEN96.z_3_1,1.0
SCEN96.y_1_1_2,1.0
SCEN96.y_2_1_2,-0.0
SCEN96.z_1_2,0.0
SCEN96.y_1_2_2,1.0
SCEN96.y_2_2_2,-0.0
SCEN96.z_2_2,0.0
SCEN96.y_1_3_2,0.0
SCEN96.y_2_3_2,1.0
SCEN96.z_3_2,0.0
SCEN96.y_1_1_3,1.0
SCEN96.y_2_1_3,-0.0
SCEN96.z_1_3,0.0
SCEN96.y_1_2_3,1.0
SCEN96.y_2_2_3,0.0
SCEN96.z_2_3,0.0
SCEN96.y_1_3_3,-0.0
SCEN96.y_2_3_3,1.0
SCEN96.z_3_3,0.0
SCEN97.x_1_1,0.9985949999999999
SCEN97.u_1_1,1.0
SCEN97.x_2_1,1.0
SCEN97.u_2_1,1.0
SCEN97.x_1_2,1.0
SCEN97.u_1_2,1.0
SCEN97.x_2_2,0.49557000000000007
SCEN97.u_2_2,1.0
SCEN97.x_1_3,0.8430249999999999
SCEN97.u_1_3,1.0
SCEN97.x_2_3,0.0
SCEN97.u_2_3,0.0
SCEN97.y_1_1_1,1.0
SCEN97.y_2_1_1,0.0
SCEN97.z_1_1,0.0
SCEN97.y_1_2_1,0.0
SCEN97.y_2_2_1,0.0
SCEN97.z_2_1,1.0
SCEN97.y_1_3_1,0.0
SCEN97.y_2_3_1,1.0
SCEN97.z_3_1,0.0
SCEN97.y_1_1_2,0.0
SCEN97.y_2_1_2,0.0
SCEN97.z_1_2,1.0
SCEN97.y_1_2_2,0.0
SCEN97.y_2_2_2,1.0
SCEN97.z_2_2,0.0
SCEN97.y_1_3_2,1.0
SCEN97.y_2_3_2,0.0
SCEN97.z_3_2,0.0
SCEN97.y_1_1_3,1.0
SCEN97.y_2_1_3,-0.0
SCEN97.z_1_3,0.0
SCEN97.y_1_2_3,1.0
SCEN97.y_2_2_3,0.0
SCEN97.z_2_3,0.0
SCEN97.y_1_3_3,-0.0
SCEN97.y_2_3_3,1.0
SCEN97.z_3_3,0.0
SCEN98.x_1_1,0.9985949999999999
SCEN98.u_1_1,1.0
SCEN98.x_2_1,1.0
SCEN98.u_2_1,1.0
SCEN98.x_1_2,1.0
SCEN98.u_1_2,1.0
SCEN98.x_2_2,0.49557000000000007
SCEN98.u_2_2,1.0
SCEN98.x_1_3,0.8430249999999999
SCEN98.u_1_3,1.0
SCEN98.x_2_3,0.0
SCEN98.u_2_3,0.0
SCEN98.y_1_1_1,0.0
SCEN98.y_2_1_1,0.0
SCEN98.z_1_1,1.0
SCEN98.y_1_2_1,-0.0
SCEN98.y_2_2_1,1.0
SCEN98.z_2_1,0.0
SCEN98.y_1_3_1,0.0
SCEN98.y_2_3_1,0.0
SCEN98.z_3_1,1.0
SCEN98.y_1_1_2,1.0
SCEN98.y_2_1_2,0.0
SCEN98.z_1_2,0.0
SCEN98.y_1_2_2,-0.0
SCEN98.y_2_2_2,1.0
SCEN98.z_2_2,0.0
SCEN98.y_1_3_2,1.0
SCEN98.y_2_3_2,0.0
SCEN98.z_3_2,0.0
SCEN98.y_1_1_3,1.0
SCEN98.y_2_1_3,-0.0
SCEN98.z_1_3,0.0
SCEN98.y_1_2_3,1.0
SCEN98.y_2_2_3,0.0
SCEN98.z_2_3,0.0
SCEN98.y_1_3_3,-0.0
SCEN98.y_2_3_3,1.0
SCEN98.z_3_3,0.0
SCEN99.x_1_1,0.9985949999999999
SCEN99.u_1_1,1.0
SCEN99.x_2_1,1.0
SCEN99.u_2_1,1.0
SCEN99.x_1_2,1.0
SCEN99.u_1_2,1.0
SCEN99.x_2_2,0.49557000000000007
SCEN99.u_2_2,1.0
SCEN99.x_1_3,0.8430249999999999
SCEN99.u_1_3,1.0
SCEN99.x_2_3,0.0
SCEN99.u_2_3,0.0
SCEN99.y_1_1_1,0.0
SCEN99.y_2_1_1,0.0
SCEN99.z_1_1,1.0
SCEN99.y_1_2_1,0.0
SCEN99.y_2_2_1,0.0
SCEN99.z_2_1,1.0
SCEN99.y_1_3_1,0.0
SCEN99.y_2_3_1,0.0
SCEN99.z_3_1,1.0
SCEN99.y_1_1_2,-0.0
SCEN99.y_2_1_2,1.0
SCEN99.z_1_2,0.0
SCEN99.y_1_2_2,1.0
SCEN99.y_2_2_2,0.0
SCEN99.z_2_2,0.0
SCEN99.y_1_3_2,1.0
SCEN99.y_2_3_2,-0.0
SCEN99.z_3_2,0.0
SCEN99.y_1_1_3,1.0
SCEN99.y_2_1_3,-0.0
SCEN99.z_1_3,0.0
SCEN99.y_1_2_3,1.0
SCEN99.y_2_2_3,0.0
SCEN99.z_2_3,0.0
SCEN99.y_1_3_3,0.0
SCEN99.y_2_3_3,1.0
SCEN99.z_3_3,0.0
SCEN100.x_1_1,0.9985949999999999
SCEN100.u_1_1,1.0
SCEN100.x_2_1,1.0
SCEN100.u_2_1,1.0
SCEN100.x_1_2,1.0
SCEN100.u_1_2,1.0
SCEN100.x_2_2,0.49557000000000007
SCEN100.u_2_2,1.0
SCEN100.x_1_3,0.8430249999999999
SCEN100.u_1_3,1.0
SCEN100.x_2_3,0.0
SCEN100.u_2_3,0.0
SCEN100.y_1_1_1,-0.0
SCEN100.y_2_1_1,1.0
SCEN100.z_1_1,0.0
SCEN100.y_1_2_1,0.0
SCEN100.y_2_2_1,0.0
SCEN100.z_2_1,1.0
SCEN100.y_1_3_1,0.0
SCEN100.y_2_3_1,0.0
SCEN100.z_3_1,1.0
SCEN100.y_1_1_2,0.0
SCEN100.y_2_1_2,-0.0
SCEN100.z_1_2,1.0
SCEN100.y_1_2_2,0.0
SCEN100.y_2_2_2,1.0
SCEN100.z_2_2,0.0
SCEN100.y_1_3_2,1.0
SCEN100.y_2_3_2,0.0
SCEN100.z_3_2,0.0
SCEN100.y_1_1_3,1.0
SCEN100.y_2_1_3,-0.0
SCEN100.z_1_3,0.0
SCEN100.y_1_2_3,1.0
SCEN100.y_2_2_3,-0.0
SCEN100.z_2_3,0.0
SCEN100.y_1_3_3,-0.0
SCEN100.y_2_3_3,1.0
SCEN100.z_3_3,0.0
SCEN101.x_1_1,0.9985949999999999
SCEN101.u_1_1,1.0
SCEN101.x_2_1,1.0
SCEN101.u_2_1,1.0
SCEN101.x_1_2,1.0
SCEN101.u_1_2,1.0
SCEN101.x_2_2,0.49557000000000007
SCEN101.u_2_2,1.0
SCEN101.x_1_3,0.8430249999999999
SCEN101.u_1_3,1.0
SCEN101.x_2_3,0.0
SCEN101.u_2_3,0.0
SCEN101.y_1_1_1,0.0
SCEN101.y_2_1_1,1.0
SCEN101.z_1_1,0.0
SCEN101.y_1_2_1,0.0
SCEN101.y_2_2_1,0.0
SCEN101.z_2_1,1.0
SCEN101.y_1_3_1,1.0
SCEN101.y_2_3_1,-0.0
SCEN101.z_3_1,0.0
SCEN101.y_1_1_2,0.0
SCEN101.y_2_1_2,0.0
SCEN101.z_1_2,1.0
SCEN101.y_1_2_2,0.0
SCEN101.y_2_2_2,1.0
SCEN101.z_2_2,0.0
SCEN101.y_1_3_2,1.0
SCEN101.y_2_3_2,0.0
SCEN101.z_3_2,0.0
SCEN101.y_1_1_3,1.0
SCEN101.y_2_1_3,-0.0
SCEN101.z_1_3,0.0
SCEN101.y_1_2_3,1.0
SCEN101.y_2_2_3,0.0
SCEN101.z_2_3,0.0
SCEN101.y_1_3_3,-0.0
SCEN101.y_2_3_3,1.0
SCEN101.z_3_3,0.0
SCEN102.x_1_1,0.9985949999999999
SCEN102.u_1_1,1.0
SCEN102.x_2_1,1.0
SCEN102.u_2_1,1.0
SCEN102.x_1_2,1.0
SCEN102.u_1_2,1.0
SCEN102.x_2_2,0.49557000000000007
SCEN102.u_2_2,1.0
SCEN102.x_1_3,0.8430249999999999
SCEN102.u_1_3,1.0
SCEN102.x_2_3,0.0
SCEN102.u_2_3,0.0
SCEN102.y_1_1_1,1.0
SCEN102.y_2_1_1,0.0
SCEN102.z_1_1,0.0
SCEN102.y_1_2_1,0.0
SCEN102.y_2_2_1,0.0
SCEN102.z_2_1,1.0
SCEN102.y_1_3_1,-0.0
SCEN102.y_2_3_1,1.0
SCEN102.z_3_1,0.0
SCEN102.y_1_1_2,0.0
SCEN102.y_2_1_2,-0.0
SCEN102.z_1_2,1.0
SCEN102.y_1_2_2,0.0
SCEN102.y_2_2_2,1.0
SCEN102.z_2_2,0.0
SCEN102.y_1_3_2,1.0
SCEN102.y_2_3_2,0.0
SCEN102.z_3_2,0.0
SCEN102.y_1_1_3,1.0
SCEN102.y_2_1_3,-0.0
SCEN102.z_1_3,0.0
SCEN102.y_1_2_3,1.0
SCEN102.y_2_2_3,0.0
SCEN102.z_2_3,0.0
SCEN102.y_1_3_3,-0.0
SCEN102.y_2_3_3,1.0
SCEN102.z_3_3,0.0
SCEN103.x_1_1,0.9985949999999999
SCEN103.u_1_1,1.0
SCEN103.x_2_1,1.0
SCEN103.u_2_1,1.0
SCEN103.x_1_2,1.0
SCEN103.u_1_2,1.0
SCEN103.x_2_2,0.49557000000000007
SCEN103.u_2_2,1.0
SCEN103.x_1_3,0.8430249999999999
SCEN103.u_1_3,1.0
SCEN103.x_2_3,0.0
SCEN103.u_2_3,0.0
SCEN103.y_1_1_1,0.0
SCEN103.y_2_1_1,0.0
SCEN103.z_1_1,1.0
SCEN103.y_1_2_1,0.0
SCEN103.y_2_2_1,0.0
SCEN103.z_2_1,1.0
SCEN103.y_1_3_1,-0.0
SCEN103.y_2_3_1,1.0
SCEN103.z_3_1,0.0
SCEN103.y_1_1_2,0.0
SCEN103.y_2_1_2,-0.0
SCEN103.z_1_2,1.0
SCEN103.y_1_2_2,0.0
SCEN103.y_2_2_2,1.0
SCEN103.z_2_2,0.0
SCEN103.y_1_3_2,1.0
SCEN103.y_2_3_2,-0.0
SCEN103.z_3_2,0.0
SCEN103.y_1_1_3,1.0
SCEN103.y_2_1_3,-0.0
SCEN103.z_1_3,0.0
SCEN103.y_1_2_3,-0.0
SCEN103.y_2_2_3,1.0
SCEN103.z_2_3,0.0
SCEN103.y_1_3_3,-0.0
SCEN103.y_2_3_3,1.0
SCEN103.z_3_3,0.0
SCEN104.x_1_1,0.9985949999999999
SCEN104.u_1_1,1.0
SCEN104.x_2_1,1.0
SCEN104.u_2_1,1.0
SCEN104.x_1_2,1.0
SCEN104.u_1_2,1.0
SCEN104.x_2_2,0.49557000000000007
SCEN104.u_2_2,1.0
SCEN104.x_1_3,0.8430249999999999
SCEN104.u_1_3,1.0
SCEN104.x_2_3,0.0
SCEN104.u_2_3,0.0
SCEN104.y_1_1_1,0.0
SCEN104.y_2_1_1,0.0
SCEN104.z_1_1,1.0
SCEN104.y_1_2_1,-0.0
SCEN104.y_2_2_1,1.0
SCEN104.z_2_1,0.0
SCEN104.y_1_3_1,1.0
SCEN104.y_2_3_1,0.0
SCEN104.z_3_1,0.0
SCEN104.y_1_1_2,-0.0
SCEN104.y_2_1_2,1.0
SCEN104.z_1_2,0.0
SCEN104.y_1_2_2,1.0
SCEN104.y_2_2_2,0.0
SCEN104.z_2_2,0.0
SCEN104.y_1_3_2,1.0
SCEN104.y_2_3_2,-0.0
SCEN104.z_3_2,0.0
SCEN104.y_1_1_3,1.0
SCEN104.y_2_1_3,-0.0
SCEN104.z_1_3,0.0
SCEN104.y_1_2_3,1.0
SCEN104.y_2_2_3,0.0
SCEN104.z_2_3,0.0
SCEN104.y_1_3_3,-0.0
SCEN104.y_2_3_3,1.0
SCEN104.z_3_3,0.0
SCEN105.x_1_1,0.9985949999999999
SCEN105.u_1_1,1.0
SCEN105.x_2_1,1.0
SCEN105.u_2_1,1.0
SCEN105.x_1_2,1.0
SCEN105.u_1_2,1.0
SCEN105.x_2_2,0.49557000000000007
SCEN105.u_2_2,1.0
SCEN105.x_1_3,0.8430249999999999
SCEN105.u_1_3,1.0
SCEN105.x_2_3,0.0
SCEN105.u_2_3,0.0
SCEN105.y_1_1_1,0.0
SCEN105.y_2_1_1,0.0
SCEN105.z_1_1,1.0
SCEN105.y_1_2_1,-0.0
SCEN105.y_2_2_1,1.0
SCEN105.z_2_1,0.0
SCEN105.y_1_3_1,1.0
SCEN105.y_2_3_1,0.0
SCEN105.z_3_1,0.0
SCEN105.y_1_1_2,1.0
SCEN105.y_2_1_2,-0.0
SCEN105.z_1_2,0.0
SCEN105.y_1_2_2,0.0
SCEN105.y_2_2_2,1.0
SCEN105.z_2_2,0.0
SCEN105.y_1_3_2,1.0
SCEN105.y_2_3_2,0.0
SCEN105.z_3_2,0.0
SCEN105.y_1_1_3,1.0
SCEN105.y_2_1_3,-0.0
SCEN105.z_1_3,0.0
SCEN105.y_1_2_3,1.0
SCEN105.y_2_2_3,0.0
SCEN105.z_2_3,0.0
SCEN105.y_1_3_3,-0.0
SCEN105.y_2_3_3,1.0
SCEN105.z_3_3,0.0
SCEN106.x_1_1,0.9985949999999999
SCEN106.u_1_1,1.0
SCEN106.x_2_1,1.0
SCEN106.u_2_1,1.0
SCEN106.x_1_2,1.0
SCEN106.u_1_2,1.0
SCEN106.x_2_2,0.49557000000000007
SCEN106.u_2_2,1.0
SCEN106.x_1_3,0.8430249999999999
SCEN106.u_1_3,1.0
SCEN106.x_2_3,0.0
SCEN106.u_2_3,0.0
SCEN106.y_1_1_1,-0.0
SCEN106.y_2_1_1,1.0
SCEN106.z_1_1,0.0
SCEN106.y_1_2_1,0.0
SCEN106.y_2_2_1,0.0
SCEN106.z_2_1,1.0
SCEN106.y_1_3_1,0.0
SCEN106.y_2_3_1,0.0
SCEN106.z_3_1,1.0
SCEN106.y_1_1_2,-0.0
SCEN106.y_2_1_2,0.0
SCEN106.z_1_2,1.0
SCEN106.y_1_2_2,0.0
SCEN106.y_2_2_2,1.0
SCEN106.z_2_2,0.0
SCEN106.y_1_3_2,1.0
SCEN106.y_2_3_2,0.0
SCEN106.z_3_2,0.0
SCEN106.y_1_1_3,1.0
SCEN106.y_2_1_3,-0.0
SCEN106.z_1_3,0.0
SCEN106.y_1_2_3,1.0
SCEN106.y_2_2_3,0.0
SCEN106.z_2_3,0.0
SCEN106.y_1_3_3,0.0
SCEN106.y_2_3_3,1.0
SCEN106.z_3_3,0.0
SCEN107.x_1_1,0.9985949999999999
SCEN107.u_1_1,1.0
SCEN107.x_2_1,1.0
SCEN107.u_2_1,1.0
SCEN107.x_1_2,1.0
SCEN107.u_1_2,1.0
SCEN107.x_2_2,0.49557000000000007
SCEN107.u_2_2,1.0
SCEN107.x_1_3,0.8430249999999999
SCEN107.u_1_3,1.0
SCEN107.x_2_3,0.0
SCEN107.u_2_3,0.0
SCEN107.y_1_1_1,0.0
SCEN107.y_2_1_1,0.0
SCEN107.z_1_1,1.0
SCEN107.y_1_2_1,-0.0
SCEN107.y_2_2_1,1.0
SCEN107.z_2_1,0.0
SCEN107.y_1_3_1,0.0
SCEN107.y_2_3_1,0.0
SCEN107.z_3_1,1.0
SCEN107.y_1_1_2,0.0
SCEN107.y_2_1_2,-0.0
SCEN107.z_1_2,1.0
SCEN107.y_1_2_2,0.0
SCEN107.y_2_2_2,1.0
SCEN107.z_2_2,0.0
SCEN107.y_1_3_2,1.0
SCEN107.y_2_3_2,-0.0
SCEN107.z_3_2,0.0
SCEN107.y_1_1_3,1.0
SCEN107.y_2_1_3,0.0
SCEN107.z_1_3,0.0
SCEN107.y_1_2_3,1.0
SCEN107.y_2_2_3,0.0
SCEN107.z_2_3,0.0
SCEN107.y_1_3_3,0.0
SCEN107.y_2_3_3,1.0
SCEN107.z_3_3,0.0
SCEN108.x_1_1,0.9985949999999999
SCEN108.u_1_1,1.0
SCEN108.x_2_1,1.0
SCEN108.u_2_1,1.0
SCEN108.x_1_2,1.0
SCEN108.u_1_2,1.0
SCEN108.x_2_2,0.49557000000000007
SCEN108.u_2_2,1.0
SCEN108.x_1_3,0.8430249999999999
SCEN108.u_1_3,1.0
SCEN108.x_2_3,0.0
SCEN108.u_2_3,0.0
SCEN108.y_1_1_1,-0.0
SCEN108.y_2_1_1,1.0
SCEN108.z_1_1,0.0
SCEN108.y_1_2_1,0.0
SCEN108.y_2_2_1,0.0
SCEN108.z_2_1,1.0
SCEN108.y_1_3_1,0.0
SCEN108.y_2_3_1,0.0
SCEN108.z_3_1,1.0
SCEN108.y_1_1_2,-0.0
SCEN108.y_2_1_2,1.0
SCEN108.z_1_2,0.0
SCEN108.y_1_2_2,1.0
SCEN108.y_2_2_2,0.0
SCEN108.z_2_2,0.0
SCEN108.y_1_3_2,1.0
SCEN108.y_2_3_2,-0.0
SCEN108.z_3_2,0.0
SCEN108.y_1_1_3,1.0
SCEN108.y_2_1_3,-0.0
SCEN108.z_1_3,0.0
SCEN108.y_1_2_3,1.0
SCEN108.y_2_2_3,0.0
SCEN108.z_2_3,0.0
SCEN108.y_1_3_3,-0.0
SCEN108.y_2_3_3,1.0
SCEN108.z_3_3,0.0
SCEN109.x_1_1,0.9985949999999999
SCEN109.u_1_1,1.0
SCEN109.x_2_1,1.0
SCEN109.u_2_1,1.0
SCEN109.x_1_2,1.0
SCEN109.u_1_2,1.0
SCEN109.x_2_2,0.49557000000000007
SCEN109.u_2_2,1.0
SCEN109.x_1_3,0.8430249999999999
SCEN109.u_1_3,1.0
SCEN109.x_2_3,0.0
SCEN109.u_2_3,0.0
SCEN109.y_1_1_1,1.0
SCEN109.y_2_1_1,0.0
SCEN109.z_1_1,0.0
SCEN109.y_1_2_1,-0.0
SCEN109.y_2_2_1,0.0
SCEN109.z_2_1,1.0
SCEN109.y_1_3_1,0.0
SCEN109.y_2_3_1,1.0
SCEN109.z_3_1,0.0
SCEN109.y_1_1_2,1.0
SCEN109.y_2_1_2,0.0
SCEN109.z_1_2,0.0
SCEN109.y_1_2_2,0.0
SCEN109.y_2_2_2,1.0
SCEN109.z_2_2,0.0
SCEN109.y_1_3_2,1.0
SCEN109.y_2_3_2,0.0
SCEN109.z_3_2,0.0
SCEN109.y_1_1_3,1.0
SCEN109.y_2_1_3,0.0
SCEN109.z_1_3,0.0
SCEN109.y_1_2_3,1.0
SCEN109.y_2_2_3,0.0
SCEN109.z_2_3,0.0
SCEN109.y_1_3_3,-0.0
SCEN109.y_2_3_3,1.0
SCEN109.z_3_3,0.0
SCEN110.x_1_1,0.9985949999999999
SCEN110.u_1_1,1.0
SCEN110.x_2_1,1.0
SCEN110.u_2_1,1.0
SCEN110.x_1_2,1.0
SCEN110.u_1_2,1.0
SCEN110.x_2_2,0.49557000000000007
SCEN110.u_2_2,1.0
SCEN110.x_1_3,0.8430249999999999
SCEN110.u_1_3,1.0
SCEN110.x_2_3,0.0
SCEN110.u_2_3,0.0
SCEN110.y_1_1_1,0.0
SCEN110.y_2_1_1,0.0
SCEN110.z_1_1,1.0
SCEN110.y_1_2_1,-0.0
SCEN110.y_2_2_1,1.0
SCEN110.z_2_1,0.0
SCEN110.y_1_3_1,0.0
SCEN110.y_2_3_1,0.0
SCEN110.z_3_1,1.0
SCEN110.y_1_1_2,-0.0
SCEN110.y_2_1_2,1.0
SCEN110.z_1_2,0.0
SCEN110.y_1_2_2,1.0
SCEN110.y_2_2_2,0.0
SCEN110.z_2_2,0.0
SCEN110.y_1_3_2,1.0
SCEN110.y_2_3_2,0.0
SCEN110.z_3_2,0.0
SCEN110.y_1_1_3,1.0
SCEN110.y_2_1_3,-0.0
SCEN110.z_1_3,0.0
SCEN110.y_1_2_3,1.0
SCEN110.y_2_2_3,0.0
SCEN110.z_2_3,0.0
SCEN110.y_1_3_3,-0.0
SCEN110.y_2_3_3,1.0
SCEN110.z_3_3,0.0
SCEN111.x_1_1,0.9985949999999999
SCEN111.u_1_1,1.0
SCEN111.x_2_1,1.0
SCEN111.u_2_1,1.0
SCEN111.x_1_2,1.0
SCEN111.u_1_2,1.0
SCEN111.x_2_2,0.49557000000000007
SCEN111.u_2_2,1.0
SCEN111.x_1_3,0.8430249999999999
SCEN111.u_1_3,1.0
SCEN111.x_2_3,0.0
SCEN111.u_2_3,0.0
SCEN111.y_1_1_1,1.0
SCEN111.y_2_1_1,0.0
SCEN111.z_1_1,0.0
SCEN111.y_1_2_1,-0.0
SCEN111.y_2_2_1,0.0
SCEN111.z_2_1,1.0
SCEN111.y_1_3_1,0.0
SCEN111.y_2_3_1,1.0
SCEN111.z_3_1,0.0
SCEN111.y_1_1_2,0.0
SCEN111.y_2_1_2,0.0
SCEN111.z_1_2,1.0
SCEN111.y_1_2_2,0.0
SCEN111.y_2_2_2,1.0
SCEN111.z_2_2,0.0
SCEN111.y_1_3_2,1.0
SCEN111.y_2_3_2,0.0
SCEN111.z_3_2,0.0
SCEN111.y_1_1_3,1.0
SCEN111.y_2_1_3,-0.0
SCEN111.z_1_3,0.0
SCEN111.y_1_2_3,1.0
SCEN111.y_2_2_3,0.0
SCEN111.z_2_3,0.0
SCEN111.y_1_3_3,-0.0
SCEN111.y_2_3_3,1.0
SCEN111.z_3_3,0.0
SCEN112.x_1_1,0.9985949999999999
SCEN112.u_1_1,1.0
SCEN112.x_2_1,1.0
SCEN112.u_2_1,1.0
SCEN112.x_1_2,1.0
SCEN112.u_1_2,1.0
SCEN112.x_2_2,0.49557000000000007
SCEN112.u_2_2,1.0
SCEN112.x_1_3,0.8430249999999999
SCEN112.u_1_3,1.0
SCEN112.x_2_3,0.0
SCEN112.u_2_3,0.0
SCEN112.y_1_1_1,0.0
SCEN112.y_2_1_1,0.0
SCEN112.z_1_1,1.0
SCEN112.y_1_2_1,-0.0
SCEN112.y_2_2_1,1.0
SCEN112.z_2_1,0.0
SCEN112.y_1_3_1,1.0
SCEN112.y_2_3_1,0.0
SCEN112.z_3_1,0.0
SCEN112.y_1_1_2,0.0
SCEN112.y_2_1_2,0.0
SCEN112.z_1_2,1.0
SCEN112.y_1_2_2,0.0
SCEN112.y_2_2_2,1.0
SCEN112.z_2_2,0.0
SCEN112.y_1_3_2,1.0
SCEN112.y_2_3_2,0.0
SCEN112.z_3_2,0.0
SCEN112.y_1_1_3,1.0
SCEN112.y_2_1_3,-0.0
SCEN112.z_1_3,0.0
SCEN112.y_1_2_3,0.0
SCEN112.y_2_2_3,1.0
SCEN112.z_2_3,0.0
SCEN112.y_1_3_3,1.0
SCEN112.y_2_3_3,-0.0
SCEN112.z_3_3,0.0
SCEN113.x_1_1,0.9985949999999999
SCEN113.u_1_1,1.0
SCEN113.x_2_1,1.0
SCEN113.u_2_1,1.0
SCEN113.x_1_2,1.0
SCEN113.u_1_2,1.0
SCEN113.x_2_2,0.49557000000000007
SCEN113.u_2_2,1.0
SCEN113.x_1_3,0.8430249999999999
SCEN113.u_1_3,1.0
SCEN113.x_2_3,0.0
SCEN113.u_2_3,0.0
SCEN113.y_1_1_1,1.0
SCEN113.y_2_1_1,0.0
SCEN113.z_1_1,0.0
SCEN113.y_1_2_1,-0.0
SCEN113.y_2_2_1,1.0
SCEN113.z_2_1,0.0
SCEN113.y_1_3_1,0.0
SCEN113.y_2_3_1,0.0
SCEN113.z_3_1,1.0
SCEN113.y_1_1_2,0.0
SCEN113.y_2_1_2,0.0
SCEN113.z_1_2,1.0
SCEN113.y_1_2_2,0.0
SCEN113.y_2_2_2,1.0
SCEN113.z_2_2,0.0
SCEN113.y_1_3_2,1.0
SCEN113.y_2_3_2,0.0
SCEN113.z_3_2,0.0
SCEN113.y_1_1_3,1.0
SCEN113.y_2_1_3,-0.0
SCEN113.z_1_3,0.0
SCEN113.y_1_2_3,-0.0
SCEN113.y_2_2_3,1.0
SCEN113.z_2_3,0.0
SCEN113.y_1_3_3,-0.0
SCEN113.y_2_3_3,1.0
SCEN113.z_3_3,0.0
SCEN114.x_1_1,0.9985949999999999
SCEN114.u_1_1,1.0
SCEN114.x_2_1,1.0
SCEN114.u_2_1,1.0
SCEN114.x_1_2,1.0
SCEN114.u_1_2,1.0
SCEN114.x_2_2,0.49557000000000007
SCEN114.u_2_2,1.0
SCEN114.x_1_3,0.8430249999999999
SCEN114.u_1_3,1.0
SCEN114.x_2_3,0.0
SCEN114.u_2_3,0.0
SCEN114.y_1_1_1,0.0
SCEN114.y_2_1_1,0.0
SCEN114.z_1_1,1.0
SCEN114.y_1_2_1,-0.0
SCEN114.y_2_2_1,1.0
SCEN114.z_2_1,0.0
SCEN114.y_1_3_1,1.0
SCEN114.y_2_3_1,0.0
SCEN114.z_3_1,0.0
SCEN114.y_1_1_2,-0.0
SCEN114.y_2_1_2,1.0
SCEN114.z_1_2,0.0
SCEN114.y_1_2_2,1.0
SCEN114.y_2_2_2,0.0
SCEN114.z_2_2,0.0
SCEN114.y_1_3_2,1.0
SCEN114.y_2_3_2,-0.0
SCEN114.z_3_2,0.0
SCEN114.y_1_1_3,1.0
SCEN114.y_2_1_3,-0.0
SCEN114.z_1_3,0.0
SCEN114.y_1_2_3,-0.0
SCEN114.y_2_2_3,1.0
SCEN114.z_2_3,0.0
SCEN114.y_1_3_3,-0.0
SCEN114.y_2_3_3,1.0
SCEN114.z_3_3,0.0
SCEN115.x_1_1,0.9985949999999999
SCEN115.u_1_1,1.0
SCEN115.x_2_1,1.0
SCEN115.u_2_1,1.0
SCEN115.x_1_2,1.0
SCEN115.u_1_2,1.0
SCEN115.x_2_2,0.49557000000000007
SCEN115.u_2_2,1.0
SCEN115.x_1_3,0.8430249999999999
SCEN115.u_1_3,1.0
SCEN115.x_2_3,0.0
SCEN115.u_2_3,0.0
SCEN115.y_1_1_1,0.0
SCEN115.y_2_1_1,0.0
SCEN115.z_1_1,1.0
SCEN115.y_1_2_1,0.0
SCEN115.y_2_2_1,0.0
SCEN115.z_2_1,1.0
SCEN115.y_1_3_1,-0.0
SCEN115.y_2_3_1,1.0
SCEN115.z_3_1,0.0
SCEN115.y_1_1_2,0.0
SCEN115.y_2_1_2,0.0
SCEN115.z_1_2,1.0
SCEN115.y_1_2_2,0.0
SCEN115.y_2_2_2,1.0
SCEN115.z_2_2,0.0
SCEN115.y_1_3_2,1.0
SCEN115.y_2_3_2,0.0
SCEN115.z_3_2,0.0
SCEN115.y_1_1_3,1.0
SCEN115.y_2_1_3,-0.0
SCEN115.z_1_3,0.0
SCEN115.y_1_2_3,-0.0
SCEN115.y_2_2_3,1.0
SCEN115.z_2_3,0.0
SCEN115.y_1_3_3,-0.0
SCEN115.y_2_3_3,1.0
SCEN115.z_3_3,0.0
SCEN116.x_1_1,0.9985949999999999
SCEN116.u_1_1,1.0
SCEN116.x_2_1,1.0
SCEN116.u_2_1,1.0
SCEN116.x_1_2,1.0
SCEN116.u_1_2,1.0
SCEN116.x_2_2,0.49557000000000007
SCEN116.u_2_2,1.0
SCEN116.x_1_3,0.8430249999999999
SCEN116.u_1_3,1.0
SCEN116.x_2_3,0.0
SCEN116.u_2_3,0.0
SCEN116.y_1_1_1,1.0
SCEN116.y_2_1_1,0.0
SCEN116.z_1_1,0.0
SCEN116.y_1_2_1,0.0
SCEN116.y_2_2_1,0.0
SCEN116.z_2_1,1.0
SCEN116.y_1_3_1,0.0
SCEN116.y_2_3_1,1.0
SCEN116.z_3_1,0.0
SCEN116.y_1_1_2,-0.0
SCEN116.y_2_1_2,1.0
SCEN116.z_1_2,0.0
SCEN116.y_1_2_2,1.0
SCEN116.y_2_2_2,0.0
SCEN116.z_2_2,0.0
SCEN116.y_1_3_2,1.0
SCEN116.y_2_3_2,-0.0
SCEN116.z_3_2,0.0
SCEN116.y_1_1_3,1.0
SCEN116.y_2_1_3,-0.0
SCEN116.z_1_3,0.0
SCEN116.y_1_2_3,1.0
SCEN116.y_2_2_3,0.0
SCEN116.z_2_3,0.0
SCEN116.y_1_3_3,0.0
SCEN116.y_2_3_3,1.0
SCEN116.z_3_3,0.0
SCEN117.x_1_1,0.9985949999999999
SCEN117.u_1_1,1.0
SCEN117.x_2_1,1.0
SCEN117.u_2_1,1.0
SCEN117.x_1_2,1.0
SCEN117.u_1_2,1.0
SCEN117.x_2_2,0.49557000000000007
SCEN117.u_2_2,1.0
SCEN117.x_1_3,0.8430249999999999
SCEN117.u_1_3,1.0
SCEN117.x_2_3,0.0
SCEN117.u_2_3,0.0
SCEN117.y_1_1_1,1.0
SCEN117.y_2_1_1,0.0
SCEN117.z_1_1,0.0
SCEN117.y_1_2_1,0.0
SCEN117.y_2_2_1,0.0
SCEN117.z_2_1,1.0
SCEN117.y_1_3_1,0.0
SCEN117.y_2_3_1,1.0
SCEN117.z_3_1,0.0
SCEN117.y_1_1_2,0.0
SCEN117.y_2_1_2,0.0
SCEN117.z_1_2,1.0
SCEN117.y_1_2_2,0.0
SCEN117.y_2_2_2,1.0
SCEN117.z_2_2,0.0
SCEN117.y_1_3_2,1.0
SCEN117.y_2_3_2,0.0
SCEN117.z_3_2,0.0
SCEN117.y_1_1_3,1.0
SCEN117.y_2_1_3,-0.0
SCEN117.z_1_3,0.0
SCEN117.y_1_2_3,1.0
SCEN117.y_2_2_3,0.0
SCEN117.z_2_3,0.0
SCEN117.y_1_3_3,-0.0
SCEN117.y_2_3_3,1.0
SCEN117.z_3_3,0.0
SCEN118.x_1_1,0.9985949999999999
SCEN118.u_1_1,1.0
SCEN118.x_2_1,1.0
SCEN118.u_2_1,1.0
SCEN118.x_1_2,1.0
SCEN118.u_1_2,1.0
SCEN118.x_2_2,0.49557000000000007
SCEN118.u_2_2,1.0
SCEN118.x_1_3,0.8430249999999999
SCEN118.u_1_3,1.0
SCEN118.x_2_3,0.0
SCEN118.u_2_3,0.0
SCEN118.y_1_1_1,-0.0
SCEN118.y_2_1_1,1.0
SCEN118.z_1_1,0.0
SCEN118.y_1_2_1,0.0
SCEN118.y_2_2_1,0.0
SCEN118.z_2_1,1.0
SCEN118.y_1_3_1,0.0
SCEN118.y_2_3_1,0.0
SCEN118.z_3_1,1.0
SCEN118.y_1_1_2,-0.0
SCEN118.y_2_1_2,1.0
SCEN118.z_1_2,0.0
SCEN118.y_1_2_2,-0.0
SCEN118.y_2_2_2,1.0
SCEN118.z_2_2,0.0
SCEN118.y_1_3_2,1.0
SCEN118.y_2_3_2,-0.0
SCEN118.z_3_2,0.0
SCEN118.y_1_1_3,1.0
SCEN118.y_2_1_3,-0.0
SCEN118.z_1_3,0.0
SCEN118.y_1_2_3,1.0
SCEN118.y_2_2_3,0.0
SCEN118.z_2_3,0.0
SCEN118.y_1_3_3,-0.0
SCEN118.y_2_3_3,1.0
SCEN118.z_3_3,0.0
SCEN119.x_1_1,0.9985949999999999
SCEN119.u_1_1,1.0
SCEN119.x_2_1,1.0
SCEN119.u_2_1,1.0
SCEN119.x_1_2,1.0
SCEN119.u_1_2,1.0
SCEN119.x_2_2,0.49557000000000007
SCEN119.u_2_2,1.0
SCEN119.x_1_3,0.8430249999999999
SCEN119.u_1_3,1.0
SCEN119.x_2_3,0.0
SCEN119.u_2_3,0.0
SCEN119.y_1_1_1,1.0
SCEN119.y_2_1_1,0.0
SCEN119.z_1_1,0.0
SCEN119.y_1_2_1,0.0
SCEN119.y_2_2_1,0.0
SCEN119.z_2_1,1.0
SCEN119.y_1_3_1,-0.0
SCEN119.y_2_3_1,1.0
SCEN119.z_3_1,0.0
SCEN119.y_1_1_2,1.0
SCEN119.y_2_1_2,-0.0
SCEN119.z_1_2,0.0
SCEN119.y_1_2_2,-0.0
SCEN119.y_2_2_2,1.0
SCEN119.z_2_2,0.0
SCEN119.y_1_3_2,1.0
SCEN119.y_2_3_2,0.0
SCEN119.z_3_2,0.0
SCEN119.y_1_1_3,1.0
SCEN119.y_2_1_3,-0.0
SCEN119.z_1_3,0.0
SCEN119.y_1_2_3,-0.0
SCEN119.y_2_2_3,1.0
SCEN119.z_2_3,0.0
SCEN119.y_1_3_3,-0.0
SCEN119.y_2_3_3,1.0
SCEN119.z_3_3,0.0
SCEN120.x_1_1,0.9985949999999999
SCEN120.u_1_1,1.0
SCEN120.x_2_1,1.0
SCEN120.u_2_1,1.0
SCEN120.x_1_2,1.0
SCEN120.u_1_2,1.0
SCEN120.x_2_2,0.49557000000000007
SCEN120.u_2_2,1.0
SCEN120.x_1_3,0.8430249999999999
SCEN120.u_1_3,1.0
SCEN120.x_2_3,0.0
SCEN120.u_2_3,0.0
SCEN120.y_1_1_1,1.0
SCEN120.y_2_1_1,0.0
SCEN120.z_1_1,0.0
SCEN120.y_1_2_1,0.0
SCEN120.y_2_2_1,0.0
SCEN120.z_2_1,1.0
SCEN120.y_1_3_1,-0.0
SCEN120.y_2_3_1,1.0
SCEN120.z_3_1,0.0
SCEN120.y_1_1_2,-0.0
SCEN120.y_2_1_2,1.0
SCEN120.z_1_2,0.0
SCEN120.y_1_2_2,1.0
SCEN120.y_2_2_2,0.0
SCEN120.z_2_2,0.0
SCEN120.y_1_3_2,1.0
SCEN120.y_2_3_2,-0.0
SCEN120.z_3_2,0.0
SCEN120.y_1_1_3,1.0
SCEN120.y_2_1_3,-0.0
SCEN120.z_1_3,0.0
SCEN120.y_1_2_3,1.0
SCEN120.y_2_2_3,0.0
SCEN120.z_2_3,0.0
SCEN120.y_1_3_3,-0.0
SCEN120.y_2_3_3,1.0
SCEN120.z_3_3,0.0
SCEN121.x_1_1,0.9985949999999999
SCEN121.u_1_1,1.0
SCEN121.x_2_1,1.0
SCEN121.u_2_1,1.0
SCEN121.x_1_2,1.0
SCEN121.u_1_2,1.0
SCEN121.x_2_2,0.49557000000000007
SCEN121.u_2_2,1.0
SCEN121.x_1_3,0.8430249999999999
SCEN121.u_1_3,1.0
SCEN121.x_2_3,0.0
SCEN121.u_2_3,0.0
SCEN121.y_1_1_1,1.0
SCEN121.y_2_1_1,0.0
SCEN121.z_1_1,0.0
SCEN121.y_1_2_1,-0.0
SCEN121.y_2_2_1,1.0
SCEN121.z_2_1,0.0
SCEN121.y_1_3_1,0.0
SCEN121.y_2_3_1,0.0
SCEN121.z_3_1,1.0
SCEN121.y_1_1_2,0.0
SCEN121.y_2_1_2,1.0
SCEN121.z_1_2,0.0
SCEN121.y_1_2_2,1.0
SCEN121.y_2_2_2,0.0
SCEN121.z_2_2,0.0
SCEN121.y_1_3_2,1.0
SCEN121.y_2_3_2,0.0
SCEN121.z_3_2,0.0
SCEN121.y_1_1_3,1.0
SCEN121.y_2_1_3,-0.0
SCEN121.z_1_3,0.0
SCEN121.y_1_2_3,1.0
SCEN121.y_2_2_3,0.0
SCEN121.z_2_3,0.0
SCEN121.y_1_3_3,-0.0
SCEN121.y_2_3_3,1.0
SCEN121.z_3_3,0.0
SCEN122.x_1_1,0.9985949999999999
SCEN122.u_1_1,1.0
SCEN122.x_2_1,1.0
SCEN122.u_2_1,1.0
SCEN122.x_1_2,1.0
SCEN122.u_1_2,1.0
SCEN122.x_2_2,0.49557000000000007
SCEN122.u_2_2,1.0
SCEN122.x_1_3,0.8430249999999999
SCEN122.u_1_3,1.0
SCEN122.x_2_3,0.0
SCEN122.u_2_3,0.0
SCEN122.y_1_1_1,0.0
SCEN122.y_2_1_1,0.0
SCEN122.z_1_1,1.0
SCEN122.y_1_2_1,-0.0
SCEN122.y_2_2_1,1.0
SCEN122.z_2_1,0.0
SCEN122.y_1_3_1,1.0
SCEN122.y_2_3_1,0.0
SCEN122.z_3_1,0.0
SCEN122.y_1_1_2,-0.0
SCEN122.y_2_1_2,1.0
SCEN122.z_1_2,0.0
SCEN122.y_1_2_2,1.0
SCEN122.y_2_2_2,0.0
SCEN122.z_2_2,0.0
SCEN122.y_1_3_2,1.0
SCEN122.y_2_3_2,-0.0
SCEN122.z_3_2,0.0
SCEN122.y_1_1_3,1.0
SCEN122.y_2_1_3,-0.0
SCEN122.z_1_3,0.0
SCEN122.y_1_2_3,1.0
SCEN122.y_2_2_3,0.0
SCEN122.z_2_3,0.0
SCEN122.y_1_3_3,-0.0
SCEN122.y_2_3_3,1.0
SCEN122.z_3_3,0.0
SCEN123.x_1_1,0.9985949999999999
SCEN123.u_1_1,1.0
SCEN123.x_2_1,1.0
SCEN123.u_2_1,1.0
SCEN123.x_1_2,1.0
SCEN123.u_1_2,1.0
SCEN123.x_2_2,0.49557000000000007
SCEN123.u_2_2,1.0
SCEN123.x_1_3,0.8430249999999999
SCEN123.u_1_3,1.0
SCEN123.x_2_3,0.0
SCEN123.u_2_3,0.0
SCEN123.y_1_1_1,1.0
SCEN123.y_2_1_1,0.0
SCEN123.z_1_1,0.0
SCEN123.y_1_2_1,-0.0
SCEN123.y_2_2_1,1.0
SCEN123.z_2_1,0.0
SCEN123.y_1_3_1,0.0
SCEN123.y_2_3_1,0.0
SCEN123.z_3_1,1.0
SCEN123.y_1_1_2,-0.0
SCEN123.y_2_1_2,1.0
SCEN123.z_1_2,0.0
SCEN123.y_1_2_2,-0.0
SCEN123.y_2_2_2,1.0
SCEN123.z_2_2,0.0
SCEN123.y_1_3_2,1.0
SCEN123.y_2_3_2,-0.0
SCEN123.z_3_2,0.0
SCEN123.y_1_1_3,1.0
SCEN123.y_2_1_3,-0.0
SCEN123.z_1_3,0.0
SCEN123.y_1_2_3,1.0
SCEN123.y_2_2_3,0.0
SCEN123.z_2_3,0.0
SCEN123.y_1_3_3,-0.0
SCEN123.y_2_3_3,1.0
SCEN123.z_3_3,0.0
SCEN124.x_1_1,0.9985949999999999
SCEN124.u_1_1,1.0
SCEN124.x_2_1,1.0
SCEN124.u_2_1,1.0
SCEN124.x_1_2,1.0
SCEN124.u_1_2,1.0
SCEN124.x_2_2,0.49557000000000007
SCEN124.u_2_2,1.0
SCEN124.x_1_3,0.8430249999999999
SCEN124.u_1_3,1.0
SCEN124.x_2_3,0.0
SCEN124.u_2_3,0.0
SCEN124.y_1_1_1,0.0
SCEN124.y_2_1_1,0.0
SCEN124.z_1_1,1.0
SCEN124.y_1_2_1,0.0
SCEN124.y_2_2_1,0.0
SCEN124.z_2_1,1.0
SCEN124.y_1_3_1,-0.0
SCEN124.y_2_3_1,1.0
SCEN124.z_3_1,0.0
SCEN124.y_1_1_2,-0.0
SCEN124.y_2_1_2,0.0
SCEN124.z_1_2,1.0
SCEN124.y_1_2_2,0.0
SCEN124.y_2_2_2,1.0
SCEN124.z_2_2,0.0
SCEN124.y_1_3_2,1.0
SCEN124.y_2_3_2,-0.0
SCEN124.z_3_2,0.0
SCEN124.y_1_1_3,1.0
SCEN124.y_2_1_3,-0.0
SCEN124.z_1_3,0.0
SCEN124.y_1_2_3,0.0
SCEN124.y_2_2_3,1.0
SCEN124.z_2_3,0.0
SCEN124.y_1_3_3,1.0
SCEN124.y_2_3_3,-0.0
SCEN124.z_3_3,0.0
SCEN125.x_1_1,0.9985949999999999
SCEN125.u_1_1,1.0
SCEN125.x_2_1,1.0
SCEN125.u_2_1,1.0
SCEN125.x_1_2,1.0
SCEN125.u_1_2,1.0
SCEN125.x_2_2,0.49557000000000007
SCEN125.u_2_2,1.0
SCEN125.x_1_3,0.8430249999999999
SCEN125.u_1_3,1.0
SCEN125.x_2_3,0.0
SCEN125.u_2_3,0.0
SCEN125.y_1_1_1,1.0
SCEN125.y_2_1_1,-0.0
SCEN125.z_1_1,0.0
SCEN125.y_1_2_1,-0.0
SCEN125.y_2_2_1,-0.0
SCEN125.z_2_1,1.0
SCEN125.y_1_3_1,0.0
SCEN125.y_2_3_1,1.0
SCEN125.z_3_1,0.0
SCEN125.y_1_1_2,-0.0
SCEN125.y_2_1_2,1.0
SCEN125.z_1_2,0.0
SCEN125.y_1_2_2,1.0
SCEN125.y_2_2_2,0.0
SCEN125.z_2_2,0.0
SCEN125.y_1_3_2,0.0
SCEN125.y_2_3_2,1.0
SCEN125.z_3_2,0.0
SCEN125.y_1_1_3,1.0
SCEN125.y_2_1_3,-0.0
SCEN125.z_1_3,0.0
SCEN125.y_1_2_3,-0.0
SCEN125.y_2_2_3,1.0
SCEN125.z_2_3,0.0
SCEN125.y_1_3_3,-0.0
SCEN125.y_2_3_3,1.0
SCEN125.z_3_3,0.0
SCEN126.x_1_1,0.9985949999999999
SCEN126.u_1_1,1.0
SCEN126.x_2_1,1.0
SCEN126.u_2_1,1.0
SCEN126.x_1_2,1.0
SCEN126.u_1_2,1.0
SCEN126.x_2_2,0.49557000000000007
SCEN126.u_2_2,1.0
SCEN126.x_1_3,0.8430249999999999
SCEN126.u_1_3,1.0
SCEN126.x_2_3,0.0
SCEN126.u_2_3,0.0
SCEN126.y_1_1_1,1.0
SCEN126.y_2_1_1,0.0
SCEN126.z_1_1,0.0
SCEN126.y_1_2_1,-0.0
SCEN126.y_2_2_1,1.0
SCEN126.z_2_1,0.0
SCEN126.y_1_3_1,0.0
SCEN126.y_2_3_1,0.0
SCEN126.z_3_1,1.0
SCEN126.y_1_1_2,0.0
SCEN126.y_2_1_2,0.0
SCEN126.z_1_2,1.0
SCEN126.y_1_2_2,0.0
SCEN126.y_2_2_2,1.0
SCEN126.z_2_2,0.0
SCEN126.y_1_3_2,1.0
SCEN126.y_2_3_2,0.0
SCEN126.z_3_2,0.0
SCEN126.y_1_1_3,1.0
SCEN126.y_2_1_3,-0.0
SCEN126.z_1_3,0.0
SCEN126.y_1_2_3,1.0
SCEN126.y_2_2_3,0.0
SCEN126.z_2_3,0.0
SCEN126.y_1_3_3,0.0
SCEN126.y_2_3_3,1.0
SCEN126.z_3_3,0.0
SCEN127.x_1_1,0.9985949999999999
SCEN127.u_1_1,1.0
SCEN127.x_2_1,1.0
SCEN127.u_2_1,1.0
SCEN127.x_1_2,1.0
SCEN127.u_1_2,1.0
SCEN127.x_2_2,0.49557000000000007
SCEN127.u_2_2,1.0
SCEN127.x_1_3,0.8430249999999999
SCEN127.u_1_3,1.0
SCEN127.x_2_3,0.0
SCEN127.u_2_3,0.0
SCEN127.y_1_1_1,0.0
SCEN127.y_2_1_1,0.0
SCEN127.z_1_1,1.0
SCEN127.y_1_2_1,0.0
SCEN127.y_2_2_1,0.0
SCEN127.z_2_1,1.0
SCEN127.y_1_3_1,0.0
SCEN127.y_2_3_1,0.0
SCEN127.z_3_1,1.0
SCEN127.y_1_1_2,0.0
SCEN127.y_2_1_2,1.0
SCEN127.z_1_2,0.0
SCEN127.y_1_2_2,1.0
SCEN127.y_2_2_2,0.0
SCEN127.z_2_2,0.0
SCEN127.y_1_3_2,1.0
SCEN127.y_2_3_2,-0.0
SCEN127.z_3_2,0.0
SCEN127.y_1_1_3,1.0
SCEN127.y_2_1_3,-0.0
SCEN127.z_1_3,0.0
SCEN127.y_1_2_3,1.0
SCEN127.y_2_2_3,0.0
SCEN127.z_2_3,0.0
SCEN127.y_1_3_3,-0.0
SCEN127.y_2_3_3,1.0
SCEN127.z_3_3,0.0
SCEN128.x_1_1,0.9985949999999999
SCEN128.u_1_1,1.0
SCEN128.x_2_1,1.0
SCEN128.u_2_1,1.0
SCEN128.x_1_2,1.0
SCEN128.u_1_2,1.0
SCEN128.x_2_2,0.49557000000000007
SCEN128.u_2_2,1.0
SCEN128.x_1_3,0.8430249999999999
SCEN128.u_1_3,1.0
SCEN128.x_2_3,0.0
SCEN128.u_2_3,0.0
SCEN128.y_1_1_1,1.0
SCEN128.y_2_1_1,0.0
SCEN128.z_1_1,0.0
SCEN128.y_1_2_1,-0.0
SCEN128.y_2_2_1,1.0
SCEN128.z_2_1,0.0
SCEN128.y_1_3_1,0.0
SCEN128.y_2_3_1,0.0
SCEN128.z_3_1,1.0
SCEN128.y_1_1_2,-0.0
SCEN128.y_2_1_2,0.0
SCEN128.z_1_2,1.0
SCEN128.y_1_2_2,0.0
SCEN128.y_2_2_2,1.0
SCEN128.z_2_2,0.0
SCEN128.y_1_3_2,1.0
SCEN128.y_2_3_2,0.0
SCEN128.z_3_2,0.0
SCEN128.y_1_1_3,1.0
SCEN128.y_2_1_3,-0.0
SCEN128.z_1_3,0.0
SCEN128.y_1_2_3,1.0
SCEN128.y_2_2_3,0.0
SCEN128.z_2_3,0.0
SCEN128.y_1_3_3,-0.0
SCEN128.y_2_3_3,1.0
SCEN128.z_3_3,0.0
SCEN129.x_1_1,0.9985949999999999
SCEN129.u_1_1,1.0
SCEN129.x_2_1,1.0
SCEN129.u_2_1,1.0
SCEN129.x_1_2,1.0
SCEN129.u_1_2,1.0
SCEN129.x_2_2,0.49557000000000007
SCEN129.u_2_2,1.0
SCEN129.x_1_3,0.8430249999999999
SCEN129.u_1_3,1.0
SCEN129.x_2_3,0.0
SCEN129.u_2_3,0.0
SCEN129.y_1_1_1,0.0
SCEN129.y_2_1_1,0.0
SCEN129.z_1_1,1.0
SCEN129.y_1_2_1,-0.0
SCEN129.y_2_2_1,1.0
SCEN129.z_2_1,0.0
SCEN129.y_1_3_1,0.0
SCEN129.y_2_3_1,0.0
SCEN129.z_3_1,1.0
SCEN129.y_1_1_2,-0.0
SCEN129.y_2_1_2,1.0
SCEN129.z_1_2,0.0
SCEN129.y_1_2_2,1.0
SCEN129.y_2_2_2,0.0
SCEN129.z_2_2,0.0
SCEN129.y_1_3_2,1.0
SCEN129.y_2_3_2,-0.0
SCEN129.z_3_2,0.0
SCEN129.y_1_1_3,1.0
SCEN129.y_2_1_3,-0.0
SCEN129.z_1_3,0.0
SCEN129.y_1_2_3,1.0
SCEN129.y_2_2_3,0.0
SCEN129.z_2_3,0.0
SCEN129.y_1_3_3,-0.0
SCEN129.y_2_3_3,1.0
SCEN129.z_3_3,0.0
SCEN130.x_1_1,0.9985949999999999
SCEN130.u_1_1,1.0
SCEN130.x_2_1,1.0
SCEN130.u_2_1,1.0
SCEN130.x_1_2,1.0
SCEN130.u_1_2,1.0
SCEN130.x_2_2,0.49557000000000007
SCEN130.u_2_2,1.0
SCEN130.x_1_3,0.8430249999999999
SCEN130.u_1_3,1.0
SCEN130.x_2_3,0.0
SCEN130.u_2_3,0.0
SCEN130.y_1_1_1,1.0
SCEN130.y_2_1_1,0.0
SCEN130.z_1_1,0.0
SCEN130.y_1_2_1,-0.0
SCEN130.y_2_2_1,1.0
SCEN130.z_2_1,0.0
SCEN130.y_1_3_1,0.0
SCEN130.y_2_3_1,0.0
SCEN130.z_3_1,1.0
SCEN130.y_1_1_2,-0.0
SCEN130.y_2_1_2,1.0
SCEN130.z_1_2,0.0
SCEN130.y_1_2_2,-0.0
SCEN130.y_2_2_2,1.0
SCEN130.z_2_2,0.0
SCEN130.y_1_3_2,1.0
SCEN130.y_2_3_2,-0.0
SCEN130.z_3_2,0.0
SCEN130.y_1_1_3,1.0
SCEN130.y_2_1_3,-0.0
SCEN130.z_1_3,0.0
SCEN130.y_1_2_3,1.0
SCEN130.y_2_2_3,0.0
SCEN130.z_2_3,0.0
SCEN130.y_1_3_3,-0.0
SCEN130.y_2_3_3,1.0
SCEN130.z_3_3,0.0
SCEN131.x_1_1,0.9985949999999999
SCEN131.u_1_1,1.0
SCEN131.x_2_1,1.0
SCEN131.u_2_1,1.0
SCEN131.x_1_2,1.0
SCEN131.u_1_2,1.0
SCEN131.x_2_2,0.49557000000000007
SCEN131.u_2_2,1.0
SCEN131.x_1_3,0.8430249999999999
SCEN131.u_1_3,1.0
SCEN131.x_2_3,0.0
SCEN131.u_2_3,0.0
SCEN131.y_1_1_1,1.0
SCEN131.y_2_1_1,0.0
SCEN131.z_1_1,0.0
SCEN131.y_1_2_1,-0.0
SCEN131.y_2_2_1,1.0
SCEN131.z_2_1,0.0
SCEN131.y_1_3_1,0.0
SCEN131.y_2_3_1,0.0
SCEN131.z_3_1,1.0
SCEN131.y_1_1_2,-0.0
SCEN131.y_2_1_2,1.0
SCEN131.z_1_2,0.0
SCEN131.y_1_2_2,1.0
SCEN131.y_2_2_2,0.0
SCEN131.z_2_2,0.0
SCEN131.y_1_3_2,1.0
SCEN131.y_2_3_2,-0.0
SCEN131.z_3_2,0.0
SCEN131.y_1_1_3,1.0
SCEN131.y_2_1_3,-0.0
SCEN131.z_1_3,0.0
SCEN131.y_1_2_3,1.0
SCEN131.y_2_2_3,-0.0
SCEN131.z_2_3,0.0
SCEN131.y_1_3_3,-0.0
SCEN131.y_2_3_3,1.0
SCEN131.z_3_3,0.0
SCEN132.x_1_1,0.9985949999999999
SCEN132.u_1_1,1.0
SCEN132.x_2_1,1.0
SCEN132.u_2_1,1.0
SCEN132.x_1_2,1.0
SCEN132.u_1_2,1.0
SCEN132.x_2_2,0.49557000000000007
SCEN132.u_2_2,1.0
SCEN132.x_1_3,0.8430249999999999
SCEN132.u_1_3,1.0
SCEN132.x_2_3,0.0
SCEN132.u_2_3,0.0
SCEN132.y_1_1_1,0.0
SCEN132.y_2_1_1,0.0
SCEN132.z_1_1,1.0
SCEN132.y_1_2_1,0.0
SCEN132.y_2_2_1,0.0
SCEN132.z_2_1,1.0
SCEN132.y_1_3_1,-0.0
SCEN132.y_2_3_1,1.0
SCEN132.z_3_1,0.0
SCEN132.y_1_1_2,-0.0
SCEN132.y_2_1_2,1.0
SCEN132.z_1_2,0.0
SCEN132.y_1_2_2,1.0
SCEN132.y_2_2_2,0.0
SCEN132.z_2_2,0.0
SCEN132.y_1_3_2,1.0
SCEN132.y_2_3_2,-0.0
SCEN132.z_3_2,0.0
SCEN132.y_1_1_3,1.0
SCEN132.y_2_1_3,0.0
SCEN132.z_1_3,0.0
SCEN132.y_1_2_3,1.0
SCEN132.y_2_2_3,0.0
SCEN132.z_2_3,0.0
SCEN132.y_1_3_3,0.0
SCEN132.y_2_3_3,1.0
SCEN132.z_3_3,0.0
SCEN133.x_1_1,0.9985949999999999
SCEN133.u_1_1,1.0
SCEN133.x_2_1,1.0
SCEN133.u_2_1,1.0
SCEN133.x_1_2,1.0
SCEN133.u_1_2,1.0
SCEN133.x_2_2,0.49557000000000007
SCEN133.u_2_2,1.0
SCEN133.x_1_3,0.8430249999999999
SCEN133.u_1_3,1.0
SCEN133.x_2_3,0.0
SCEN133.u_2_3,0.0
SCEN133.y_1_1_1,0.0
SCEN133.y_2_1_1,0.0
SCEN133.z_1_1,1.0
SCEN133.y_1_2_1,-0.0
SCEN133.y_2_2_1,1.0
SCEN133.z_2_1,0.0
SCEN133.y_1_3_1,0.0
SCEN133.y_2_3_1,0.0
SCEN133.z_3_1,1.0
SCEN133.y_1_1_2,1.0
SCEN133.y_2_1_2,-0.0
SCEN133.z_1_2,0.0
SCEN133.y_1_2_2,1.0
SCEN133.y_2_2_2,0.0
SCEN133.z_2_2,0.0
SCEN133.y_1_3_2,-0.0
SCEN133.y_2_3_2,1.0
SCEN133.z_3_2,0.0
SCEN133.y_1_1_3,1.0
SCEN133.y_2_1_3,-0.0
SCEN133.z_1_3,0.0
SCEN133.y_1_2_3,1.0
SCEN133.y_2_2_3,0.0
SCEN133.z_2_3,0.0
SCEN133.y_1_3_3,-0.0
SCEN133.y_2_3_3,1.0
SCEN133.z_3_3,0.0
SCEN134.x_1_1,0.9985949999999999
SCEN134.u_1_1,1.0
SCEN134.x_2_1,1.0
SCEN134.u_2_1,1.0
SCEN134.x_1_2,1.0
SCEN134.u_1_2,1.0
SCEN134.x_2_2,0.49557000000000007
SCEN134.u_2_2,1.0
SCEN134.x_1_3,0.8430249999999999
SCEN134.u_1_3,1.0
SCEN134.x_2_3,0.0
SCEN134.u_2_3,0.0
SCEN134.y_1_1_1,0.0
SCEN134.y_2_1_1,0.0
SCEN134.z_1_1,1.0
SCEN134.y_1_2_1,-0.0
SCEN134.y_2_2_1,1.0
SCEN134.z_2_1,0.0
SCEN134.y_1_3_1,0.0
SCEN134.y_2_3_1,0.0
SCEN134.z_3_1,1.0
SCEN134.y_1_1_2,-0.0
SCEN134.y_2_1_2,1.0
SCEN134.z_1_2,0.0
SCEN134.y_1_2_2,1.0
SCEN134.y_2_2_2,0.0
SCEN134.z_2_2,0.0
SCEN134.y_1_3_2,1.0
SCEN134.y_2_3_2,-0.0
SCEN134.z_3_2,0.0
SCEN134.y_1_1_3,1.0
SCEN134.y_2_1_3,-0.0
SCEN134.z_1_3,0.0
SCEN134.y_1_2_3,1.0
SCEN134.y_2_2_3,0.0
SCEN134.z_2_3,0.0
SCEN134.y_1_3_3,-0.0
SCEN134.y_2_3_3,1.0
SCEN134.z_3_3,0.0
SCEN135.x_1_1,0.9985949999999999
SCEN135.u_1_1,1.0
SCEN135.x_2_1,1.0
SCEN135.u_2_1,1.0
SCEN135.x_1_2,1.0
SCEN135.u_1_2,1.0
SCEN135.x_2_2,0.49557000000000007
SCEN135.u_2_2,1.0
SCEN135.x_1_3,0.8430249999999999
SCEN135.u_1_3,1.0
SCEN135.x_2_3,0.0
SCEN135.u_2_3,0.0
SCEN135.y_1_1_1,1.0
SCEN135.y_2_1_1,0.0
SCEN135.z_1_1,0.0
SCEN135.y_1_2_1,0.0
SCEN135.y_2_2_1,0.0
SCEN135.z_2_1,1.0
SCEN135.y_1_3_1,-0.0
SCEN135.y_2_3_1,1.0
SCEN135.z_3_1,0.0
SCEN135.y_1_1_2,1.0
SCEN135.y_2_1_2,-0.0
SCEN135.z_1_2,0.0
SCEN135.y_1_2_2,0.0
SCEN135.y_2_2_2,1.0
SCEN135.z_2_2,0.0
SCEN135.y_1_3_2,1.0
SCEN135.y_2_3_2,0.0
SCEN135.z_3_2,0.0
SCEN135.y_1_1_3,1.0
SCEN135.y_2_1_3,-0.0
SCEN135.z_1_3,0.0
SCEN135.y_1_2_3,1.0
SCEN135.y_2_2_3,0.0
SCEN135.z_2_3,0.0
SCEN135.y_1_3_3,-0.0
SCEN135.y_2_3_3,1.0
SCEN135.z_3_3,0.0
SCEN136.x_1_1,0.9985949999999999
SCEN136.u_1_1,1.0
SCEN136.x_2_1,1.0
SCEN136.u_2_1,1.0
SCEN136.x_1_2,1.0
SCEN136.u_1_2,1.0
SCEN136.x_2_2,0.49557000000000007
SCEN136.u_2_2,1.0
SCEN136.x_1_3,0.8430249999999999
SCEN136.u_1_3,1.0
SCEN136.x_2_3,0.0
SCEN136.u_2_3,0.0
SCEN136.y_1_1_1,0.0
SCEN136.y_2_1_1,0.0
SCEN136.z_1_1,1.0
SCEN136.y_1_2_1,-0.0
SCEN136.y_2_2_1,1.0
SCEN136.z_2_1,0.0
SCEN136.y_1_3_1,0.0
SCEN136.y_2_3_1,0.0
SCEN136.z_3_1,1.0
SCEN136.y_1_1_2,-0.0
SCEN136.y_2_1_2,1.0
SCEN136.z_1_2,0.0
SCEN136.y_1_2_2,1.0
SCEN136.y_2_2_2,0.0
SCEN136.z_2_2,0.0
SCEN136.y_1_3_2,1.0
SCEN136.y_2_3_2,-0.0
SCEN136.z_3_2,0.0
SCEN136.y_1_1_3,1.0
SCEN136.y_2_1_3,-0.0
SCEN136.z_1_3,0.0
SCEN136.y_1_2_3,1.0
SCEN136.y_2_2_3,0.0
SCEN136.z_2_3,0.0
SCEN136.y_1_3_3,0.0
SCEN136.y_2_3_3,1.0
SCEN136.z_3_3,0.0
SCEN137.x_1_1,0.9985949999999999
SCEN137.u_1_1,1.0
SCEN137.x_2_1,1.0
SCEN137.u_2_1,1.0
SCEN137.x_1_2,1.0
SCEN137.u_1_2,1.0
SCEN137.x_2_2,0.49557000000000007
SCEN137.u_2_2,1.0
SCEN137.x_1_3,0.8430249999999999
SCEN137.u_1_3,1.0
SCEN137.x_2_3,0.0
SCEN137.u_2_3,0.0
SCEN137.y_1_1_1,0.0
SCEN137.y_2_1_1,0.0
SCEN137.z_1_1,1.0
SCEN137.y_1_2_1,0.0
SCEN137.y_2_2_1,1.0
SCEN137.z_2_1,0.0
SCEN137.y_1_3_1,1.0
SCEN137.y_2_3_1,0.0
SCEN137.z_3_1,0.0
SCEN137.y_1_1_2,1.0
SCEN137.y_2_1_2,-0.0
SCEN137.z_1_2,0.0
SCEN137.y_1_2_2,0.0
SCEN137.y_2_2_2,1.0
SCEN137.z_2_2,0.0
SCEN137.y_1_3_2,1.0
SCEN137.y_2_3_2,-0.0
SCEN137.z_3_2,0.0
SCEN137.y_1_1_3,1.0
SCEN137.y_2_1_3,-0.0
SCEN137.z_1_3,0.0
SCEN137.y_1_2_3,1.0
SCEN137.y_2_2_3,0.0
SCEN137.z_2_3,0.0
SCEN137.y_1_3_3,-0.0
SCEN137.y_2_3_3,1.0
SCEN137.z_3_3,0.0
SCEN138.x_1_1,0.9985949999999999
SCEN138.u_1_1,1.0
SCEN138.x_2_1,1.0
SCEN138.u_2_1,1.0
SCEN138.x_1_2,1.0
SCEN138.u_1_2,1.0
SCEN138.x_2_2,0.49557000000000007
SCEN138.u_2_2,1.0
SCEN138.x_1_3,0.8430249999999999
SCEN138.u_1_3,1.0
SCEN138.x_2_3,0.0
SCEN138.u_2_3,0.0
SCEN138.y_1_1_1,0.0
SCEN138.y_2_1_1,0.0
SCEN138.z_1_1,1.0
SCEN138.y_1_2_1,0.0
SCEN138.y_2_2_1,1.0
SCEN138.z_2_1,0.0
SCEN138.y_1_3_1,1.0
SCEN138.y_2_3_1,0.0
SCEN138.z_3_1,0.0
SCEN138.y_1_1_2,-0.0
SCEN138.y_2_1_2,1.0
SCEN138.z_1_2,0.0
SCEN138.y_1_2_2,1.0
SCEN138.y_2_2_2,0.0
SCEN138.z_2_2,0.0
SCEN138.y_1_3_2,1.0
SCEN138.y_2_3_2,-0.0
SCEN138.z_3_2,0.0
SCEN138.y_1_1_3,1.0
SCEN138.y_2_1_3,-0.0
SCEN138.z_1_3,0.0
SCEN138.y_1_2_3,0.0
SCEN138.y_2_2_3,1.0
SCEN138.z_2_3,0.0
SCEN138.y_1_3_3,1.0
SCEN138.y_2_3_3,-0.0
SCEN138.z_3_3,0.0
SCEN139.x_1_1,0.9985949999999999
SCEN139.u_1_1,1.0
SCEN139.x_2_1,1.0
SCEN139.u_2_1,1.0
SCEN139.x_1_2,1.0
SCEN139.u_1_2,1.0
SCEN139.x_2_2,0.49557000000000007
SCEN139.u_2_2,1.0
SCEN139.x_1_3,0.8430249999999999
SCEN139.u_1_3,1.0
SCEN139.x_2_3,0.0
SCEN139.u_2_3,0.0
SCEN139.y_1_1_1,0.0
SCEN139.y_2_1_1,0.0
SCEN139.z_1_1,1.0
SCEN139.y_1_2_1,0.0
SCEN139.y_2_2_1,0.0
SCEN139.z_2_1,1.0
SCEN139.y_1_3_1,-0.0
SCEN139.y_2_3_1,1.0
SCEN139.z_3_1,0.0
SCEN139.y_1_1_2,-0.0
SCEN139.y_2_1_2,1.0
SCEN139.z_1_2,0.0
SCEN139.y_1_2_2,1.0
SCEN139.y_2_2_2,0.0
SCEN139.z_2_2,0.0
SCEN139.y_1_3_2,1.0
SCEN139.y_2_3_2,-0.0
SCEN139.z_3_2,0.0
SCEN139.y_1_1_3,1.0
SCEN139.y_2_1_3,0.0
SCEN139.z_1_3,0.0
SCEN139.y_1_2_3,1.0
SCEN139.y_2_2_3,0.0
SCEN139.z_2_3,0.0
SCEN139.y_1_3_3,-0.0
SCEN139.y_2_3_3,1.0
SCEN139.z_3_3,0.0
SCEN140.x_1_1,0.9985949999999999
SCEN140.u_1_1,1.0
SCEN140.x_2_1,1.0
SCEN140.u_2_1,1.0
SCEN140.x_1_2,1.0
SCEN140.u_1_2,1.0
SCEN140.x_2_2,0.49557000000000007
SCEN140.u_2_2,1.0
SCEN140.x_1_3,0.8430249999999999
SCEN140.u_1_3,1.0
SCEN140.x_2_3,0.0
SCEN140.u_2_3,0.0
SCEN140.y_1_1_1,0.0
SCEN140.y_2_1_1,0.0
SCEN140.z_1_1,1.0
SCEN140.y_1_2_1,0.0
SCEN140.y_2_2_1,0.0
SCEN140.z_2_1,1.0
SCEN140.y_1_3_1,0.0
SCEN140.y_2_3_1,0.0
SCEN140.z_3_1,1.0
SCEN140.y_1_1_2,-0.0
SCEN140.y_2_1_2,1.0
SCEN140.z_1_2,0.0
SCEN140.y_1_2_2,-0.0
SCEN140.y_2_2_2,1.0
SCEN140.z_2_2,0.0
SCEN140.y_1_3_2,1.0
SCEN140.y_2_3_2,-0.0
SCEN140.z_3_2,0.0
SCEN140.y_1_1_3,1.0
SCEN140.y_2_1_3,-0.0
SCEN140.z_1_3,0.0
SCEN140.y_1_2_3,1.0
SCEN140.y_2_2_3,0.0
SCEN140.z_2_3,0.0
SCEN140.y_1_3_3,-0.0
SCEN140.y_2_3_3,1.0
SCEN140.z_3_3,0.0
SCEN141.x_1_1,0.9985949999999999
SCEN141.u_1_1,1.0
SCEN141.x_2_1,1.0
SCEN141.u_2_1,1.0
SCEN141.x_1_2,1.0
SCEN141.u_1_2,1.0
SCEN141.x_2_2,0.49557000000000007
SCEN141.u_2_2,1.0
SCEN141.x_1_3,0.8430249999999999
SCEN141.u_1_3,1.0
SCEN141.x_2_3,0.0
SCEN141.u_2_3,0.0
SCEN141.y_1_1_1,0.0
SCEN141.y_2_1_1,0.0
SCEN141.z_1_1,1.0
SCEN141.y_1_2_1,-0.0
SCEN141.y_2_2_1,1.0
SCEN141.z_2_1,0.0
SCEN141.y_1_3_1,1.0
SCEN141.y_2_3_1,0.0
SCEN141.z_3_1,0.0
SCEN141.y_1_1_2,1.0
SCEN141.y_2_1_2,0.0
SCEN141.z_1_2,0.0
SCEN141.y_1_2_2,1.0
SCEN141.y_2_2_2,0.0
SCEN141.z_2_2,0.0
SCEN141.y_1_3_2,-0.0
SCEN141.y_2_3_2,1.0
SCEN141.z_3_2,0.0
SCEN141.y_1_1_3,1.0
SCEN141.y_2_1_3,-0.0
SCEN141.z_1_3,0.0
SCEN141.y_1_2_3,1.0
SCEN141.y_2_2_3,0.0
SCEN141.z_2_3,0.0
SCEN141.y_1_3_3,-0.0
SCEN141.y_2_3_3,1.0
SCEN141.z_3_3,0.0
SCEN142.x_1_1,0.9985949999999999
SCEN142.u_1_1,1.0
SCEN142.x_2_1,1.0
SCEN142.u_2_1,1.0
SCEN142.x_1_2,1.0
SCEN142.u_1_2,1.0
SCEN142.x_2_2,0.49557000000000007
SCEN142.u_2_2,1.0
SCEN142.x_1_3,0.8430249999999999
SCEN142.u_1_3,1.0
SCEN142.x_2_3,0.0
SCEN142.u_2_3,0.0
SCEN142.y_1_1_1,1.0
SCEN142.y_2_1_1,0.0
SCEN142.z_1_1,0.0
SCEN142.y_1_2_1,-0.0
SCEN142.y_2_2_1,1.0
SCEN142.z_2_1,0.0
SCEN142.y_1_3_1,0.0
SCEN142.y_2_3_1,0.0
SCEN142.z_3_1,1.0
SCEN142.y_1_1_2,0.0
SCEN142.y_2_1_2,0.0
SCEN142.z_1_2,1.0
SCEN142.y_1_2_2,0.0
SCEN142.y_2_2_2,1.0
SCEN142.z_2_2,0.0
SCEN142.y_1_3_2,1.0
SCEN142.y_2_3_2,0.0
SCEN142.z_3_2,0.0
SCEN142.y_1_1_3,1.0
SCEN142.y_2_1_3,-0.0
SCEN142.z_1_3,0.0
SCEN142.y_1_2_3,1.0
SCEN142.y_2_2_3,0.0
SCEN142.z_2_3,0.0
SCEN142.y_1_3_3,-0.0
SCEN142.y_2_3_3,1.0
SCEN142.z_3_3,0.0
SCEN143.x_1_1,0.9985949999999999
SCEN143.u_1_1,1.0
SCEN143.x_2_1,1.0
SCEN143.u_2_1,1.0
SCEN143.x_1_2,1.0
SCEN143.u_1_2,1.0
SCEN143.x_2_2,0.49557000000000007
SCEN143.u_2_2,1.0
SCEN143.x_1_3,0.8430249999999999
SCEN143.u_1_3,1.0
SCEN143.x_2_3,0.0
SCEN143.u_2_3,0.0
SCEN143.y_1_1_1,1.0
SCEN143.y_2_1_1,0.0
SCEN143.z_1_1,0.0
SCEN143.y_1_2_1,-0.0
SCEN143.y_2_2_1,0.0
SCEN143.z_2_1,1.0
SCEN143.y_1_3_1,0.0
SCEN143.y_2_3_1,1.0
SCEN143.z_3_1,0.0
SCEN143.y_1_1_2,-0.0
SCEN143.y_2_1_2,1.0
SCEN143.z_1_2,0.0
SCEN143.y_1_2_2,-0.0
SCEN143.y_2_2_2,1.0
SCEN143.z_2_2,0.0
SCEN143.y_1_3_2,1.0
SCEN143.y_2_3_2,-0.0
SCEN143.z_3_2,0.0
SCEN143.y_1_1_3,1.0
SCEN143.y_2_1_3,-0.0
SCEN143.z_1_3,0.0
SCEN143.y_1_2_3,1.0
SCEN143.y_2_2_3,0.0
SCEN143.z_2_3,0.0
SCEN143.y_1_3_3,-0.0
SCEN143.y_2_3_3,1.0
SCEN143.z_3_3,0.0
SCEN144.x_1_1,0.9985949999999999
SCEN144.u_1_1,1.0
SCEN144.x_2_1,1.0
SCEN144.u_2_1,1.0
SCEN144.x_1_2,1.0
SCEN144.u_1_2,1.0
SCEN144.x_2_2,0.49557000000000007
SCEN144.u_2_2,1.0
SCEN144.x_1_3,0.8430249999999999
SCEN144.u_1_3,1.0
SCEN144.x_2_3,0.0
SCEN144.u_2_3,0.0
SCEN144.y_1_1_1,0.0
SCEN144.y_2_1_1,0.0
SCEN144.z_1_1,1.0
SCEN144.y_1_2_1,-0.0
SCEN144.y_2_2_1,1.0
SCEN144.z_2_1,0.0
SCEN144.y_1_3_1,0.0
SCEN144.y_2_3_1,0.0
SCEN144.z_3_1,1.0
SCEN144.y_1_1_2,-0.0
SCEN144.y_2_1_2,1.0
SCEN144.z_1_2,0.0
SCEN144.y_1_2_2,1.0
SCEN144.y_2_2_2,0.0
SCEN144.z_2_2,0.0
SCEN144.y_1_3_2,1.0
SCEN144.y_2_3_2,-0.0
SCEN144.z_3_2,0.0
SCEN144.y_1_1_3,1.0
SCEN144.y_2_1_3,-0.0
SCEN144.z_1_3,0.0
SCEN144.y_1_2_3,1.0
SCEN144.y_2_2_3,0.0
SCEN144.z_2_3,0.0
SCEN144.y_1_3_3,-0.0
SCEN144.y_2_3_3,1.0
SCEN144.z_3_3,0.0
SCEN145.x_1_1,0.9985949999999999
SCEN145.u_1_1,1.0
SCEN145.x_2_1,1.0
SCEN145.u_2_1,1.0
SCEN145.x_1_2,1.0
SCEN145.u_1_2,1.0
SCEN145.x_2_2,0.49557000000000007
SCEN145.u_2_2,1.0
SCEN145.x_1_3,0.8430249999999999
SCEN145.u_1_3,1.0
SCEN145.x_2_3,0.0
SCEN145.u_2_3,0.0
SCEN145.y_1_1_1,0.0
SCEN145.y_2_1_1,0.0
SCEN145.z_1_1,1.0
SCEN145.y_1_2_1,0.0
SCEN145.y_2_2_1,0.0
SCEN145.z_2_1,1.0
SCEN145.y_1_3_1,0.0
SCEN145.y_2_3_1,0.0
SCEN145.z_3_1,1.0
SCEN145.y_1_1_2,0.0
SCEN145.y_2_1_2,1.0
SCEN145.z_1_2,0.0
SCEN145.y_1_2_2,1.0
SCEN145.y_2_2_2,0.0
SCEN145.z_2_2,0.0
SCEN145.y_1_3_2,1.0
SCEN145.y_2_3_2,-0.0
SCEN145.z_3_2,0.0
SCEN145.y_1_1_3,1.0
SCEN145.y_2_1_3,-0.0
SCEN145.z_1_3,0.0
SCEN145.y_1_2_3,1.0
SCEN145.y_2_2_3,0.0
SCEN145.z_2_3,0.0
SCEN145.y_1_3_3,-0.0
SCEN145.y_2_3_3,1.0
SCEN145.z_3_3,0.0
SCEN146.x_1_1,0.9985949999999999
SCEN146.u_1_1,1.0
SCEN146.x_2_1,1.0
SCEN146.u_2_1,1.0
SCEN146.x_1_2,1.0
SCEN146.u_1_2,1.0
SCEN146.x_2_2,0.49557000000000007
SCEN146.u_2_2,1.0
SCEN146.x_1_3,0.8430249999999999
SCEN146.u_1_3,1.0
SCEN146.x_2_3,0.0
SCEN146.u_2_3,0.0
SCEN146.y_1_1_1,0.0
SCEN146.y_2_1_1,0.0
SCEN146.z_1_1,1.0
SCEN146.y_1_2_1,0.0
SCEN146.y_2_2_1,0.0
SCEN146.z_2_1,1.0
SCEN146.y_1_3_1,0.0
SCEN146.y_2_3_1,0.0
SCEN146.z_3_1,1.0
SCEN146.y_1_1_2,1.0
SCEN146.y_2_1_2,0.0
SCEN146.z_1_2,0.0
SCEN146.y_1_2_2,0.0
SCEN146.y_2_2_2,1.0
SCEN146.z_2_2,0.0
SCEN146.y_1_3_2,1.0
SCEN146.y_2_3_2,0.0
SCEN146.z_3_2,0.0
SCEN146.y_1_1_3,1.0
SCEN146.y_2_1_3,-0.0
SCEN146.z_1_3,0.0
SCEN146.y_1_2_3,1.0
SCEN146.y_2_2_3,0.0
SCEN146.z_2_3,0.0
SCEN146.y_1_3_3,-0.0
SCEN146.y_2_3_3,1.0
SCEN146.z_3_3,0.0
SCEN147.x_1_1,0.9985949999999999
SCEN147.u_1_1,1.0
SCEN147.x_2_1,1.0
SCEN147.u_2_1,1.0
SCEN147.x_1_2,1.0
SCEN147.u_1_2,1.0
SCEN147.x_2_2,0.49557000000000007
SCEN147.u_2_2,1.0
SCEN147.x_1_3,0.8430249999999999
SCEN147.u_1_3,1.0
SCEN147.x_2_3,0.0
SCEN147.u_2_3,0.0
SCEN147.y_1_1_1,0.0
SCEN147.y_2_1_1,0.0
SCEN147.z_1_1,1.0
SCEN147.y_1_2_1,0.0
SCEN147.y_2_2_1,0.0
SCEN147.z_2_1,1.0
SCEN147.y_1_3_1,-0.0
SCEN147.y_2_3_1,1.0
SCEN147.z_3_1,0.0
SCEN147.y_1_1_2,-0.0
SCEN147.y_2_1_2,1.0
SCEN147.z_1_2,0.0
SCEN147.y_1_2_2,1.0
SCEN147.y_2_2_2,0.0
SCEN147.z_2_2,0.0
SCEN147.y_1_3_2,1.0
SCEN147.y_2_3_2,-0.0
SCEN147.z_3_2,0.0
SCEN147.y_1_1_3,1.0
SCEN147.y_2_1_3,0.0
SCEN147.z_1_3,0.0
SCEN147.y_1_2_3,1.0
SCEN147.y_2_2_3,-0.0
SCEN147.z_2_3,0.0
SCEN147.y_1_3_3,-0.0
SCEN147.y_2_3_3,1.0
SCEN147.z_3_3,0.0
SCEN148.x_1_1,0.9985949999999999
SCEN148.u_1_1,1.0
SCEN148.x_2_1,1.0
SCEN148.u_2_1,1.0
SCEN148.x_1_2,1.0
SCEN148.u_1_2,1.0
SCEN148.x_2_2,0.49557000000000007
SCEN148.u_2_2,1.0
SCEN148.x_1_3,0.8430249999999999
SCEN148.u_1_3,1.0
SCEN148.x_2_3,0.0
SCEN148.u_2_3,0.0
SCEN148.y_1_1_1,0.0
SCEN148.y_2_1_1,0.0
SCEN148.z_1_1,1.0
SCEN148.y_1_2_1,-0.0
SCEN148.y_2_2_1,1.0
SCEN148.z_2_1,0.0
SCEN148.y_1_3_1,1.0
SCEN148.y_2_3_1,0.0
SCEN148.z_3_1,0.0
SCEN148.y_1_1_2,0.0
SCEN148.y_2_1_2,1.0
SCEN148.z_1_2,0.0
SCEN148.y_1_2_2,1.0
SCEN148.y_2_2_2,0.0
SCEN148.z_2_2,0.0
SCEN148.y_1_3_2,1.0
SCEN148.y_2_3_2,-0.0
SCEN148.z_3_2,0.0
SCEN148.y_1_1_3,1.0
SCEN148.y_2_1_3,-0.0
SCEN148.z_1_3,0.0
SCEN148.y_1_2_3,1.0
SCEN148.y_2_2_3,0.0
SCEN148.z_2_3,0.0
SCEN148.y_1_3_3,-0.0
SCEN148.y_2_3_3,1.0
SCEN148.z_3_3,0.0
SCEN149.x_1_1,0.9985949999999999
SCEN149.u_1_1,1.0
SCEN149.x_2_1,1.0
SCEN149.u_2_1,1.0
SCEN149.x_1_2,1.0
SCEN149.u_1_2,1.0
SCEN149.x_2_2,0.49557000000000007
SCEN149.u_2_2,1.0
SCEN149.x_1_3,0.8430249999999999
SCEN149.u_1_3,1.0
SCEN149.x_2_3,0.0
SCEN149.u_2_3,0.0
SCEN149.y_1_1_1,0.0
SCEN149.y_2_1_1,0.0
SCEN149.z_1_1,1.0
SCEN149.y_1_2_1,0.0
SCEN149.y_2_2_1,0.0
SCEN149.z_2_1,1.0
SCEN149.y_1_3_1,-0.0
SCEN149.y_2_3_1,1.0
SCEN149.z_3_1,0.0
SCEN149.y_1_1_2,-0.0
SCEN149.y_2_1_2,1.0
SCEN149.z_1_2,0.0
SCEN149.y_1_2_2,1.0
SCEN149.y_2_2_2,0.0
SCEN149.z_2_2,0.0
SCEN149.y_1_3_2,1.0
SCEN149.y_2_3_2,-0.0
SCEN149.z_3_2,0.0
SCEN149.y_1_1_3,1.0
SCEN149.y_2_1_3,0.0
SCEN149.z_1_3,0.0
SCEN149.y_1_2_3,1.0
SCEN149.y_2_2_3,0.0
SCEN149.z_2_3,0.0
SCEN149.y_1_3_3,0.0
SCEN149.y_2_3_3,1.0
SCEN149.z_3_3,0.0
SCEN150.x_1_1,0.9985949999999999
SCEN150.u_1_1,1.0
SCEN150.x_2_1,1.0
SCEN150.u_2_1,1.0
SCEN150.x_1_2,1.0
SCEN150.u_1_2,1.0
SCEN150.x_2_2,0.49557000000000007
SCEN150.u_2_2,1.0
SCEN150.x_1_3,0.8430249999999999
SCEN150.u_1_3,1.0
SCEN150.x_2_3,0.0
SCEN150.u_2_3,0.0
SCEN150.y_1_1_1,0.0
SCEN150.y_2_1_1,0.0
SCEN150.z_1_1,1.0
SCEN150.y_1_2_1,-0.0
SCEN150.y_2_2_1,1.0
SCEN150.z_2_1,0.0
SCEN150.y_1_3_1,0.0
SCEN150.y_2_3_1,0.0
SCEN150.z_3_1,1.0
SCEN150.y_1_1_2,-0.0
SCEN150.y_2_1_2,1.0
SCEN150.z_1_2,0.0
SCEN150.y_1_2_2,1.0
SCEN150.y_2_2_2,0.0
SCEN150.z_2_2,0.0
SCEN150.y_1_3_2,1.0
SCEN150.y_2_3_2,-0.0
SCEN150.z_3_2,0.0
SCEN150.y_1_1_3,1.0
SCEN150.y_2_1_3,0.0
SCEN150.z_1_3,0.0
SCEN150.y_1_2_3,1.0
SCEN150.y_2_2_3,0.0
SCEN150.z_2_3,0.0
SCEN150.y_1_3_3,0.0
SCEN150.y_2_3_3,1.0
SCEN150.z_3_3,0.0
SCEN151.x_1_1,0.9985949999999999
SCEN151.u_1_1,1.0
SCEN151.x_2_1,1.0
SCEN151.u_2_1,1.0
SCEN151.x_1_2,1.0
SCEN151.u_1_2,1.0
SCEN151.x_2_2,0.49557000000000007
SCEN151.u_2_2,1.0
SCEN151.x_1_3,0.8430249999999999
SCEN151.u_1_3,1.0
SCEN151.x_2_3,0.0
SCEN151.u_2_3,0.0
SCEN151.y_1_1_1,0.0
SCEN151.y_2_1_1,0.0
SCEN151.z_1_1,1.0
SCEN151.y_1_2_1,-0.0
SCEN151.y_2_2_1,1.0
SCEN151.z_2_1,0.0
SCEN151.y_1_3_1,0.0
SCEN151.y_2_3_1,0.0
SCEN151.z_3_1,1.0
SCEN151.y_1_1_2,0.0
SCEN151.y_2_1_2,1.0
SCEN151.z_1_2,0.0
SCEN151.y_1_2_2,1.0
SCEN151.y_2_2_2,0.0
SCEN151.z_2_2,0.0
SCEN151.y_1_3_2,1.0
SCEN151.y_2_3_2,-0.0
SCEN151.z_3_2,0.0
SCEN151.y_1_1_3,1.0
SCEN151.y_2_1_3,-0.0
SCEN151.z_1_3,0.0
SCEN151.y_1_2_3,1.0
SCEN151.y_2_2_3,0.0
SCEN151.z_2_3,0.0
SCEN151.y_1_3_3,-0.0
SCEN151.y_2_3_3,1.0
SCEN151.z_3_3,0.0
SCEN152.x_1_1,0.9985949999999999
SCEN152.u_1_1,1.0
SCEN152.x_2_1,1.0
SCEN152.u_2_1,1.0
SCEN152.x_1_2,1.0
SCEN152.u_1_2,1.0
SCEN152.x_2_2,0.49557000000000007
SCEN152.u_2_2,1.0
SCEN152.x_1_3,0.8430249999999999
SCEN152.u_1_3,1.0
SCEN152.x_2_3,0.0
SCEN152.u_2_3,0.0
SCEN152.y_1_1_1,1.0
SCEN152.y_2_1_1,0.0
SCEN152.z_1_1,0.0
SCEN152.y_1_2_1,0.0
SCEN152.y_2_2_1,0.0
SCEN152.z_2_1,1.0
SCEN152.y_1_3_1,0.0
SCEN152.y_2_3_1,1.0
SCEN152.z_3_1,0.0
SCEN152.y_1_1_2,-0.0
SCEN152.y_2_1_2,0.0
SCEN152.z_1_2,1.0
SCEN152.y_1_2_2,0.0
SCEN152.y_2_2_2,1.0
SCEN152.z_2_2,0.0
SCEN152.y_1_3_2,1.0
SCEN152.y_2_3_2,0.0
SCEN152.z_3_2,0.0
SCEN152.y_1_1_3,1.0
SCEN152.y_2_1_3,-0.0
SCEN152.z_1_3,0.0
SCEN152.y_1_2_3,1.0
SCEN152.y_2_2_3,0.0
SCEN152.z_2_3,0.0
SCEN152.y_1_3_3,-0.0
SCEN152.y_2_3_3,1.0
SCEN152.z_3_3,0.0
SCEN153.x_1_1,0.9985949999999999
SCEN153.u_1_1,1.0
SCEN153.x_2_1,1.0
SCEN153.u_2_1,1.0
SCEN153.x_1_2,1.0
SCEN153.u_1_2,1.0
SCEN153.x_2_2,0.49557000000000007
SCEN153.u_2_2,1.0
SCEN153.x_1_3,0.8430249999999999
SCEN153.u_1_3,1.0
SCEN153.x_2_3,0.0
SCEN153.u_2_3,0.0
SCEN153.y_1_1_1,1.0
SCEN153.y_2_1_1,0.0
SCEN153.z_1_1,0.0
SCEN153.y_1_2_1,0.0
SCEN153.y_2_2_1,0.0
SCEN153.z_2_1,1.0
SCEN153.y_1_3_1,-0.0
SCEN153.y_2_3_1,1.0
SCEN153.z_3_1,0.0
SCEN153.y_1_1_2,1.0
SCEN153.y_2_1_2,-0.0
SCEN153.z_1_2,0.0
SCEN153.y_1_2_2,1.0
SCEN153.y_2_2_2,0.0
SCEN153.z_2_2,0.0
SCEN153.y_1_3_2,0.0
SCEN153.y_2_3_2,1.0
SCEN153.z_3_2,0.0
SCEN153.y_1_1_3,1.0
SCEN153.y_2_1_3,-0.0
SCEN153.z_1_3,0.0
SCEN153.y_1_2_3,1.0
SCEN153.y_2_2_3,0.0
SCEN153.z_2_3,0.0
SCEN153.y_1_3_3,0.0
SCEN153.y_2_3_3,1.0
SCEN153.z_3_3,0.0
SCEN154.x_1_1,0.9985949999999999
SCEN154.u_1_1,1.0
SCEN154.x_2_1,1.0
SCEN154.u_2_1,1.0
SCEN154.x_1_2,1.0
SCEN154.u_1_2,1.0
SCEN154.x_2_2,0.49557000000000007
SCEN154.u_2_2,1.0
SCEN154.x_1_3,0.8430249999999999
SCEN154.u_1_3,1.0
SCEN154.x_2_3,0.0
SCEN154.u_2_3,0.0
SCEN154.y_1_1_1,0.0
SCEN154.y_2_1_1,0.0
SCEN154.z_1_1,1.0
SCEN154.y_1_2_1,0.0
SCEN154.y_2_2_1,0.0
SCEN154.z_2_1,1.0
SCEN154.y_1_3_1,0.0
SCEN154.y_2_3_1,0.0
SCEN154.z_3_1,1.0
SCEN154.y_1_1_2,0.0
SCEN154.y_2_1_2,1.0
SCEN154.z_1_2,0.0
SCEN154.y_1_2_2,1.0
SCEN154.y_2_2_2,0.0
SCEN154.z_2_2,0.0
SCEN154.y_1_3_2,1.0
SCEN154.y_2_3_2,0.0
SCEN154.z_3_2,0.0
SCEN154.y_1_1_3,1.0
SCEN154.y_2_1_3,-0.0
SCEN154.z_1_3,0.0
SCEN154.y_1_2_3,1.0
SCEN154.y_2_2_3,-0.0
SCEN154.z_2_3,0.0
SCEN154.y_1_3_3,-0.0
SCEN154.y_2_3_3,1.0
SCEN154.z_3_3,0.0
SCEN155.x_1_1,0.9985949999999999
SCEN155.u_1_1,1.0
SCEN155.x_2_1,1.0
SCEN155.u_2_1,1.0
SCEN155.x_1_2,1.0
SCEN155.u_1_2,1.0
SCEN155.x_2_2,0.49557000000000007
SCEN155.u_2_2,1.0
SCEN155.x_1_3,0.8430249999999999
SCEN155.u_1_3,1.0
SCEN155.x_2_3,0.0
SCEN155.u_2_3,0.0
SCEN155.y_1_1_1,0.0
SCEN155.y_2_1_1,0.0
SCEN155.z_1_1,1.0
SCEN155.y_1_2_1,0.0
SCEN155.y_2_2_1,0.0
SCEN155.z_2_1,1.0
SCEN155.y_1_3_1,0.0
SCEN155.y_2_3_1,0.0
SCEN155.z_3_1,1.0
SCEN155.y_1_1_2,0.0
SCEN155.y_2_1_2,1.0
SCEN155.z_1_2,0.0
SCEN155.y_1_2_2,1.0
SCEN155.y_2_2_2,-0.0
SCEN155.z_2_2,0.0
SCEN155.y_1_3_2,1.0
SCEN155.y_2_3_2,0.0
SCEN155.z_3_2,0.0
SCEN155.y_1_1_3,1.0
SCEN155.y_2_1_3,-0.0
SCEN155.z_1_3,0.0
SCEN155.y_1_2_3,1.0
SCEN155.y_2_2_3,0.0
SCEN155.z_2_3,0.0
SCEN155.y_1_3_3,-0.0
SCEN155.y_2_3_3,1.0
SCEN155.z_3_3,0.0
SCEN156.x_1_1,0.9985949999999999
SCEN156.u_1_1,1.0
SCEN156.x_2_1,1.0
SCEN156.u_2_1,1.0
SCEN156.x_1_2,1.0
SCEN156.u_1_2,1.0
SCEN156.x_2_2,0.49557000000000007
SCEN156.u_2_2,1.0
SCEN156.x_1_3,0.8430249999999999
SCEN156.u_1_3,1.0
SCEN156.x_2_3,0.0
SCEN156.u_2_3,0.0
SCEN156.y_1_1_1,0.0
SCEN156.y_2_1_1,0.0
SCEN156.z_1_1,1.0
SCEN156.y_1_2_1,-0.0
SCEN156.y_2_2_1,1.0
SCEN156.z_2_1,0.0
SCEN156.y_1_3_1,1.0
SCEN156.y_2_3_1,0.0
SCEN156.z_3_1,0.0
SCEN156.y_1_1_2,1.0
SCEN156.y_2_1_2,-0.0
SCEN156.z_1_2,0.0
SCEN156.y_1_2_2,-0.0
SCEN156.y_2_2_2,1.0
SCEN156.z_2_2,0.0
SCEN156.y_1_3_2,1.0
SCEN156.y_2_3_2,0.0
SCEN156.z_3_2,0.0
SCEN156.y_1_1_3,1.0
SCEN156.y_2_1_3,-0.0
SCEN156.z_1_3,0.0
SCEN156.y_1_2_3,-0.0
SCEN156.y_2_2_3,1.0
SCEN156.z_2_3,0.0
SCEN156.y_1_3_3,-0.0
SCEN156.y_2_3_3,1.0
SCEN156.z_3_3,0.0
SCEN157.x_1_1,0.9985949999999999
SCEN157.u_1_1,1.0
SCEN157.x_2_1,1.0
SCEN157.u_2_1,1.0
SCEN157.x_1_2,1.0
SCEN157.u_1_2,1.0
SCEN157.x_2_2,0.49557000000000007
SCEN157.u_2_2,1.0
SCEN157.x_1_3,0.8430249999999999
SCEN157.u_1_3,1.0
SCEN157.x_2_3,0.0
SCEN157.u_2_3,0.0
SCEN157.y_1_1_1,1.0
SCEN157.y_2_1_1,0.0
SCEN157.z_1_1,0.0
SCEN157.y_1_2_1,-0.0
SCEN157.y_2_2_1,1.0
SCEN157.z_2_1,0.0
SCEN157.y_1_3_1,0.0
SCEN157.y_2_3_1,0.0
SCEN157.z_3_1,1.0
SCEN157.y_1_1_2,1.0
SCEN157.y_2_1_2,-0.0
SCEN157.z_1_2,0.0
SCEN157.y_1_2_2,0.0
SCEN157.y_2_2_2,1.0
SCEN157.z_2_2,0.0
SCEN157.y_1_3_2,1.0
SCEN157.y_2_3_2,0.0
SCEN157.z_3_2,0.0
SCEN157.y_1_1_3,1.0
SCEN157.y_2_1_3,0.0
SCEN157.z_1_3,0.0
SCEN157.y_1_2_3,-0.0
SCEN157.y_2_2_3,1.0
SCEN157.z_2_3,0.0
SCEN157.y_1_3_3,1.0
SCEN157.y_2_3_3,-0.0
SCEN157.z_3_3,0.0
SCEN158.x_1_1,0.9985949999999999
SCEN158.u_1_1,1.0
SCEN158.x_2_1,1.0
SCEN158.u_2_1,1.0
SCEN158.x_1_2,1.0
SCEN158.u_1_2,1.0
SCEN158.x_2_2,0.49557000000000007
SCEN158.u_2_2,1.0
SCEN158.x_1_3,0.8430249999999999
SCEN158.u_1_3,1.0
SCEN158.x_2_3,0.0
SCEN158.u_2_3,0.0
SCEN158.y_1_1_1,1.0
SCEN158.y_2_1_1,0.0
SCEN158.z_1_1,0.0
SCEN158.y_1_2_1,-0.0
SCEN158.y_2_2_1,0.0
SCEN158.z_2_1,1.0
SCEN158.y_1_3_1,0.0
SCEN158.y_2_3_1,1.0
SCEN158.z_3_1,0.0
SCEN158.y_1_1_2,-0.0
SCEN158.y_2_1_2,0.0
SCEN158.z_1_2,1.0
SCEN158.y_1_2_2,0.0
SCEN158.y_2_2_2,1.0
SCEN158.z_2_2,0.0
SCEN158.y_1_3_2,1.0
SCEN158.y_2_3_2,-0.0
SCEN158.z_3_2,0.0
SCEN158.y_1_1_3,1.0
SCEN158.y_2_1_3,-0.0
SCEN158.z_1_3,0.0
SCEN158.y_1_2_3,1.0
SCEN158.y_2_2_3,0.0
SCEN158.z_2_3,0.0
SCEN158.y_1_3_3,-0.0
SCEN158.y_2_3_3,1.0
SCEN158.z_3_3,0.0
SCEN159.x_1_1,0.9985949999999999
SCEN159.u_1_1,1.0
SCEN159.x_2_1,1.0
SCEN159.u_2_1,1.0
SCEN159.x_1_2,1.0
SCEN159.u_1_2,1.0
SCEN159.x_2_2,0.49557000000000007
SCEN159.u_2_2,1.0
SCEN159.x_1_3,0.8430249999999999
SCEN159.u_1_3,1.0
SCEN159.x_2_3,0.0
SCEN159.u_2_3,0.0
SCEN159.y_1_1_1,1.0
SCEN159.y_2_1_1,0.0
SCEN159.z_1_1,0.0
SCEN159.y_1_2_1,-0.0
SCEN159.y_2_2_1,1.0
SCEN159.z_2_1,0.0
SCEN159.y_1_3_1,0.0
SCEN159.y_2_3_1,0.0
SCEN159.z_3_1,1.0
SCEN159.y_1_1_2,1.0
SCEN159.y_2_1_2,0.0
SCEN159.z_1_2,0.0
SCEN159.y_1_2_2,1.0
SCEN159.y_2_2_2,-0.0
SCEN159.z_2_2,0.0
SCEN159.y_1_3_2,0.0
SCEN159.y_2_3_2,1.0
SCEN159.z_3_2,0.0
SCEN159.y_1_1_3,1.0
SCEN159.y_2_1_3,-0.0
SCEN159.z_1_3,0.0
SCEN159.y_1_2_3,1.0
SCEN159.y_2_2_3,0.0
SCEN159.z_2_3,0.0
SCEN159.y_1_3_3,-0.0
SCEN159.y_2_3_3,1.0
SCEN159.z_3_3,0.0
SCEN160.x_1_1,0.9985949999999999
SCEN160.u_1_1,1.0
SCEN160.x_2_1,1.0
SCEN160.u_2_1,1.0
SCEN160.x_1_2,1.0
SCEN160.u_1_2,1.0
SCEN160.x_2_2,0.49557000000000007
SCEN160.u_2_2,1.0
SCEN160.x_1_3,0.8430249999999999
SCEN160.u_1_3,1.0
SCEN160.x_2_3,0.0
SCEN160.u_2_3,0.0
SCEN160.y_1_1_1,1.0
SCEN160.y_2_1_1,0.0
SCEN160.z_1_1,0.0
SCEN160.y_1_2_1,0.0
SCEN160.y_2_2_1,-0.0
SCEN160.z_2_1,1.0
SCEN160.y_1_3_1,0.0
SCEN160.y_2_3_1,1.0
SCEN160.z_3_1,0.0
SCEN160.y_1_1_2,0.0
SCEN160.y_2_1_2,1.0
SCEN160.z_1_2,0.0
SCEN160.y_1_2_2,1.0
SCEN160.y_2_2_2,0.0
SCEN160.z_2_2,0.0
SCEN160.y_1_3_2,1.0
SCEN160.y_2_3_2,-0.0
SCEN160.z_3_2,0.0
SCEN160.y_1_1_3,1.0
SCEN160.y_2_1_3,-0.0
SCEN160.z_1_3,0.0
SCEN160.y_1_2_3,1.0
SCEN160.y_2_2_3,0.0
SCEN160.z_2_3,0.0
SCEN160.y_1_3_3,-0.0
SCEN160.y_2_3_3,1.0
SCEN160.z_3_3,0.0
SCEN161.x_1_1,0.9985949999999999
SCEN161.u_1_1,1.0
SCEN161.x_2_1,1.0
SCEN161.u_2_1,1.0
SCEN161.x_1_2,1.0
SCEN161.u_1_2,1.0
SCEN161.x_2_2,0.49557000000000007
SCEN161.u_2_2,1.0
SCEN161.x_1_3,0.8430249999999999
SCEN161.u_1_3,1.0
SCEN161.x_2_3,0.0
SCEN161.u_2_3,0.0
SCEN161.y_1_1_1,1.0
SCEN161.y_2_1_1,0.0
SCEN161.z_1_1,0.0
SCEN161.y_1_2_1,-0.0
SCEN161.y_2_2_1,0.0
SCEN161.z_2_1,1.0
SCEN161.y_1_3_1,0.0
SCEN161.y_2_3_1,1.0
SCEN161.z_3_1,0.0
SCEN161.y_1_1_2,-0.0
SCEN161.y_2_1_2,1.0
SCEN161.z_1_2,0.0
SCEN161.y_1_2_2,1.0
SCEN161.y_2_2_2,0.0
SCEN161.z_2_2,0.0
SCEN161.y_1_3_2,1.0
SCEN161.y_2_3_2,-0.0
SCEN161.z_3_2,0.0
SCEN161.y_1_1_3,1.0
SCEN161.y_2_1_3,-0.0
SCEN161.z_1_3,0.0
SCEN161.y_1_2_3,1.0
SCEN161.y_2_2_3,-0.0
SCEN161.z_2_3,0.0
SCEN161.y_1_3_3,-0.0
SCEN161.y_2_3_3,1.0
SCEN161.z_3_3,0.0
SCEN162.x_1_1,0.9985949999999999
SCEN162.u_1_1,1.0
SCEN162.x_2_1,1.0
SCEN162.u_2_1,1.0
SCEN162.x_1_2,1.0
SCEN162.u_1_2,1.0
SCEN162.x_2_2,0.49557000000000007
SCEN162.u_2_2,1.0
SCEN162.x_1_3,0.8430249999999999
SCEN162.u_1_3,1.0
SCEN162.x_2_3,0.0
SCEN162.u_2_3,0.0
SCEN162.y_1_1_1,-0.0
SCEN162.y_2_1_1,1.0
SCEN162.z_1_1,0.0
SCEN162.y_1_2_1,0.0
SCEN162.y_2_2_1,0.0
SCEN162.z_2_1,1.0
SCEN162.y_1_3_1,0.0
SCEN162.y_2_3_1,0.0
SCEN162.z_3_1,1.0
SCEN162.y_1_1_2,-0.0
SCEN162.y_2_1_2,1.0
SCEN162.z_1_2,0.0
SCEN162.y_1_2_2,1.0
SCEN162.y_2_2_2,0.0
SCEN162.z_2_2,0.0
SCEN162.y_1_3_2,1.0
SCEN162.y_2_3_2,-0.0
SCEN162.z_3_2,0.0
SCEN162.y_1_1_3,1.0
SCEN162.y_2_1_3,-0.0
SCEN162.z_1_3,0.0
SCEN162.y_1_2_3,1.0
SCEN162.y_2_2_3,0.0
SCEN162.z_2_3,0.0
SCEN162.y_1_3_3,-0.0
SCEN162.y_2_3_3,1.0
SCEN162.z_3_3,0.0
SCEN163.x_1_1,0.9985949999999999
SCEN163.u_1_1,1.0
SCEN163.x_2_1,1.0
SCEN163.u_2_1,1.0
SCEN163.x_1_2,1.0
SCEN163.u_1_2,1.0
SCEN163.x_2_2,0.49557000000000007
SCEN163.u_2_2,1.0
SCEN163.x_1_3,0.8430249999999999
SCEN163.u_1_3,1.0
SCEN163.x_2_3,0.0
SCEN163.u_2_3,0.0
SCEN163.y_1_1_1,1.0
SCEN163.y_2_1_1,0.0
SCEN163.z_1_1,0.0
SCEN163.y_1_2_1,0.0
SCEN163.y_2_2_1,0.0
SCEN163.z_2_1,1.0
SCEN163.y_1_3_1,0.0
SCEN163.y_2_3_1,1.0
SCEN163.z_3_1,0.0
SCEN163.y_1_1_2,-0.0
SCEN163.y_2_1_2,-0.0
SCEN163.z_1_2,1.0
SCEN163.y_1_2_2,-0.0
SCEN163.y_2_2_2,1.0
SCEN163.z_2_2,0.0
SCEN163.y_1_3_2,1.0
SCEN163.y_2_3_2,0.0
SCEN163.z_3_2,0.0
SCEN163.y_1_1_3,1.0
SCEN163.y_2_1_3,0.0
SCEN163.z_1_3,0.0
SCEN163.y_1_2_3,1.0
SCEN163.y_2_2_3,0.0
SCEN163.z_2_3,0.0
SCEN163.y_1_3_3,-0.0
SCEN163.y_2_3_3,1.0
SCEN163.z_3_3,0.0
SCEN164.x_1_1,0.9985949999999999
SCEN164.u_1_1,1.0
SCEN164.x_2_1,1.0
SCEN164.u_2_1,1.0
SCEN164.x_1_2,1.0
SCEN164.u_1_2,1.0
SCEN164.x_2_2,0.49557000000000007
SCEN164.u_2_2,1.0
SCEN164.x_1_3,0.8430249999999999
SCEN164.u_1_3,1.0
SCEN164.x_2_3,0.0
SCEN164.u_2_3,0.0
SCEN164.y_1_1_1,1.0
SCEN164.y_2_1_1,0.0
SCEN164.z_1_1,0.0
SCEN164.y_1_2_1,0.0
SCEN164.y_2_2_1,0.0
SCEN164.z_2_1,1.0
SCEN164.y_1_3_1,-0.0
SCEN164.y_2_3_1,1.0
SCEN164.z_3_1,0.0
SCEN164.y_1_1_2,-0.0
SCEN164.y_2_1_2,-0.0
SCEN164.z_1_2,1.0
SCEN164.y_1_2_2,0.0
SCEN164.y_2_2_2,1.0
SCEN164.z_2_2,0.0
SCEN164.y_1_3_2,1.0
SCEN164.y_2_3_2,0.0
SCEN164.z_3_2,0.0
SCEN164.y_1_1_3,1.0
SCEN164.y_2_1_3,-0.0
SCEN164.z_1_3,0.0
SCEN164.y_1_2_3,1.0
SCEN164.y_2_2_3,0.0
SCEN164.z_2_3,0.0
SCEN164.y_1_3_3,-0.0
SCEN164.y_2_3_3,1.0
SCEN164.z_3_3,0.0
SCEN165.x_1_1,0.9985949999999999
SCEN165.u_1_1,1.0
SCEN165.x_2_1,1.0
SCEN165.u_2_1,1.0
SCEN165.x_1_2,1.0
SCEN165.u_1_2,1.0
SCEN165.x_2_2,0.49557000000000007
SCEN165.u_2_2,1.0
SCEN165.x_1_3,0.8430249999999999
SCEN165.u_1_3,1.0
SCEN165.x_2_3,0.0
SCEN165.u_2_3,0.0
SCEN165.y_1_1_1,1.0
SCEN165.y_2_1_1,0.0
SCEN165.z_1_1,0.0
SCEN165.y_1_2_1,-0.0
SCEN165.y_2_2_1,1.0
SCEN165.z_2_1,0.0
SCEN165.y_1_3_1,0.0
SCEN165.y_2_3_1,0.0
SCEN165.z_3_1,1.0
SCEN165.y_1_1_2,-0.0
SCEN165.y_2_1_2,1.0
SCEN165.z_1_2,0.0
SCEN165.y_1_2_2,1.0
SCEN165.y_2_2_2,0.0
SCEN165.z_2_2,0.0
SCEN165.y_1_3_2,1.0
SCEN165.y_2_3_2,-0.0
SCEN165.z_3_2,0.0
SCEN165.y_1_1_3,1.0
SCEN165.y_2_1_3,-0.0
SCEN165.z_1_3,0.0
SCEN165.y_1_2_3,1.0
SCEN165.y_2_2_3,0.0
SCEN165.z_2_3,0.0
SCEN165.y_1_3_3,0.0
SCEN165.y_2_3_3,1.0
SCEN165.z_3_3,0.0
SCEN166.x_1_1,0.9985949999999999
SCEN166.u_1_1,1.0
SCEN166.x_2_1,1.0
SCEN166.u_2_1,1.0
SCEN166.x_1_2,1.0
SCEN166.u_1_2,1.0
SCEN166.x_2_2,0.49557000000000007
SCEN166.u_2_2,1.0
SCEN166.x_1_3,0.8430249999999999
SCEN166.u_1_3,1.0
SCEN166.x_2_3,0.0
SCEN166.u_2_3,0.0
SCEN166.y_1_1_1,-0.0
SCEN166.y_2_1_1,1.0
SCEN166.z_1_1,0.0
SCEN166.y_1_2_1,0.0
SCEN166.y_2_2_1,0.0
SCEN166.z_2_1,1.0
SCEN166.y_1_3_1,0.0
SCEN166.y_2_3_1,0.0
SCEN166.z_3_1,1.0
SCEN166.y_1_1_2,-0.0
SCEN166.y_2_1_2,1.0
SCEN166.z_1_2,0.0
SCEN166.y_1_2_2,1.0
SCEN166.y_2_2_2,0.0
SCEN166.z_2_2,0.0
SCEN166.y_1_3_2,1.0
SCEN166.y_2_3_2,-0.0
SCEN166.z_3_2,0.0
SCEN166.y_1_1_3,1.0
SCEN166.y_2_1_3,-0.0
SCEN166.z_1_3,0.0
SCEN166.y_1_2_3,1.0
SCEN166.y_2_2_3,0.0
SCEN166.z_2_3,0.0
SCEN166.y_1_3_3,-0.0
SCEN166.y_2_3_3,1.0
SCEN166.z_3_3,0.0
SCEN167.x_1_1,0.9985949999999999
SCEN167.u_1_1,1.0
SCEN167.x_2_1,1.0
SCEN167.u_2_1,1.0
SCEN167.x_1_2,1.0
SCEN167.u_1_2,1.0
SCEN167.x_2_2,0.49557000000000007
SCEN167.u_2_2,1.0
SCEN167.x_1_3,0.8430249999999999
SCEN167.u_1_3,1.0
SCEN167.x_2_3,0.0
SCEN167.u_2_3,0.0
SCEN167.y_1_1_1,1.0
SCEN167.y_2_1_1,0.0
SCEN167.z_1_1,0.0
SCEN167.y_1_2_1,-0.0
SCEN167.y_2_2_1,0.0
SCEN167.z_2_1,1.0
SCEN167.y_1_3_1,0.0
SCEN167.y_2_3_1,1.0
SCEN167.z_3_1,0.0
SCEN167.y_1_1_2,-0.0
SCEN167.y_2_1_2,0.0
SCEN167.z_1_2,1.0
SCEN167.y_1_2_2,-0.0
SCEN167.y_2_2_2,1.0
SCEN167.z_2_2,0.0
SCEN167.y_1_3_2,1.0
SCEN167.y_2_3_2,0.0
SCEN167.z_3_2,0.0
SCEN167.y_1_1_3,1.0
SCEN167.y_2_1_3,0.0
SCEN167.z_1_3,0.0
SCEN167.y_1_2_3,1.0
SCEN167.y_2_2_3,0.0
SCEN167.z_2_3,0.0
SCEN167.y_1_3_3,0.0
SCEN167.y_2_3_3,1.0
SCEN167.z_3_3,0.0
SCEN168.x_1_1,0.9985949999999999
SCEN168.u_1_1,1.0
SCEN168.x_2_1,1.0
SCEN168.u_2_1,1.0
SCEN168.x_1_2,1.0
SCEN168.u_1_2,1.0
SCEN168.x_2_2,0.49557000000000007
SCEN168.u_2_2,1.0
SCEN168.x_1_3,0.8430249999999999
SCEN168.u_1_3,1.0
SCEN168.x_2_3,0.0
SCEN168.u_2_3,0.0
SCEN168.y_1_1_1,1.0
SCEN168.y_2_1_1,-0.0
SCEN168.z_1_1,0.0
SCEN168.y_1_2_1,-0.0
SCEN168.y_2_2_1,-0.0
SCEN168.z_2_1,1.0
SCEN168.y_1_3_1,0.0
SCEN168.y_2_3_1,1.0
SCEN168.z_3_1,0.0
SCEN168.y_1_1_2,-0.0
SCEN168.y_2_1_2,0.0
SCEN168.z_1_2,1.0
SCEN168.y_1_2_2,1.0
SCEN168.y_2_2_2,0.0
SCEN168.z_2_2,0.0
SCEN168.y_1_3_2,-0.0
SCEN168.y_2_3_2,1.0
SCEN168.z_3_2,0.0
SCEN168.y_1_1_3,1.0
SCEN168.y_2_1_3,0.0
SCEN168.z_1_3,0.0
SCEN168.y_1_2_3,1.0
SCEN168.y_2_2_3,0.0
SCEN168.z_2_3,0.0
SCEN168.y_1_3_3,0.0
SCEN168.y_2_3_3,1.0
SCEN168.z_3_3,0.0
SCEN169.x_1_1,0.9985949999999999
SCEN169.u_1_1,1.0
SCEN169.x_2_1,1.0
SCEN169.u_2_1,1.0
SCEN169.x_1_2,1.0
SCEN169.u_1_2,1.0
SCEN169.x_2_2,0.49557000000000007
SCEN169.u_2_2,1.0
SCEN169.x_1_3,0.8430249999999999
SCEN169.u_1_3,1.0
SCEN169.x_2_3,0.0
SCEN169.u_2_3,0.0
SCEN169.y_1_1_1,1.0
SCEN169.y_2_1_1,0.0
SCEN169.z_1_1,0.0
SCEN169.y_1_2_1,-0.0
SCEN169.y_2_2_1,-0.0
SCEN169.z_2_1,1.0
SCEN169.y_1_3_1,0.0
SCEN169.y_2_3_1,1.0
SCEN169.z_3_1,0.0
SCEN169.y_1_1_2,1.0
SCEN169.y_2_1_2,-0.0
SCEN169.z_1_2,0.0
SCEN169.y_1_2_2,1.0
SCEN169.y_2_2_2,-0.0
SCEN169.z_2_2,0.0
SCEN169.y_1_3_2,0.0
SCEN169.y_2_3_2,1.0
SCEN169.z_3_2,0.0
SCEN169.y_1_1_3,1.0
SCEN169.y_2_1_3,-0.0
SCEN169.z_1_3,0.0
SCEN169.y_1_2_3,1.0
SCEN169.y_2_2_3,0.0
SCEN169.z_2_3,0.0
SCEN169.y_1_3_3,0.0
SCEN169.y_2_3_3,1.0
SCEN169.z_3_3,0.0
SCEN170.x_1_1,0.9985949999999999
SCEN170.u_1_1,1.0
SCEN170.x_2_1,1.0
SCEN170.u_2_1,1.0
SCEN170.x_1_2,1.0
SCEN170.u_1_2,1.0
SCEN170.x_2_2,0.49557000000000007
SCEN170.u_2_2,1.0
SCEN170.x_1_3,0.8430249999999999
SCEN170.u_1_3,1.0
SCEN170.x_2_3,0.0
SCEN170.u_2_3,0.0
SCEN170.y_1_1_1,-0.0
SCEN170.y_2_1_1,1.0
SCEN170.z_1_1,0.0
SCEN170.y_1_2_1,0.0
SCEN170.y_2_2_1,0.0
SCEN170.z_2_1,1.0
SCEN170.y_1_3_1,0.0
SCEN170.y_2_3_1,0.0
SCEN170.z_3_1,1.0
SCEN170.y_1_1_2,1.0
SCEN170.y_2_1_2,0.0
SCEN170.z_1_2,0.0
SCEN170.y_1_2_2,1.0
SCEN170.y_2_2_2,-0.0
SCEN170.z_2_2,0.0
SCEN170.y_1_3_2,0.0
SCEN170.y_2_3_2,1.0
SCEN170.z_3_2,0.0
SCEN170.y_1_1_3,1.0
SCEN170.y_2_1_3,-0.0
SCEN170.z_1_3,0.0
SCEN170.y_1_2_3,1.0
SCEN170.y_2_2_3,0.0
SCEN170.z_2_3,0.0
SCEN170.y_1_3_3,-0.0
SCEN170.y_2_3_3,1.0
SCEN170.z_3_3,0.0
SCEN171.x_1_1,0.9985949999999999
SCEN171.u_1_1,1.0
SCEN171.x_2_1,1.0
SCEN171.u_2_1,1.0
SCEN171.x_1_2,1.0
SCEN171.u_1_2,1.0
SCEN171.x_2_2,0.49557000000000007
SCEN171.u_2_2,1.0
SCEN171.x_1_3,0.8430249999999999
SCEN171.u_1_3,1.0
SCEN171.x_2_3,0.0
SCEN171.u_2_3,0.0
SCEN171.y_1_1_1,1.0
SCEN171.y_2_1_1,0.0
SCEN171.z_1_1,0.0
SCEN171.y_1_2_1,-0.0
SCEN171.y_2_2_1,1.0
SCEN171.z_2_1,0.0
SCEN171.y_1_3_1,0.0
SCEN171.y_2_3_1,0.0
SCEN171.z_3_1,1.0
SCEN171.y_1_1_2,1.0
SCEN171.y_2_1_2,-0.0
SCEN171.z_1_2,0.0
SCEN171.y_1_2_2,-0.0
SCEN171.y_2_2_2,1.0
SCEN171.z_2_2,0.0
SCEN171.y_1_3_2,1.0
SCEN171.y_2_3_2,-0.0
SCEN171.z_3_2,0.0
SCEN171.y_1_1_3,1.0
SCEN171.y_2_1_3,-0.0
SCEN171.z_1_3,0.0
SCEN171.y_1_2_3,1.0
SCEN171.y_2_2_3,0.0
SCEN171.z_2_3,0.0
SCEN171.y_1_3_3,-0.0
SCEN171.y_2_3_3,1.0
SCEN171.z_3_3,0.0
SCEN172.x_1_1,0.9985949999999999
SCEN172.u_1_1,1.0
SCEN172.x_2_1,1.0
SCEN172.u_2_1,1.0
SCEN172.x_1_2,1.0
SCEN172.u_1_2,1.0
SCEN172.x_2_2,0.49557000000000007
SCEN172.u_2_2,1.0
SCEN172.x_1_3,0.8430249999999999
SCEN172.u_1_3,1.0
SCEN172.x_2_3,0.0
SCEN172.u_2_3,0.0
SCEN172.y_1_1_1,0.0
SCEN172.y_2_1_1,0.0
SCEN172.z_1_1,1.0
SCEN172.y_1_2_1,0.0
SCEN172.y_2_2_1,0.0
SCEN172.z_2_1,1.0
SCEN172.y_1_3_1,-0.0
SCEN172.y_2_3_1,1.0
SCEN172.z_3_1,0.0
SCEN172.y_1_1_2,1.0
SCEN172.y_2_1_2,-0.0
SCEN172.z_1_2,0.0
SCEN172.y_1_2_2,0.0
SCEN172.y_2_2_2,1.0
SCEN172.z_2_2,0.0
SCEN172.y_1_3_2,1.0
SCEN172.y_2_3_2,0.0
SCEN172.z_3_2,0.0
SCEN172.y_1_1_3,1.0
SCEN172.y_2_1_3,-0.0
SCEN172.z_1_3,0.0
SCEN172.y_1_2_3,1.0
SCEN172.y_2_2_3,0.0
SCEN172.z_2_3,0.0
SCEN172.y_1_3_3,-0.0
SCEN172.y_2_3_3,1.0
SCEN172.z_3_3,0.0
SCEN173.x_1_1,0.9985949999999999
SCEN173.u_1_1,1.0
SCEN173.x_2_1,1.0
SCEN173.u_2_1,1.0
SCEN173.x_1_2,1.0
SCEN173.u_1_2,1.0
SCEN173.x_2_2,0.49557000000000007
SCEN173.u_2_2,1.0
SCEN173.x_1_3,0.8430249999999999
SCEN173.u_1_3,1.0
SCEN173.x_2_3,0.0
SCEN173.u_2_3,0.0
SCEN173.y_1_1_1,-0.0
SCEN173.y_2_1_1,1.0
SCEN173.z_1_1,0.0
SCEN173.y_1_2_1,0.0
SCEN173.y_2_2_1,0.0
SCEN173.z_2_1,1.0
SCEN173.y_1_3_1,0.0
SCEN173.y_2_3_1,0.0
SCEN173.z_3_1,1.0
SCEN173.y_1_1_2,1.0
SCEN173.y_2_1_2,-0.0
SCEN173.z_1_2,0.0
SCEN173.y_1_2_2,0.0
SCEN173.y_2_2_2,1.0
SCEN173.z_2_2,0.0
SCEN173.y_1_3_2,1.0
SCEN173.y_2_3_2,0.0
SCEN173.z_3_2,0.0
SCEN173.y_1_1_3,1.0
SCEN173.y_2_1_3,-0.0
SCEN173.z_1_3,0.0
SCEN173.y_1_2_3,0.0
SCEN173.y_2_2_3,1.0
SCEN173.z_2_3,0.0
SCEN173.y_1_3_3,1.0
SCEN173.y_2_3_3,-0.0
SCEN173.z_3_3,0.0
SCEN174.x_1_1,0.9985949999999999
SCEN174.u_1_1,1.0
SCEN174.x_2_1,1.0
SCEN174.u_2_1,1.0
SCEN174.x_1_2,1.0
SCEN174.u_1_2,1.0
SCEN174.x_2_2,0.49557000000000007
SCEN174.u_2_2,1.0
SCEN174.x_1_3,0.8430249999999999
SCEN174.u_1_3,1.0
SCEN174.x_2_3,0.0
SCEN174.u_2_3,0.0
SCEN174.y_1_1_1,1.0
SCEN174.y_2_1_1,0.0
SCEN174.z_1_1,0.0
SCEN174.y_1_2_1,-0.0
SCEN174.y_2_2_1,1.0
SCEN174.z_2_1,0.0
SCEN174.y_1_3_1,0.0
SCEN174.y_2_3_1,0.0
SCEN174.z_3_1,1.0
SCEN174.y_1_1_2,0.0
SCEN174.y_2_1_2,0.0
SCEN174.z_1_2,1.0
SCEN174.y_1_2_2,0.0
SCEN174.y_2_2_2,1.0
SCEN174.z_2_2,0.0
SCEN174.y_1_3_2,1.0
SCEN174.y_2_3_2,0.0
SCEN174.z_3_2,0.0
SCEN174.y_1_1_3,1.0
SCEN174.y_2_1_3,-0.0
SCEN174.z_1_3,0.0
SCEN174.y_1_2_3,1.0
SCEN174.y_2_2_3,0.0
SCEN174.z_2_3,0.0
SCEN174.y_1_3_3,-0.0
SCEN174.y_2_3_3,1.0
SCEN174.z_3_3,0.0
SCEN175.x_1_1,0.9985949999999999
SCEN175.u_1_1,1.0
SCEN175.x_2_1,1.0
SCEN175.u_2_1,1.0
SCEN175.x_1_2,1.0
SCEN175.u_1_2,1.0
SCEN175.x_2_2,0.49557000000000007
SCEN175.u_2_2,1.0
SCEN175.x_1_3,0.8430249999999999
SCEN175.u_1_3,1.0
SCEN175.x_2_3,0.0
SCEN175.u_2_3,0.0
SCEN175.y_1_1_1,1.0
SCEN175.y_2_1_1,0.0
SCEN175.z_1_1,0.0
SCEN175.y_1_2_1,0.0
SCEN175.y_2_2_1,0.0
SCEN175.z_2_1,1.0
SCEN175.y_1_3_1,-0.0
SCEN175.y_2_3_1,1.0
SCEN175.z_3_1,0.0
SCEN175.y_1_1_2,1.0
SCEN175.y_2_1_2,-0.0
SCEN175.z_1_2,0.0
SCEN175.y_1_2_2,0.0
SCEN175.y_2_2_2,1.0
SCEN175.z_2_2,0.0
SCEN175.y_1_3_2,1.0
SCEN175.y_2_3_2,0.0
SCEN175.z_3_2,0.0
SCEN175.y_1_1_3,1.0
SCEN175.y_2_1_3,-0.0
SCEN175.z_1_3,0.0
SCEN175.y_1_2_3,1.0
SCEN175.y_2_2_3,0.0
SCEN175.z_2_3,0.0
SCEN175.y_1_3_3,-0.0
SCEN175.y_2_3_3,1.0
SCEN175.z_3_3,0.0
SCEN176.x_1_1,0.9985949999999999
SCEN176.u_1_1,1.0
SCEN176.x_2_1,1.0
SCEN176.u_2_1,1.0
SCEN176.x_1_2,1.0
SCEN176.u_1_2,1.0
SCEN176.x_2_2,0.49557000000000007
SCEN176.u_2_2,1.0
SCEN176.x_1_3,0.8430249999999999
SCEN176.u_1_3,1.0
SCEN176.x_2_3,0.0
SCEN176.u_2_3,0.0
SCEN176.y_1_1_1,1.0
SCEN176.y_2_1_1,0.0
SCEN176.z_1_1,0.0
SCEN176.y_1_2_1,0.0
SCEN176.y_2_2_1,0.0
SCEN176.z_2_1,1.0
SCEN176.y_1_3_1,-0.0
SCEN176.y_2_3_1,1.0
SCEN176.z_3_1,0.0
SCEN176.y_1_1_2,0.0
SCEN176.y_2_1_2,-0.0
SCEN176.z_1_2,1.0
SCEN176.y_1_2_2,0.0
SCEN176.y_2_2_2,1.0
SCEN176.z_2_2,0.0
SCEN176.y_1_3_2,1.0
SCEN176.y_2_3_2,0.0
SCEN176.z_3_2,0.0
SCEN176.y_1_1_3,1.0
SCEN176.y_2_1_3,-0.0
SCEN176.z_1_3,0.0
SCEN176.y_1_2_3,1.0
SCEN176.y_2_2_3,0.0
SCEN176.z_2_3,0.0
SCEN176.y_1_3_3,-0.0
SCEN176.y_2_3_3,1.0
SCEN176.z_3_3,0.0
SCEN177.x_1_1,0.9985949999999999
SCEN177.u_1_1,1.0
SCEN177.x_2_1,1.0
SCEN177.u_2_1,1.0
SCEN177.x_1_2,1.0
SCEN177.u_1_2,1.0
SCEN177.x_2_2,0.49557000000000007
SCEN177.u_2_2,1.0
SCEN177.x_1_3,0.8430249999999999
SCEN177.u_1_3,1.0
SCEN177.x_2_3,0.0
SCEN177.u_2_3,0.0
SCEN177.y_1_1_1,0.0
SCEN177.y_2_1_1,0.0
SCEN177.z_1_1,1.0
SCEN177.y_1_2_1,0.0
SCEN177.y_2_2_1,0.0
SCEN177.z_2_1,1.0
SCEN177.y_1_3_1,0.0
SCEN177.y_2_3_1,0.0
SCEN177.z_3_1,1.0
SCEN177.y_1_1_2,-0.0
SCEN177.y_2_1_2,1.0
SCEN177.z_1_2,0.0
SCEN177.y_1_2_2,-0.0
SCEN177.y_2_2_2,1.0
SCEN177.z_2_2,0.0
SCEN177.y_1_3_2,1.0
SCEN177.y_2_3_2,-0.0
SCEN177.z_3_2,0.0
SCEN177.y_1_1_3,1.0
SCEN177.y_2_1_3,-0.0
SCEN177.z_1_3,0.0
SCEN177.y_1_2_3,1.0
SCEN177.y_2_2_3,0.0
SCEN177.z_2_3,0.0
SCEN177.y_1_3_3,-0.0
SCEN177.y_2_3_3,1.0
SCEN177.z_3_3,0.0
SCEN178.x_1_1,0.9985949999999999
SCEN178.u_1_1,1.0
SCEN178.x_2_1,1.0
SCEN178.u_2_1,1.0
SCEN178.x_1_2,1.0
SCEN178.u_1_2,1.0
SCEN178.x_2_2,0.49557000000000007
SCEN178.u_2_2,1.0
SCEN178.x_1_3,0.8430249999999999
SCEN178.u_1_3,1.0
SCEN178.x_2_3,0.0
SCEN178.u_2_3,0.0
SCEN178.y_1_1_1,1.0
SCEN178.y_2_1_1,0.0
SCEN178.z_1_1,0.0
SCEN178.y_1_2_1,-0.0
SCEN178.y_2_2_1,-0.0
SCEN178.z_2_1,1.0
SCEN178.y_1_3_1,0.0
SCEN178.y_2_3_1,1.0
SCEN178.z_3_1,0.0
SCEN178.y_1_1_2,1.0
SCEN178.y_2_1_2,0.0
SCEN178.z_1_2,0.0
SCEN178.y_1_2_2,1.0
SCEN178.y_2_2_2,-0.0
SCEN178.z_2_2,0.0
SCEN178.y_1_3_2,0.0
SCEN178.y_2_3_2,1.0
SCEN178.z_3_2,0.0
SCEN178.y_1_1_3,1.0
SCEN178.y_2_1_3,-0.0
SCEN178.z_1_3,0.0
SCEN178.y_1_2_3,1.0
SCEN178.y_2_2_3,0.0
SCEN178.z_2_3,0.0
SCEN178.y_1_3_3,-0.0
SCEN178.y_2_3_3,1.0
SCEN178.z_3_3,0.0
SCEN179.x_1_1,0.9985949999999999
SCEN179.u_1_1,1.0
SCEN179.x_2_1,1.0
SCEN179.u_2_1,1.0
SCEN179.x_1_2,1.0
SCEN179.u_1_2,1.0
SCEN179.x_2_2,0.49557000000000007
SCEN179.u_2_2,1.0
SCEN179.x_1_3,0.8430249999999999
SCEN179.u_1_3,1.0
SCEN179.x_2_3,0.0
SCEN179.u_2_3,0.0
SCEN179.y_1_1_1,0.0
SCEN179.y_2_1_1,0.0
SCEN179.z_1_1,1.0
SCEN179.y_1_2_1,0.0
SCEN179.y_2_2_1,0.0
SCEN179.z_2_1,1.0
SCEN179.y_1_3_1,-0.0
SCEN179.y_2_3_1,1.0
SCEN179.z_3_1,0.0
SCEN179.y_1_1_2,-0.0
SCEN179.y_2_1_2,1.0
SCEN179.z_1_2,0.0
SCEN179.y_1_2_2,1.0
SCEN179.y_2_2_2,0.0
SCEN179.z_2_2,0.0
SCEN179.y_1_3_2,0.0
SCEN179.y_2_3_2,1.0
SCEN179.z_3_2,0.0
SCEN179.y_1_1_3,1.0
SCEN179.y_2_1_3,-0.0
SCEN179.z_1_3,0.0
SCEN179.y_1_2_3,1.0
SCEN179.y_2_2_3,0.0
SCEN179.z_2_3,0.0
SCEN179.y_1_3_3,-0.0
SCEN179.y_2_3_3,1.0
SCEN179.z_3_3,0.0
SCEN180.x_1_1,0.9985949999999999
SCEN180.u_1_1,1.0
SCEN180.x_2_1,1.0
SCEN180.u_2_1,1.0
SCEN180.x_1_2,1.0
SCEN180.u_1_2,1.0
SCEN180.x_2_2,0.49557000000000007
SCEN180.u_2_2,1.0
SCEN180.x_1_3,0.8430249999999999
SCEN180.u_1_3,1.0
SCEN180.x_2_3,0.0
SCEN180.u_2_3,0.0
SCEN180.y_1_1_1,1.0
SCEN180.y_2_1_1,0.0
SCEN180.z_1_1,0.0
SCEN180.y_1_2_1,0.0
SCEN180.y_2_2_1,0.0
SCEN180.z_2_1,1.0
SCEN180.y_1_3_1,-0.0
SCEN180.y_2_3_1,1.0
SCEN180.z_3_1,0.0
SCEN180.y_1_1_2,1.0
SCEN180.y_2_1_2,0.0
SCEN180.z_1_2,0.0
SCEN180.y_1_2_2,-0.0
SCEN180.y_2_2_2,1.0
SCEN180.z_2_2,0.0
SCEN180.y_1_3_2,1.0
SCEN180.y_2_3_2,0.0
SCEN180.z_3_2,0.0
SCEN180.y_1_1_3,1.0
SCEN180.y_2_1_3,-0.0
SCEN180.z_1_3,0.0
SCEN180.y_1_2_3,0.0
SCEN180.y_2_2_3,1.0
SCEN180.z_2_3,0.0
SCEN180.y_1_3_3,1.0
SCEN180.y_2_3_3,0.0
SCEN180.z_3_3,0.0
SCEN181.x_1_1,0.9985949999999999
SCEN181.u_1_1,1.0
SCEN181.x_2_1,1.0
SCEN181.u_2_1,1.0
SCEN181.x_1_2,1.0
SCEN181.u_1_2,1.0
SCEN181.x_2_2,0.49557000000000007
SCEN181.u_2_2,1.0
SCEN181.x_1_3,0.8430249999999999
SCEN181.u_1_3,1.0
SCEN181.x_2_3,0.0
SCEN181.u_2_3,0.0
SCEN181.y_1_1_1,1.0
SCEN181.y_2_1_1,0.0
SCEN181.z_1_1,0.0
SCEN181.y_1_2_1,0.0
SCEN181.y_2_2_1,0.0
SCEN181.z_2_1,1.0
SCEN181.y_1_3_1,-0.0
SCEN181.y_2_3_1,1.0
SCEN181.z_3_1,0.0
SCEN181.y_1_1_2,-0.0
SCEN181.y_2_1_2,1.0
SCEN181.z_1_2,0.0
SCEN181.y_1_2_2,-0.0
SCEN181.y_2_2_2,1.0
SCEN181.z_2_2,0.0
SCEN181.y_1_3_2,1.0
SCEN181.y_2_3_2,-0.0
SCEN181.z_3_2,0.0
SCEN181.y_1_1_3,1.0
SCEN181.y_2_1_3,-0.0
SCEN181.z_1_3,0.0
SCEN181.y_1_2_3,-0.0
SCEN181.y_2_2_3,1.0
SCEN181.z_2_3,0.0
SCEN181.y_1_3_3,-0.0
SCEN181.y_2_3_3,1.0
SCEN181.z_3_3,0.0
SCEN182.x_1_1,0.9985949999999999
SCEN182.u_1_1,1.0
SCEN182.x_2_1,1.0
SCEN182.u_2_1,1.0
SCEN182.x_1_2,1.0
SCEN182.u_1_2,1.0
SCEN182.x_2_2,0.49557000000000007
SCEN182.u_2_2,1.0
SCEN182.x_1_3,0.8430249999999999
SCEN182.u_1_3,1.0
SCEN182.x_2_3,0.0
SCEN182.u_2_3,0.0
SCEN182.y_1_1_1,1.0
SCEN182.y_2_1_1,0.0
SCEN182.z_1_1,0.0
SCEN182.y_1_2_1,-0.0
SCEN182.y_2_2_1,0.0
SCEN182.z_2_1,1.0
SCEN182.y_1_3_1,-0.0
SCEN182.y_2_3_1,1.0
SCEN182.z_3_1,0.0
SCEN182.y_1_1_2,0.0
SCEN182.y_2_1_2,-0.0
SCEN182.z_1_2,1.0
SCEN182.y_1_2_2,0.0
SCEN182.y_2_2_2,1.0
SCEN182.z_2_2,0.0
SCEN182.y_1_3_2,1.0
SCEN182.y_2_3_2,0.0
SCEN182.z_3_2,0.0
SCEN182.y_1_1_3,1.0
SCEN182.y_2_1_3,-0.0
SCEN182.z_1_3,0.0
SCEN182.y_1_2_3,1.0
SCEN182.y_2_2_3,0.0
SCEN182.z_2_3,0.0
SCEN182.y_1_3_3,0.0
SCEN182.y_2_3_3,1.0
SCEN182.z_3_3,0.0
SCEN183.x_1_1,0.9985949999999999
SCEN183.u_1_1,1.0
SCEN183.x_2_1,1.0
SCEN183.u_2_1,1.0
SCEN183.x_1_2,1.0
SCEN183.u_1_2,1.0
SCEN183.x_2_2,0.49557000000000007
SCEN183.u_2_2,1.0
SCEN183.x_1_3,0.8430249999999999
SCEN183.u_1_3,1.0
SCEN183.x_2_3,0.0
SCEN183.u_2_3,0.0
SCEN183.y_1_1_1,1.0
SCEN183.y_2_1_1,0.0
SCEN183.z_1_1,0.0
SCEN183.y_1_2_1,0.0
SCEN183.y_2_2_1,0.0
SCEN183.z_2_1,1.0
SCEN183.y_1_3_1,-0.0
SCEN183.y_2_3_1,1.0
SCEN183.z_3_1,0.0
SCEN183.y_1_1_2,-0.0
SCEN183.y_2_1_2,1.0
SCEN183.z_1_2,0.0
SCEN183.y_1_2_2,1.0
SCEN183.y_2_2_2,-0.0
SCEN183.z_2_2,0.0
SCEN183.y_1_3_2,1.0
SCEN183.y_2_3_2,-0.0
SCEN183.z_3_2,0.0
SCEN183.y_1_1_3,1.0
SCEN183.y_2_1_3,-0.0
SCEN183.z_1_3,0.0
SCEN183.y_1_2_3,1.0
SCEN183.y_2_2_3,0.0
SCEN183.z_2_3,0.0
SCEN183.y_1_3_3,0.0
SCEN183.y_2_3_3,1.0
SCEN183.z_3_3,0.0
SCEN184.x_1_1,0.9985949999999999
SCEN184.u_1_1,1.0
SCEN184.x_2_1,1.0
SCEN184.u_2_1,1.0
SCEN184.x_1_2,1.0
SCEN184.u_1_2,1.0
SCEN184.x_2_2,0.49557000000000007
SCEN184.u_2_2,1.0
SCEN184.x_1_3,0.8430249999999999
SCEN184.u_1_3,1.0
SCEN184.x_2_3,0.0
SCEN184.u_2_3,0.0
SCEN184.y_1_1_1,0.0
SCEN184.y_2_1_1,0.0
SCEN184.z_1_1,1.0
SCEN184.y_1_2_1,0.0
SCEN184.y_2_2_1,0.0
SCEN184.z_2_1,1.0
SCEN184.y_1_3_1,0.0
SCEN184.y_2_3_1,0.0
SCEN184.z_3_1,1.0
SCEN184.y_1_1_2,1.0
SCEN184.y_2_1_2,-0.0
SCEN184.z_1_2,0.0
SCEN184.y_1_2_2,-0.0
SCEN184.y_2_2_2,1.0
SCEN184.z_2_2,0.0
SCEN184.y_1_3_2,1.0
SCEN184.y_2_3_2,-0.0
SCEN184.z_3_2,0.0
SCEN184.y_1_1_3,1.0
SCEN184.y_2_1_3,-0.0
SCEN184.z_1_3,0.0
SCEN184.y_1_2_3,1.0
SCEN184.y_2_2_3,0.0
SCEN184.z_2_3,0.0
SCEN184.y_1_3_3,-0.0
SCEN184.y_2_3_3,1.0
SCEN184.z_3_3,0.0
SCEN185.x_1_1,0.9985949999999999
SCEN185.u_1_1,1.0
SCEN185.x_2_1,1.0
SCEN185.u_2_1,1.0
SCEN185.x_1_2,1.0
SCEN185.u_1_2,1.0
SCEN185.x_2_2,0.49557000000000007
SCEN185.u_2_2,1.0
SCEN185.x_1_3,0.8430249999999999
SCEN185.u_1_3,1.0
SCEN185.x_2_3,0.0
SCEN185.u_2_3,0.0
SCEN185.y_1_1_1,0.0
SCEN185.y_2_1_1,0.0
SCEN185.z_1_1,1.0
SCEN185.y_1_2_1,-0.0
SCEN185.y_2_2_1,1.0
SCEN185.z_2_1,0.0
SCEN185.y_1_3_1,0.0
SCEN185.y_2_3_1,0.0
SCEN185.z_3_1,1.0
SCEN185.y_1_1_2,-0.0
SCEN185.y_2_1_2,1.0
SCEN185.z_1_2,0.0
SCEN185.y_1_2_2,1.0
SCEN185.y_2_2_2,0.0
SCEN185.z_2_2,0.0
SCEN185.y_1_3_2,1.0
SCEN185.y_2_3_2,-0.0
SCEN185.z_3_2,0.0
SCEN185.y_1_1_3,1.0
SCEN185.y_2_1_3,-0.0
SCEN185.z_1_3,0.0
SCEN185.y_1_2_3,1.0
SCEN185.y_2_2_3,0.0
SCEN185.z_2_3,0.0
SCEN185.y_1_3_3,0.0
SCEN185.y_2_3_3,1.0
SCEN185.z_3_3,0.0
SCEN186.x_1_1,0.9985949999999999
SCEN186.u_1_1,1.0
SCEN186.x_2_1,1.0
SCEN186.u_2_1,1.0
SCEN186.x_1_2,1.0
SCEN186.u_1_2,1.0
SCEN186.x_2_2,0.49557000000000007
SCEN186.u_2_2,1.0
SCEN186.x_1_3,0.8430249999999999
SCEN186.u_1_3,1.0
SCEN186.x_2_3,0.0
SCEN186.u_2_3,0.0
SCEN186.y_1_1_1,0.0
SCEN186.y_2_1_1,0.0
SCEN186.z_1_1,1.0
SCEN186.y_1_2_1,-0.0
SCEN186.y_2_2_1,1.0
SCEN186.z_2_1,0.0
SCEN186.y_1_3_1,0.0
SCEN186.y_2_3_1,0.0
SCEN186.z_3_1,1.0
SCEN186.y_1_1_2,-0.0
SCEN186.y_2_1_2,1.0
SCEN186.z_1_2,0.0
SCEN186.y_1_2_2,1.0
SCEN186.y_2_2_2,0.0
SCEN186.z_2_2,0.0
SCEN186.y_1_3_2,1.0
SCEN186.y_2_3_2,-0.0
SCEN186.z_3_2,0.0
SCEN186.y_1_1_3,1.0
SCEN186.y_2_1_3,0.0
SCEN186.z_1_3,0.0
SCEN186.y_1_2_3,1.0
SCEN186.y_2_2_3,0.0
SCEN186.z_2_3,0.0
SCEN186.y_1_3_3,0.0
SCEN186.y_2_3_3,1.0
SCEN186.z_3_3,0.0
SCEN187.x_1_1,0.9985949999999999
SCEN187.u_1_1,1.0
SCEN187.x_2_1,1.0
SCEN187.u_2_1,1.0
SCEN187.x_1_2,1.0
SCEN187.u_1_2,1.0
SCEN187.x_2_2,0.49557000000000007
SCEN187.u_2_2,1.0
SCEN187.x_1_3,0.8430249999999999
SCEN187.u_1_3,1.0
SCEN187.x_2_3,0.0
SCEN187.u_2_3,0.0
SCEN187.y_1_1_1,1.0
SCEN187.y_2_1_1,0.0
SCEN187.z_1_1,0.0
SCEN187.y_1_2_1,-0.0
SCEN187.y_2_2_1,0.0
SCEN187.z_2_1,1.0
SCEN187.y_1_3_1,-0.0
SCEN187.y_2_3_1,1.0
SCEN187.z_3_1,0.0
SCEN187.y_1_1_2,-0.0
SCEN187.y_2_1_2,1.0
SCEN187.z_1_2,0.0
SCEN187.y_1_2_2,1.0
SCEN187.y_2_2_2,0.0
SCEN187.z_2_2,0.0
SCEN187.y_1_3_2,1.0
SCEN187.y_2_3_2,-0.0
SCEN187.z_3_2,0.0
SCEN187.y_1_1_3,1.0
SCEN187.y_2_1_3,-0.0
SCEN187.z_1_3,0.0
SCEN187.y_1_2_3,1.0
SCEN187.y_2_2_3,0.0
SCEN187.z_2_3,0.0
SCEN187.y_1_3_3,-0.0
SCEN187.y_2_3_3,1.0
SCEN187.z_3_3,0.0
SCEN188.x_1_1,0.9985949999999999
SCEN188.u_1_1,1.0
SCEN188.x_2_1,1.0
SCEN188.u_2_1,1.0
SCEN188.x_1_2,1.0
SCEN188.u_1_2,1.0
SCEN188.x_2_2,0.49557000000000007
SCEN188.u_2_2,1.0
SCEN188.x_1_3,0.8430249999999999
SCEN188.u_1_3,1.0
SCEN188.x_2_3,0.0
SCEN188.u_2_3,0.0
SCEN188.y_1_1_1,0.0
SCEN188.y_2_1_1,0.0
SCEN188.z_1_1,1.0
SCEN188.y_1_2_1,-0.0
SCEN188.y_2_2_1,1.0
SCEN188.z_2_1,0.0
SCEN188.y_1_3_1,0.0
SCEN188.y_2_3_1,0.0
SCEN188.z_3_1,1.0
SCEN188.y_1_1_2,1.0
SCEN188.y_2_1_2,-0.0
SCEN188.z_1_2,0.0
SCEN188.y_1_2_2,0.0
SCEN188.y_2_2_2,1.0
SCEN188.z_2_2,0.0
SCEN188.y_1_3_2,1.0
SCEN188.y_2_3_2,0.0
SCEN188.z_3_2,0.0
SCEN188.y_1_1_3,1.0
SCEN188.y_2_1_3,-0.0
SCEN188.z_1_3,0.0
SCEN188.y_1_2_3,1.0
SCEN188.y_2_2_3,0.0
SCEN188.z_2_3,0.0
SCEN188.y_1_3_3,-0.0
SCEN188.y_2_3_3,1.0
SCEN188.z_3_3,0.0
SCEN189.x_1_1,0.9985949999999999
SCEN189.u_1_1,1.0
SCEN189.x_2_1,1.0
SCEN189.u_2_1,1.0
SCEN189.x_1_2,1.0
SCEN189.u_1_2,1.0
SCEN189.x_2_2,0.49557000000000007
SCEN189.u_2_2,1.0
SCEN189.x_1_3,0.8430249999999999
SCEN189.u_1_3,1.0
SCEN189.x_2_3,0.0
SCEN189.u_2_3,0.0
SCEN189.y_1_1_1,0.0
SCEN189.y_2_1_1,0.0
SCEN189.z_1_1,1.0
SCEN189.y_1_2_1,0.0
SCEN189.y_2_2_1,0.0
SCEN189.z_2_1,1.0
SCEN189.y_1_3_1,-0.0
SCEN189.y_2_3_1,1.0
SCEN189.z_3_1,0.0
SCEN189.y_1_1_2,-0.0
SCEN189.y_2_1_2,1.0
SCEN189.z_1_2,0.0
SCEN189.y_1_2_2,1.0
SCEN189.y_2_2_2,0.0
SCEN189.z_2_2,0.0
SCEN189.y_1_3_2,1.0
SCEN189.y_2_3_2,-0.0
SCEN189.z_3_2,0.0
SCEN189.y_1_1_3,1.0
SCEN189.y_2_1_3,-0.0
SCEN189.z_1_3,0.0
SCEN189.y_1_2_3,1.0
SCEN189.y_2_2_3,0.0
SCEN189.z_2_3,0.0
SCEN189.y_1_3_3,0.0
SCEN189.y_2_3_3,1.0
SCEN189.z_3_3,0.0
SCEN190.x_1_1,0.9985949999999999
SCEN190.u_1_1,1.0
SCEN190.x_2_1,1.0
SCEN190.u_2_1,1.0
SCEN190.x_1_2,1.0
SCEN190.u_1_2,1.0
SCEN190.x_2_2,0.49557000000000007
SCEN190.u_2_2,1.0
SCEN190.x_1_3,0.8430249999999999
SCEN190.u_1_3,1.0
SCEN190.x_2_3,0.0
SCEN190.u_2_3,0.0
SCEN190.y_1_1_1,-0.0
SCEN190.y_2_1_1,1.0
SCEN190.z_1_1,0.0
SCEN190.y_1_2_1,0.0
SCEN190.y_2_2_1,0.0
SCEN190.z_2_1,1.0
SCEN190.y_1_3_1,0.0
SCEN190.y_2_3_1,0.0
SCEN190.z_3_1,1.0
SCEN190.y_1_1_2,0.0
SCEN190.y_2_1_2,-0.0
SCEN190.z_1_2,1.0
SCEN190.y_1_2_2,0.0
SCEN190.y_2_2_2,1.0
SCEN190.z_2_2,0.0
SCEN190.y_1_3_2,1.0
SCEN190.y_2_3_2,0.0
SCEN190.z_3_2,0.0
SCEN190.y_1_1_3,1.0
SCEN190.y_2_1_3,-0.0
SCEN190.z_1_3,0.0
SCEN190.y_1_2_3,1.0
SCEN190.y_2_2_3,0.0
SCEN190.z_2_3,0.0
SCEN190.y_1_3_3,-0.0
SCEN190.y_2_3_3,1.0
SCEN190.z_3_3,0.0
SCEN191.x_1_1,0.9985949999999999
SCEN191.u_1_1,1.0
SCEN191.x_2_1,1.0
SCEN191.u_2_1,1.0
SCEN191.x_1_2,1.0
SCEN191.u_1_2,1.0
SCEN191.x_2_2,0.49557000000000007
SCEN191.u_2_2,1.0
SCEN191.x_1_3,0.8430249999999999
SCEN191.u_1_3,1.0
SCEN191.x_2_3,0.0
SCEN191.u_2_3,0.0
SCEN191.y_1_1_1,-0.0
SCEN191.y_2_1_1,1.0
SCEN191.z_1_1,0.0
SCEN191.y_1_2_1,0.0
SCEN191.y_2_2_1,0.0
SCEN191.z_2_1,1.0
SCEN191.y_1_3_1,0.0
SCEN191.y_2_3_1,0.0
SCEN191.z_3_1,1.0
SCEN191.y_1_1_2,-0.0
SCEN191.y_2_1_2,0.0
SCEN191.z_1_2,1.0
SCEN191.y_1_2_2,0.0
SCEN191.y_2_2_2,1.0
SCEN191.z_2_2,0.0
SCEN191.y_1_3_2,1.0
SCEN191.y_2_3_2,-0.0
SCEN191.z_3_2,0.0
SCEN191.y_1_1_3,1.0
SCEN191.y_2_1_3,-0.0
SCEN191.z_1_3,0.0
SCEN191.y_1_2_3,1.0
SCEN191.y_2_2_3,0.0
SCEN191.z_2_3,0.0
SCEN191.y_1_3_3,-0.0
SCEN191.y_2_3_3,1.0
SCEN191.z_3_3,0.0
SCEN192.x_1_1,0.9985949999999999
SCEN192.u_1_1,1.0
SCEN192.x_2_1,1.0
SCEN192.u_2_1,1.0
SCEN192.x_1_2,1.0
SCEN192.u_1_2,1.0
SCEN192.x_2_2,0.49557000000000007
SCEN192.u_2_2,1.0
SCEN192.x_1_3,0.8430249999999999
SCEN192.u_1_3,1.0
SCEN192.x_2_3,0.0
SCEN192.u_2_3,0.0
SCEN192.y_1_1_1,-0.0
SCEN192.y_2_1_1,1.0
SCEN192.z_1_1,0.0
SCEN192.y_1_2_1,0.0
SCEN192.y_2_2_1,0.0
SCEN192.z_2_1,1.0
SCEN192.y_1_3_1,0.0
SCEN192.y_2_3_1,0.0
SCEN192.z_3_1,1.0
SCEN192.y_1_1_2,-0.0
SCEN192.y_2_1_2,0.0
SCEN192.z_1_2,1.0
SCEN192.y_1_2_2,0.0
SCEN192.y_2_2_2,1.0
SCEN192.z_2_2,0.0
SCEN192.y_1_3_2,1.0
SCEN192.y_2_3_2,0.0
SCEN192.z_3_2,0.0
SCEN192.y_1_1_3,1.0
SCEN192.y_2_1_3,-0.0
SCEN192.z_1_3,0.0
SCEN192.y_1_2_3,1.0
SCEN192.y_2_2_3,0.0
SCEN192.z_2_3,0.0
SCEN192.y_1_3_3,-0.0
SCEN192.y_2_3_3,1.0
SCEN192.z_3_3,0.0
SCEN193.x_1_1,0.9985949999999999
SCEN193.u_1_1,1.0
SCEN193.x_2_1,1.0
SCEN193.u_2_1,1.0
SCEN193.x_1_2,1.0
SCEN193.u_1_2,1.0
SCEN193.x_2_2,0.49557000000000007
SCEN193.u_2_2,1.0
SCEN193.x_1_3,0.8430249999999999
SCEN193.u_1_3,1.0
SCEN193.x_2_3,0.0
SCEN193.u_2_3,0.0
SCEN193.y_1_1_1,0.0
SCEN193.y_2_1_1,0.0
SCEN193.z_1_1,1.0
SCEN193.y_1_2_1,0.0
SCEN193.y_2_2_1,0.0
SCEN193.z_2_1,1.0
SCEN193.y_1_3_1,-0.0
SCEN193.y_2_3_1,1.0
SCEN193.z_3_1,0.0
SCEN193.y_1_1_2,1.0
SCEN193.y_2_1_2,0.0
SCEN193.z_1_2,0.0
SCEN193.y_1_2_2,1.0
SCEN193.y_2_2_2,0.0
SCEN193.z_2_2,0.0
SCEN193.y_1_3_2,-0.0
SCEN193.y_2_3_2,1.0
SCEN193.z_3_2,0.0
SCEN193.y_1_1_3,1.0
SCEN193.y_2_1_3,-0.0
SCEN193.z_1_3,0.0
SCEN193.y_1_2_3,1.0
SCEN193.y_2_2_3,0.0
SCEN193.z_2_3,0.0
SCEN193.y_1_3_3,0.0
SCEN193.y_2_3_3,1.0
SCEN193.z_3_3,0.0
SCEN194.x_1_1,0.9985949999999999
SCEN194.u_1_1,1.0
SCEN194.x_2_1,1.0
SCEN194.u_2_1,1.0
SCEN194.x_1_2,1.0
SCEN194.u_1_2,1.0
SCEN194.x_2_2,0.49557000000000007
SCEN194.u_2_2,1.0
SCEN194.x_1_3,0.8430249999999999
SCEN194.u_1_3,1.0
SCEN194.x_2_3,0.0
SCEN194.u_2_3,0.0
SCEN194.y_1_1_1,0.0
SCEN194.y_2_1_1,0.0
SCEN194.z_1_1,1.0
SCEN194.y_1_2_1,-0.0
SCEN194.y_2_2_1,1.0
SCEN194.z_2_1,0.0
SCEN194.y_1_3_1,1.0
SCEN194.y_2_3_1,0.0
SCEN194.z_3_1,0.0
SCEN194.y_1_1_2,0.0
SCEN194.y_2_1_2,1.0
SCEN194.z_1_2,0.0
SCEN194.y_1_2_2,1.0
SCEN194.y_2_2_2,0.0
SCEN194.z_2_2,0.0
SCEN194.y_1_3_2,1.0
SCEN194.y_2_3_2,0.0
SCEN194.z_3_2,0.0
SCEN194.y_1_1_3,1.0
SCEN194.y_2_1_3,-0.0
SCEN194.z_1_3,0.0
SCEN194.y_1_2_3,1.0
SCEN194.y_2_2_3,0.0
SCEN194.z_2_3,0.0
SCEN194.y_1_3_3,-0.0
SCEN194.y_2_3_3,1.0
SCEN194.z_3_3,0.0
SCEN195.x_1_1,0.9985949999999999
SCEN195.u_1_1,1.0
SCEN195.x_2_1,1.0
SCEN195.u_2_1,1.0
SCEN195.x_1_2,1.0
SCEN195.u_1_2,1.0
SCEN195.x_2_2,0.49557000000000007
SCEN195.u_2_2,1.0
SCEN195.x_1_3,0.8430249999999999
SCEN195.u_1_3,1.0
SCEN195.x_2_3,0.0
SCEN195.u_2_3,0.0
SCEN195.y_1_1_1,1.0
SCEN195.y_2_1_1,0.0
SCEN195.z_1_1,0.0
SCEN195.y_1_2_1,-0.0
SCEN195.y_2_2_1,1.0
SCEN195.z_2_1,0.0
SCEN195.y_1_3_1,0.0
SCEN195.y_2_3_1,0.0
SCEN195.z_3_1,1.0
SCEN195.y_1_1_2,-0.0
SCEN195.y_2_1_2,0.0
SCEN195.z_1_2,1.0
SCEN195.y_1_2_2,0.0
SCEN195.y_2_2_2,1.0
SCEN195.z_2_2,0.0
SCEN195.y_1_3_2,1.0
SCEN195.y_2_3_2,-0.0
SCEN195.z_3_2,0.0
SCEN195.y_1_1_3,1.0
SCEN195.y_2_1_3,-0.0
SCEN195.z_1_3,0.0
SCEN195.y_1_2_3,1.0
SCEN195.y_2_2_3,0.0
SCEN195.z_2_3,0.0
SCEN195.y_1_3_3,-0.0
SCEN195.y_2_3_3,1.0
SCEN195.z_3_3,0.0
SCEN196.x_1_1,0.9985949999999999
SCEN196.u_1_1,1.0
SCEN196.x_2_1,1.0
SCEN196.u_2_1,1.0
SCEN196.x_1_2,1.0
SCEN196.u_1_2,1.0
SCEN196.x_2_2,0.49557000000000007
SCEN196.u_2_2,1.0
SCEN196.x_1_3,0.8430249999999999
SCEN196.u_1_3,1.0
SCEN196.x_2_3,0.0
SCEN196.u_2_3,0.0
SCEN196.y_1_1_1,-0.0
SCEN196.y_2_1_1,1.0
SCEN196.z_1_1,0.0
SCEN196.y_1_2_1,0.0
SCEN196.y_2_2_1,0.0
SCEN196.z_2_1,1.0
SCEN196.y_1_3_1,0.0
SCEN196.y_2_3_1,0.0
SCEN196.z_3_1,1.0
SCEN196.y_1_1_2,-0.0
SCEN196.y_2_1_2,1.0
SCEN196.z_1_2,0.0
SCEN196.y_1_2_2,1.0
SCEN196.y_2_2_2,0.0
SCEN196.z_2_2,0.0
SCEN196.y_1_3_2,1.0
SCEN196.y_2_3_2,-0.0
SCEN196.z_3_2,0.0
SCEN196.y_1_1_3,1.0
SCEN196.y_2_1_3,0.0
SCEN196.z_1_3,0.0
SCEN196.y_1_2_3,1.0
SCEN196.y_2_2_3,0.0
SCEN196.z_2_3,0.0
SCEN196.y_1_3_3,0.0
SCEN196.y_2_3_3,1.0
SCEN196.z_3_3,0.0
SCEN197.x_1_1,0.9985949999999999
SCEN197.u_1_1,1.0
SCEN197.x_2_1,1.0
SCEN197.u_2_1,1.0
SCEN197.x_1_2,1.0
SCEN197.u_1_2,1.0
SCEN197.x_2_2,0.49557000000000007
SCEN197.u_2_2,1.0
SCEN197.x_1_3,0.8430249999999999
SCEN197.u_1_3,1.0
SCEN197.x_2_3,0.0
SCEN197.u_2_3,0.0
SCEN197.y_1_1_1,1.0
SCEN197.y_2_1_1,0.0
SCEN197.z_1_1,0.0
SCEN197.y_1_2_1,0.0
SCEN197.y_2_2_1,0.0
SCEN197.z_2_1,1.0
SCEN197.y_1_3_1,0.0
SCEN197.y_2_3_1,1.0
SCEN197.z_3_1,0.0
SCEN197.y_1_1_2,0.0
SCEN197.y_2_1_2,0.0
SCEN197.z_1_2,1.0
SCEN197.y_1_2_2,0.0
SCEN197.y_2_2_2,1.0
SCEN197.z_2_2,0.0
SCEN197.y_1_3_2,1.0
SCEN197.y_2_3_2,0.0
SCEN197.z_3_2,0.0
SCEN197.y_1_1_3,1.0
SCEN197.y_2_1_3,-0.0
SCEN197.z_1_3,0.0
SCEN197.y_1_2_3,1.0
SCEN197.y_2_2_3,0.0
SCEN197.z_2_3,0.0
SCEN197.y_1_3_3,-0.0
SCEN197.y_2_3_3,1.0
SCEN197.z_3_3,0.0
SCEN198.x_1_1,0.9985949999999999
SCEN198.u_1_1,1.0
SCEN198.x_2_1,1.0
SCEN198.u_2_1,1.0
SCEN198.x_1_2,1.0
SCEN198.u_1_2,1.0
SCEN198.x_2_2,0.49557000000000007
SCEN198.u_2_2,1.0
SCEN198.x_1_3,0.8430249999999999
SCEN198.u_1_3,1.0
SCEN198.x_2_3,0.0
SCEN198.u_2_3,0.0
SCEN198.y_1_1_1,1.0
SCEN198.y_2_1_1,0.0
SCEN198.z_1_1,0.0
SCEN198.y_1_2_1,0.0
SCEN198.y_2_2_1,0.0
SCEN198.z_2_1,1.0
SCEN198.y_1_3_1,-0.0
SCEN198.y_2_3_1,1.0
SCEN198.z_3_1,0.0
SCEN198.y_1_1_2,-0.0
SCEN198.y_2_1_2,1.0
SCEN198.z_1_2,0.0
SCEN198.y_1_2_2,1.0
SCEN198.y_2_2_2,0.0
SCEN198.z_2_2,0.0
SCEN198.y_1_3_2,1.0
SCEN198.y_2_3_2,0.0
SCEN198.z_3_2,0.0
SCEN198.y_1_1_3,1.0
SCEN198.y_2_1_3,-0.0
SCEN198.z_1_3,0.0
SCEN198.y_1_2_3,-0.0
SCEN198.y_2_2_3,1.0
SCEN198.z_2_3,0.0
SCEN198.y_1_3_3,-0.0
SCEN198.y_2_3_3,1.0
SCEN198.z_3_3,0.0
SCEN199.x_1_1,0.9985949999999999
SCEN199.u_1_1,1.0
SCEN199.x_2_1,1.0
SCEN199.u_2_1,1.0
SCEN199.x_1_2,1.0
SCEN199.u_1_2,1.0
SCEN199.x_2_2,0.49557000000000007
SCEN199.u_2_2,1.0
SCEN199.x_1_3,0.8430249999999999
SCEN199.u_1_3,1.0
SCEN199.x_2_3,0.0
SCEN199.u_2_3,0.0
SCEN199.y_1_1_1,1.0
SCEN199.y_2_1_1,0.0
SCEN199.z_1_1,0.0
SCEN199.y_1_2_1,-0.0
SCEN199.y_2_2_1,0.0
SCEN199.z_2_1,1.0
SCEN199.y_1_3_1,0.0
SCEN199.y_2_3_1,1.0
SCEN199.z_3_1,0.0
SCEN199.y_1_1_2,1.0
SCEN199.y_2_1_2,-0.0
SCEN199.z_1_2,0.0
SCEN199.y_1_2_2,0.0
SCEN199.y_2_2_2,1.0
SCEN199.z_2_2,0.0
SCEN199.y_1_3_2,1.0
SCEN199.y_2_3_2,0.0
SCEN199.z_3_2,0.0
SCEN199.y_1_1_3,1.0
SCEN199.y_2_1_3,-0.0
SCEN199.z_1_3,0.0
SCEN199.y_1_2_3,-0.0
SCEN199.y_2_2_3,1.0
SCEN199.z_2_3,0.0
SCEN199.y_1_3_3,-0.0
SCEN199.y_2_3_3,1.0
SCEN199.z_3_3,0.0
SCEN200.x_1_1,0.9985949999999999
SCEN200.u_1_1,1.0
SCEN200.x_2_1,1.0
SCEN200.u_2_1,1.0
SCEN200.x_1_2,1.0
SCEN200.u_1_2,1.0
SCEN200.x_2_2,0.49557000000000007
SCEN200.u_2_2,1.0
SCEN200.x_1_3,0.8430249999999999
SCEN200.u_1_3,1.0
SCEN200.x_2_3,0.0
SCEN200.u_2_3,0.0
SCEN200.y_1_1_1,1.0
SCEN200.y_2_1_1,0.0
SCEN200.z_1_1,0.0
SCEN200.y_1_2_1,0.0
SCEN200.y_2_2_1,-0.0
SCEN200.z_2_1,1.0
SCEN200.y_1_3_1,0.0
SCEN200.y_2_3_1,1.0
SCEN200.z_3_1,0.0
SCEN200.y_1_1_2,0.0
SCEN200.y_2_1_2,0.0
SCEN200.z_1_2,1.0
SCEN200.y_1_2_2,0.0
SCEN200.y_2_2_2,1.0
SCEN200.z_2_2,0.0
SCEN200.y_1_3_2,1.0
SCEN200.y_2_3_2,0.0
SCEN200.z_3_2,0.0
SCEN200.y_1_1_3,1.0
SCEN200.y_2_1_3,-0.0
SCEN200.z_1_3,0.0
SCEN200.y_1_2_3,1.0
SCEN200.y_2_2_3,0.0
SCEN200.z_2_3,0.0
SCEN200.y_1_3_3,-0.0
SCEN200.y_2_3_3,1.0
SCEN200.z_3_3,0.0
