scenario,column_or_rhs,row_or_bounds,value
SCEN1,y_1_1_1,dem_1_1,0.913625
SCEN1,y_1_2_1,dem_1_1,0.628611
SCEN1,y_1_3_1,dem_1_1,0.764073
SCEN1,y_2_1_1,dem_2_1,0.913625
SCEN1,y_2_2_1,dem_2_1,0.628611
SCEN1,y_2_3_1,dem_2_1,0.764073
SCEN1,y_1_1_2,dem_1_2,1.33781
SCEN1,y_1_2_2,dem_1_2,0.795495
SCEN1,y_1_3_2,dem_1_2,1.161867
SCEN1,y_2_1_2,dem_2_2,1.33781
SCEN1,y_2_2_2,dem_2_2,0.795495
SCEN1,y_2_3_2,dem_2_2,1.161867
SCEN1,y_1_1_3,dem_1_3,1.478721
SCEN1,y_1_2_3,dem_1_3,0.570284
SCEN1,y_1_3_3,dem_1_3,0.839165
SCEN1,y_2_1_3,dem_2_3,1.478721
SCEN1,y_2_2_3,dem_2_3,0.570284
SCEN1,y_2_3_3,dem_2_3,0.839165
SCEN2,y_1_1_1,dem_1_1,0.584025
SCEN2,y_1_2_1,dem_1_1,0.705513
SCEN2,y_1_3_1,dem_1_1,0.543886
SCEN2,y_2_1_1,dem_2_1,0.584025
SCEN2,y_2_2_1,dem_2_1,0.705513
SCEN2,y_2_3_1,dem_2_1,0.543886
SCEN2,y_1_1_2,dem_1_2,1.41196
SCEN2,y_1_2_2,dem_1_2,1.321808
SCEN2,y_1_3_2,dem_1_2,1.488116
SCEN2,y_2_1_2,dem_2_2,1.41196
SCEN2,y_2_2_2,dem_2_2,1.321808
SCEN2,y_2_3_2,dem_2_2,1.488116
SCEN2,y_1_1_3,dem_1_3,1.339515
SCEN2,y_1_2_3,dem_1_3,1.180748
SCEN2,y_1_3_3,dem_1_3,1.348907
SCEN2,y_2_1_3,dem_2_3,1.339515
SCEN2,y_2_2_3,dem_2_3,1.180748
SCEN2,y_2_3_3,dem_2_3,1.348907
SCEN3,y_1_1_1,dem_1_1,1.454514
SCEN3,y_1_2_1,dem_1_1,0.804115
SCEN3,y_1_3_1,dem_1_1,0.939755
SCEN3,y_2_1_1,dem_2_1,1.454514
SCEN3,y_2_2_1,dem_2_1,0.804115
SCEN3,y_2_3_1,dem_2_1,0.939755
SCEN3,y_1_1_2,dem_1_2,0.730225
SCEN3,y_1_2_2,dem_1_2,1.01503
SCEN3,y_1_3_2,dem_1_2,0.857229
SCEN3,y_2_1_2,dem_2_2,0.730225
SCEN3,y_2_2_2,dem_2_2,1.01503
SCEN3,y_2_3_2,dem_2_2,0.857229
SCEN3,y_1_1_3,dem_1_3,0.711349
SCEN3,y_1_2_3,dem_1_3,0.873182
SCEN3,y_1_3_3,dem_1_3,1.092487
SCEN3,y_2_1_3,dem_2_3,0.711349
SCEN3,y_2_2_3,dem_2_3,0.873182
SCEN3,y_2_3_3,dem_2_3,1.092487
SCEN4,y_1_1_1,dem_1_1,0.825045
SCEN4,y_1_2_1,dem_1_1,1.428842
SCEN4,y_1_3_1,dem_1_1,0.924165
SCEN4,y_2_1_1,dem_2_1,0.825045
SCEN4,y_2_2_1,dem_2_1,1.428842
SCEN4,y_2_3_1,dem_2_1,0.924165
SCEN4,y_1_1_2,dem_1_2,0.688286
SCEN4,y_1_2_2,dem_1_2,0.533187
SCEN4,y_1_3_2,dem_1_2,1.289421
SCEN4,y_2_1_2,dem_2_2,0.688286
SCEN4,y_2_2_2,dem_2_2,0.533187
SCEN4,y_2_3_2,dem_2_2,1.289421
SCEN4,y_1_1_3,dem_1_3,0.522604
SCEN4,y_1_2_3,dem_1_3,1.38751
SCEN4,y_1_3_3,dem_1_3,1.443516
SCEN4,y_2_1_3,dem_2_3,0.522604
SCEN4,y_2_2_3,dem_2_3,1.38751
SCEN4,y_2_3_3,dem_2_3,1.443516
SCEN5,y_1_1_1,dem_1_1,0.754117
SCEN5,y_1_2_1,dem_1_1,0.622052
SCEN5,y_1_3_1,dem_1_1,1.389864
SCEN5,y_2_1_1,dem_2_1,0.754117
SCEN5,y_2_2_1,dem_2_1,0.622052
SCEN5,y_2_3_1,dem_2_1,1.389864
SCEN5,y_1_1_2,dem_1_2,1.251169
SCEN5,y_1_2_2,dem_1_2,1.457049
SCEN5,y_1_3_2,dem_1_2,0.660622
SCEN5,y_2_1_2,dem_2_2,1.251169
SCEN5,y_2_2_2,dem_2_2,1.457049
SCEN5,y_2_3_2,dem_2_2,0.660622
SCEN5,y_1_1_3,dem_1_3,0.637591
SCEN5,y_1_2_3,dem_1_3,0.504054
SCEN5,y_1_3_3,dem_1_3,0.957179
SCEN5,y_2_1_3,dem_2_3,0.637591
SCEN5,y_2_2_3,dem_2_3,0.504054
SCEN5,y_2_3_3,dem_2_3,0.957179
SCEN6,y_1_1_1,dem_1_1,0.997398
SCEN6,y_1_2_1,dem_1_1,1.090949
SCEN6,y_1_3_1,dem_1_1,1.116511
SCEN6,y_2_1_1,dem_2_1,0.997398
SCEN6,y_2_2_1,dem_2_1,1.090949
SCEN6,y_2_3_1,dem_2_1,1.116511
SCEN6,y_1_1_2,dem_1_2,1.189192
SCEN6,y_1_2_2,dem_1_2,1.214844
SCEN6,y_1_3_2,dem_1_2,0.890106
SCEN6,y_2_1_2,dem_2_2,1.189192
SCEN6,y_2_2_2,dem_2_2,1.214844
SCEN6,y_2_3_2,dem_2_2,0.890106
SCEN6,y_1_1_3,dem_1_3,1.175987
SCEN6,y_1_2_3,dem_1_3,1.189045
SCEN6,y_1_3_3,dem_1_3,0.998383
SCEN6,y_2_1_3,dem_2_3,1.175987
SCEN6,y_2_2_3,dem_2_3,1.189045
SCEN6,y_2_3_3,dem_2_3,0.998383
SCEN7,y_1_1_1,dem_1_1,1.412951
SCEN7,y_1_2_1,dem_1_1,1.2044
SCEN7,y_1_3_1,dem_1_1,1.114963
SCEN7,y_2_1_1,dem_2_1,1.412951
SCEN7,y_2_2_1,dem_2_1,1.2044
SCEN7,y_2_3_1,dem_2_1,1.114963
SCEN7,y_1_1_2,dem_1_2,1.489355
SCEN7,y_1_2_2,dem_1_2,0.746004
SCEN7,y_1_3_2,dem_1_2,1.317255
SCEN7,y_2_1_2,dem_2_2,1.489355
SCEN7,y_2_2_2,dem_2_2,0.746004
SCEN7,y_2_3_2,dem_2_2,1.317255
SCEN7,y_1_1_3,dem_1_3,1.086997
SCEN7,y_1_2_3,dem_1_3,1.376662
SCEN7,y_1_3_3,dem_1_3,0.929419
SCEN7,y_2_1_3,dem_2_3,1.086997
SCEN7,y_2_2_3,dem_2_3,1.376662
SCEN7,y_2_3_3,dem_2_3,0.929419
SCEN8,y_1_1_1,dem_1_1,0.535063
SCEN8,y_1_2_1,dem_1_1,0.610608
SCEN8,y_1_3_1,dem_1_1,1.383626
SCEN8,y_2_1_1,dem_2_1,0.535063
SCEN8,y_2_2_1,dem_2_1,0.610608
SCEN8,y_2_3_1,dem_2_1,1.383626
SCEN8,y_1_1_2,dem_1_2,0.667128
SCEN8,y_1_2_2,dem_1_2,1.379155
SCEN8,y_1_3_2,dem_1_2,1.203654
SCEN8,y_2_1_2,dem_2_2,0.667128
SCEN8,y_2_2_2,dem_2_2,1.379155
SCEN8,y_2_3_2,dem_2_2,1.203654
SCEN8,y_1_1_3,dem_1_3,1.428223
SCEN8,y_1_2_3,dem_1_3,0.849245
SCEN8,y_1_3_3,dem_1_3,0.989827
SCEN8,y_2_1_3,dem_2_3,1.428223
SCEN8,y_2_2_3,dem_2_3,0.849245
SCEN8,y_2_3_3,dem_2_3,0.989827
SCEN9,y_1_1_1,dem_1_1,1.02434
SCEN9,y_1_2_1,dem_1_1,0.674408
SCEN9,y_1_3_1,dem_1_1,0.996483
SCEN9,y_2_1_1,dem_2_1,1.02434
SCEN9,y_2_2_1,dem_2_1,0.674408
SCEN9,y_2_3_1,dem_2_1,0.996483
SCEN9,y_1_1_2,dem_1_2,0.925979
SCEN9,y_1_2_2,dem_1_2,1.17294
SCEN9,y_1_3_2,dem_1_2,0.573532
SCEN9,y_2_1_2,dem_2_2,0.925979
SCEN9,y_2_2_2,dem_2_2,1.17294
SCEN9,y_2_3_2,dem_2_2,0.573532
SCEN9,y_1_1_3,dem_1_3,0.766161
SCEN9,y_1_2_3,dem_1_3,0.921078
SCEN9,y_1_3_3,dem_1_3,0.918362
SCEN9,y_2_1_3,dem_2_3,0.766161
SCEN9,y_2_2_3,dem_2_3,0.921078
SCEN9,y_2_3_3,dem_2_3,0.918362
SCEN10,y_1_1_1,dem_1_1,0.897765
SCEN10,y_1_2_1,dem_1_1,1.326002
SCEN10,y_1_3_1,dem_1_1,1.253157
SCEN10,y_2_1_1,dem_2_1,0.897765
SCEN10,y_2_2_1,dem_2_1,1.326002
SCEN10,y_2_3_1,dem_2_1,1.253157
SCEN10,y_1_1_2,dem_1_2,0.909371
SCEN10,y_1_2_2,dem_1_2,0.985337
SCEN10,y_1_3_2,dem_1_2,0.951292
SCEN10,y_2_1_2,dem_2_2,0.909371
SCEN10,y_2_2_2,dem_2_2,0.985337
SCEN10,y_2_3_2,dem_2_2,0.951292
SCEN10,y_1_1_3,dem_1_3,1.355991
SCEN10,y_1_2_3,dem_1_3,1.352966
SCEN10,y_1_3_3,dem_1_3,1.242155
SCEN10,y_2_1_3,dem_2_3,1.355991
SCEN10,y_2_2_3,dem_2_3,1.352966
SCEN10,y_2_3_3,dem_2_3,1.242155
SCEN11,y_1_1_1,dem_1_1,1.014656
SCEN11,y_1_2_1,dem_1_1,1.455368
SCEN11,y_1_3_1,dem_1_1,1.145995
SCEN11,y_2_1_1,dem_2_1,1.014656
SCEN11,y_2_2_1,dem_2_1,1.455368
SCEN11,y_2_3_1,dem_2_1,1.145995
SCEN11,y_1_1_2,dem_1_2,1.249653
SCEN11,y_1_2_2,dem_1_2,1.207299
SCEN11,y_1_3_2,dem_1_2,0.802105
SCEN11,y_2_1_2,dem_2_2,1.249653
SCEN11,y_2_2_2,dem_2_2,1.207299
SCEN11,y_2_3_2,dem_2_2,0.802105
SCEN11,y_1_1_3,dem_1_3,1.032087
SCEN11,y_1_2_3,dem_1_3,1.026878
SCEN11,y_1_3_3,dem_1_3,1.06034
SCEN11,y_2_1_3,dem_2_3,1.032087
SCEN11,y_2_2_3,dem_2_3,1.026878
SCEN11,y_2_3_3,dem_2_3,1.06034
SCEN12,y_1_1_1,dem_1_1,1.43874
SCEN12,y_1_2_1,dem_1_1,1.076014
SCEN12,y_1_3_1,dem_1_1,1.317575
SCEN12,y_2_1_1,dem_2_1,1.43874
SCEN12,y_2_2_1,dem_2_1,1.076014
SCEN12,y_2_3_1,dem_2_1,1.317575
SCEN12,y_1_1_2,dem_1_2,0.983859
SCEN12,y_1_2_2,dem_1_2,0.553113
SCEN12,y_1_3_2,dem_1_2,1.423735
SCEN12,y_2_1_2,dem_2_2,0.983859
SCEN12,y_2_2_2,dem_2_2,0.553113
SCEN12,y_2_3_2,dem_2_2,1.423735
SCEN12,y_1_1_3,dem_1_3,0.872447
SCEN12,y_1_2_3,dem_1_3,1.44936
SCEN12,y_1_3_3,dem_1_3,0.68244
SCEN12,y_2_1_3,dem_2_3,0.872447
SCEN12,y_2_2_3,dem_2_3,1.44936
SCEN12,y_2_3_3,dem_2_3,0.68244
SCEN13,y_1_1_1,dem_1_1,1.44091
SCEN13,y_1_2_1,dem_1_1,1.264007
SCEN13,y_1_3_1,dem_1_1,0.648603
SCEN13,y_2_1_1,dem_2_1,1.44091
SCEN13,y_2_2_1,dem_2_1,1.264007
SCEN13,y_2_3_1,dem_2_1,0.648603
SCEN13,y_1_1_2,dem_1_2,0.870153
SCEN13,y_1_2_2,dem_1_2,1.315376
SCEN13,y_1_3_2,dem_1_2,1.135502
SCEN13,y_2_1_2,dem_2_2,0.870153
SCEN13,y_2_2_2,dem_2_2,1.315376
SCEN13,y_2_3_2,dem_2_2,1.135502
SCEN13,y_1_1_3,dem_1_3,0.904425
SCEN13,y_1_2_3,dem_1_3,1.070112
SCEN13,y_1_3_3,dem_1_3,1.075231
SCEN13,y_2_1_3,dem_2_3,0.904425
SCEN13,y_2_2_3,dem_2_3,1.070112
SCEN13,y_2_3_3,dem_2_3,1.075231
SCEN14,y_1_1_1,dem_1_1,1.185148
SCEN14,y_1_2_1,dem_1_1,0.866214
SCEN14,y_1_3_1,dem_1_1,0.729857
SCEN14,y_2_1_1,dem_2_1,1.185148
SCEN14,y_2_2_1,dem_2_1,0.866214
SCEN14,y_2_3_1,dem_2_1,0.729857
SCEN14,y_1_1_2,dem_1_2,1.150824
SCEN14,y_1_2_2,dem_1_2,0.538314
SCEN14,y_1_3_2,dem_1_2,0.828019
SCEN14,y_2_1_2,dem_2_2,1.150824
SCEN14,y_2_2_2,dem_2_2,0.538314
SCEN14,y_2_3_2,dem_2_2,0.828019
SCEN14,y_1_1_3,dem_1_3,1.49068
SCEN14,y_1_2_3,dem_1_3,1.35655
SCEN14,y_1_3_3,dem_1_3,1.48507
SCEN14,y_2_1_3,dem_2_3,1.49068
SCEN14,y_2_2_3,dem_2_3,1.35655
SCEN14,y_2_3_3,dem_2_3,1.48507
SCEN15,y_1_1_1,dem_1_1,1.258905
SCEN15,y_1_2_1,dem_1_1,1.029968
SCEN15,y_1_3_1,dem_1_1,0.948047
SCEN15,y_2_1_1,dem_2_1,1.258905
SCEN15,y_2_2_1,dem_2_1,1.029968
SCEN15,y_2_3_1,dem_2_1,0.948047
SCEN15,y_1_1_2,dem_1_2,1.416806
SCEN15,y_1_2_2,dem_1_2,0.979068
SCEN15,y_1_3_2,dem_1_2,1.325393
SCEN15,y_2_1_2,dem_2_2,1.416806
SCEN15,y_2_2_2,dem_2_2,0.979068
SCEN15,y_2_3_2,dem_2_2,1.325393
SCEN15,y_1_1_3,dem_1_3,0.601458
SCEN15,y_1_2_3,dem_1_3,1.018872
SCEN15,y_1_3_3,dem_1_3,0.808549
SCEN15,y_2_1_3,dem_2_3,0.601458
SCEN15,y_2_2_3,dem_2_3,1.018872
SCEN15,y_2_3_3,dem_2_3,0.808549
SCEN16,y_1_1_1,dem_1_1,0.622493
SCEN16,y_1_2_1,dem_1_1,0.608381
SCEN16,y_1_3_1,dem_1_1,1.176364
SCEN16,y_2_1_1,dem_2_1,0.622493
SCEN16,y_2_2_1,dem_2_1,0.608381
SCEN16,y_2_3_1,dem_2_1,1.176364
SCEN16,y_1_1_2,dem_1_2,0.625602
SCEN16,y_1_2_2,dem_1_2,0.582576
SCEN16,y_1_3_2,dem_1_2,1.02186
SCEN16,y_2_1_2,dem_2_2,0.625602
SCEN16,y_2_2_2,dem_2_2,0.582576
SCEN16,y_2_3_2,dem_2_2,1.02186
SCEN16,y_1_1_3,dem_1_3,0.996564
SCEN16,y_1_2_3,dem_1_3,0.980564
SCEN16,y_1_3_3,dem_1_3,1.48998
SCEN16,y_2_1_3,dem_2_3,0.996564
SCEN16,y_2_2_3,dem_2_3,0.980564
SCEN16,y_2_3_3,dem_2_3,1.48998
SCEN17,y_1_1_1,dem_1_1,1.372587
SCEN17,y_1_2_1,dem_1_1,1.141041
SCEN17,y_1_3_1,dem_1_1,1.27385
SCEN17,y_2_1_1,dem_2_1,1.372587
SCEN17,y_2_2_1,dem_2_1,1.141041
SCEN17,y_2_3_1,dem_2_1,1.27385
SCEN17,y_1_1_2,dem_1_2,1.429601
SCEN17,y_1_2_2,dem_1_2,0.534129
SCEN17,y_1_3_2,dem_1_2,1.185807
SCEN17,y_2_1_2,dem_2_2,1.429601
SCEN17,y_2_2_2,dem_2_2,0.534129
SCEN17,y_2_3_2,dem_2_2,1.185807
SCEN17,y_1_1_3,dem_1_3,1.144964
SCEN17,y_1_2_3,dem_1_3,0.828843
SCEN17,y_1_3_3,dem_1_3,0.835665
SCEN17,y_2_1_3,dem_2_3,1.144964
SCEN17,y_2_2_3,dem_2_3,0.828843
SCEN17,y_2_3_3,dem_2_3,0.835665
SCEN18,y_1_1_1,dem_1_1,1.141568
SCEN18,y_1_2_1,dem_1_1,1.170857
SCEN18,y_1_3_1,dem_1_1,1.01276
SCEN18,y_2_1_1,dem_2_1,1.141568
SCEN18,y_2_2_1,dem_2_1,1.170857
SCEN18,y_2_3_1,dem_2_1,1.01276
SCEN18,y_1_1_2,dem_1_2,1.25884
SCEN18,y_1_2_2,dem_1_2,0.932993
SCEN18,y_1_3_2,dem_1_2,1.1085
SCEN18,y_2_1_2,dem_2_2,1.25884
SCEN18,y_2_2_2,dem_2_2,0.932993
SCEN18,y_2_3_2,dem_2_2,1.1085
SCEN18,y_1_1_3,dem_1_3,0.579207
SCEN18,y_1_2_3,dem_1_3,1.073824
SCEN18,y_1_3_3,dem_1_3,1.377272
SCEN18,y_2_1_3,dem_2_3,0.579207
SCEN18,y_2_2_3,dem_2_3,1.073824
SCEN18,y_2_3_3,dem_2_3,1.377272
SCEN19,y_1_1_1,dem_1_1,0.628918
SCEN19,y_1_2_1,dem_1_1,1.456455
SCEN19,y_1_3_1,dem_1_1,0.956418
SCEN19,y_2_1_1,dem_2_1,0.628918
SCEN19,y_2_2_1,dem_2_1,1.456455
SCEN19,y_2_3_1,dem_2_1,0.956418
SCEN19,y_1_1_2,dem_1_2,1.479808
SCEN19,y_1_2_2,dem_1_2,0.508907
SCEN19,y_1_3_2,dem_1_2,1.395561
SCEN19,y_2_1_2,dem_2_2,1.479808
SCEN19,y_2_2_2,dem_2_2,0.508907
SCEN19,y_2_3_2,dem_2_2,1.395561
SCEN19,y_1_1_3,dem_1_3,0.906307
SCEN19,y_1_2_3,dem_1_3,0.537686
SCEN19,y_1_3_3,dem_1_3,1.295072
SCEN19,y_2_1_3,dem_2_3,0.906307
SCEN19,y_2_2_3,dem_2_3,0.537686
SCEN19,y_2_3_3,dem_2_3,1.295072
SCEN20,y_1_1_1,dem_1_1,0.507706
SCEN20,y_1_2_1,dem_1_1,0.523827
SCEN20,y_1_3_1,dem_1_1,1.25705
SCEN20,y_2_1_1,dem_2_1,0.507706
SCEN20,y_2_2_1,dem_2_1,0.523827
SCEN20,y_2_3_1,dem_2_1,1.25705
SCEN20,y_1_1_2,dem_1_2,0.815807
SCEN20,y_1_2_2,dem_1_2,1.451868
SCEN20,y_1_3_2,dem_1_2,1.115581
SCEN20,y_2_1_2,dem_2_2,0.815807
SCEN20,y_2_2_2,dem_2_2,1.451868
SCEN20,y_2_3_2,dem_2_2,1.115581
SCEN20,y_1_1_3,dem_1_3,1.333505
SCEN20,y_1_2_3,dem_1_3,0.639721
SCEN20,y_1_3_3,dem_1_3,1.409067
SCEN20,y_2_1_3,dem_2_3,1.333505
SCEN20,y_2_2_3,dem_2_3,0.639721
SCEN20,y_2_3_3,dem_2_3,1.409067
SCEN21,y_1_1_1,dem_1_1,1.457557
SCEN21,y_1_2_1,dem_1_1,0.647658
SCEN21,y_1_3_1,dem_1_1,1.054639
SCEN21,y_2_1_1,dem_2_1,1.457557
SCEN21,y_2_2_1,dem_2_1,0.647658
SCEN21,y_2_3_1,dem_2_1,1.054639
SCEN21,y_1_1_2,dem_1_2,0.831113
SCEN21,y_1_2_2,dem_1_2,1.143423
SCEN21,y_1_3_2,dem_1_2,1.23356
SCEN21,y_2_1_2,dem_2_2,0.831113
SCEN21,y_2_2_2,dem_2_2,1.143423
SCEN21,y_2_3_2,dem_2_2,1.23356
SCEN21,y_1_1_3,dem_1_3,0.612141
SCEN21,y_1_2_3,dem_1_3,0.969702
SCEN21,y_1_3_3,dem_1_3,1.049701
SCEN21,y_2_1_3,dem_2_3,0.612141
SCEN21,y_2_2_3,dem_2_3,0.969702
SCEN21,y_2_3_3,dem_2_3,1.049701
SCEN22,y_1_1_1,dem_1_1,0.747848
SCEN22,y_1_2_1,dem_1_1,1.102907
SCEN22,y_1_3_1,dem_1_1,1.487452
SCEN22,y_2_1_1,dem_2_1,0.747848
SCEN22,y_2_2_1,dem_2_1,1.102907
SCEN22,y_2_3_1,dem_2_1,1.487452
SCEN22,y_1_1_2,dem_1_2,0.673048
SCEN22,y_1_2_2,dem_1_2,1.167956
SCEN22,y_1_3_2,dem_1_2,1.197843
SCEN22,y_2_1_2,dem_2_2,0.673048
SCEN22,y_2_2_2,dem_2_2,1.167956
SCEN22,y_2_3_2,dem_2_2,1.197843
SCEN22,y_1_1_3,dem_1_3,0.645451
SCEN22,y_1_2_3,dem_1_3,1.46998
SCEN22,y_1_3_3,dem_1_3,1.100512
SCEN22,y_2_1_3,dem_2_3,0.645451
SCEN22,y_2_2_3,dem_2_3,1.46998
SCEN22,y_2_3_3,dem_2_3,1.100512
SCEN23,y_1_1_1,dem_1_1,1.371843
SCEN23,y_1_2_1,dem_1_1,1.405991
SCEN23,y_1_3_1,dem_1_1,0.813807
SCEN23,y_2_1_1,dem_2_1,1.371843
SCEN23,y_2_2_1,dem_2_1,1.405991
SCEN23,y_2_3_1,dem_2_1,0.813807
SCEN23,y_1_1_2,dem_1_2,0.685102
SCEN23,y_1_2_2,dem_1_2,1.38124
SCEN23,y_1_3_2,dem_1_2,1.06703
SCEN23,y_2_1_2,dem_2_2,0.685102
SCEN23,y_2_2_2,dem_2_2,1.38124
SCEN23,y_2_3_2,dem_2_2,1.06703
SCEN23,y_1_1_3,dem_1_3,0.575585
SCEN23,y_1_2_3,dem_1_3,1.419485
SCEN23,y_1_3_3,dem_1_3,0.803472
SCEN23,y_2_1_3,dem_2_3,0.575585
SCEN23,y_2_2_3,dem_2_3,1.419485
SCEN23,y_2_3_3,dem_2_3,0.803472
SCEN24,y_1_1_1,dem_1_1,1.247766
SCEN24,y_1_2_1,dem_1_1,0.583698
SCEN24,y_1_3_1,dem_1_1,1.281545
SCEN24,y_2_1_1,dem_2_1,1.247766
SCEN24,y_2_2_1,dem_2_1,0.583698
SCEN24,y_2_3_1,dem_2_1,1.281545
SCEN24,y_1_1_2,dem_1_2,0.551179
SCEN24,y_1_2_2,dem_1_2,0.851278
SCEN24,y_1_3_2,dem_1_2,0.607167
SCEN24,y_2_1_2,dem_2_2,0.551179
SCEN24,y_2_2_2,dem_2_2,0.851278
SCEN24,y_2_3_2,dem_2_2,0.607167
SCEN24,y_1_1_3,dem_1_3,1.048172
SCEN24,y_1_2_3,dem_1_3,0.947686
SCEN24,y_1_3_3,dem_1_3,1.394927
SCEN24,y_2_1_3,dem_2_3,1.048172
SCEN24,y_2_2_3,dem_2_3,0.947686
SCEN24,y_2_3_3,dem_2_3,1.394927
SCEN25,y_1_1_1,dem_1_1,0.902633
SCEN25,y_1_2_1,dem_1_1,0.665022
SCEN25,y_1_3_1,dem_1_1,1.454112
SCEN25,y_2_1_1,dem_2_1,0.902633
SCEN25,y_2_2_1,dem_2_1,0.665022
SCEN25,y_2_3_1,dem_2_1,1.454112
SCEN25,y_1_1_2,dem_1_2,0.94792
SCEN25,y_1_2_2,dem_1_2,1.049564
SCEN25,y_1_3_2,dem_1_2,0.579296
SCEN25,y_2_1_2,dem_2_2,0.94792
SCEN25,y_2_2_2,dem_2_2,1.049564
SCEN25,y_2_3_2,dem_2_2,0.579296
SCEN25,y_1_1_3,dem_1_3,1.32334
SCEN25,y_1_2_3,dem_1_3,0.768934
SCEN25,y_1_3_3,dem_1_3,0.506499
SCEN25,y_2_1_3,dem_2_3,1.32334
SCEN25,y_2_2_3,dem_2_3,0.768934
SCEN25,y_2_3_3,dem_2_3,0.506499
SCEN26,y_1_1_1,dem_1_1,1.005315
SCEN26,y_1_2_1,dem_1_1,1.291339
SCEN26,y_1_3_1,dem_1_1,1.434072
SCEN26,y_2_1_1,dem_2_1,1.005315
SCEN26,y_2_2_1,dem_2_1,1.291339
SCEN26,y_2_3_1,dem_2_1,1.434072
SCEN26,y_1_1_2,dem_1_2,1.023074
SCEN26,y_1_2_2,dem_1_2,0.506227
SCEN26,y_1_3_2,dem_1_2,1.216136
SCEN26,y_2_1_2,dem_2_2,1.023074
SCEN26,y_2_2_2,dem_2_2,0.506227
SCEN26,y_2_3_2,dem_2_2,1.216136
SCEN26,y_1_1_3,dem_1_3,0.958763
SCEN26,y_1_2_3,dem_1_3,1.189487
SCEN26,y_1_3_3,dem_1_3,1.231296
SCEN26,y_2_1_3,dem_2_3,0.958763
SCEN26,y_2_2_3,dem_2_3,1.189487
SCEN26,y_2_3_3,dem_2_3,1.231296
SCEN27,y_1_1_1,dem_1_1,0.556205
SCEN27,y_1_2_1,dem_1_1,1.224628
SCEN27,y_1_3_1,dem_1_1,1.066312
SCEN27,y_2_1_1,dem_2_1,0.556205
SCEN27,y_2_2_1,dem_2_1,1.224628
SCEN27,y_2_3_1,dem_2_1,1.066312
SCEN27,y_1_1_2,dem_1_2,0.810962
SCEN27,y_1_2_2,dem_1_2,1.088964
SCEN27,y_1_3_2,dem_1_2,1.115174
SCEN27,y_2_1_2,dem_2_2,0.810962
SCEN27,y_2_2_2,dem_2_2,1.088964
SCEN27,y_2_3_2,dem_2_2,1.115174
SCEN27,y_1_1_3,dem_1_3,1.468343
SCEN27,y_1_2_3,dem_1_3,0.724093
SCEN27,y_1_3_3,dem_1_3,0.90243
SCEN27,y_2_1_3,dem_2_3,1.468343
SCEN27,y_2_2_3,dem_2_3,0.724093
SCEN27,y_2_3_3,dem_2_3,0.90243
SCEN28,y_1_1_1,dem_1_1,0.556981
SCEN28,y_1_2_1,dem_1_1,1.005484
SCEN28,y_1_3_1,dem_1_1,0.949427
SCEN28,y_2_1_1,dem_2_1,0.556981
SCEN28,y_2_2_1,dem_2_1,1.005484
SCEN28,y_2_3_1,dem_2_1,0.949427
SCEN28,y_1_1_2,dem_1_2,0.93976
SCEN28,y_1_2_2,dem_1_2,1.385163
SCEN28,y_1_3_2,dem_1_2,0.555274
SCEN28,y_2_1_2,dem_2_2,0.93976
SCEN28,y_2_2_2,dem_2_2,1.385163
SCEN28,y_2_3_2,dem_2_2,0.555274
SCEN28,y_1_1_3,dem_1_3,1.406438
SCEN28,y_1_2_3,dem_1_3,0.676392
SCEN28,y_1_3_3,dem_1_3,1.218197
SCEN28,y_2_1_3,dem_2_3,1.406438
SCEN28,y_2_2_3,dem_2_3,0.676392
SCEN28,y_2_3_3,dem_2_3,1.218197
SCEN29,y_1_1_1,dem_1_1,1.018462
SCEN29,y_1_2_1,dem_1_1,0.737836
SCEN29,y_1_3_1,dem_1_1,0.78739
SCEN29,y_2_1_1,dem_2_1,1.018462
SCEN29,y_2_2_1,dem_2_1,0.737836
SCEN29,y_2_3_1,dem_2_1,0.78739
SCEN29,y_1_1_2,dem_1_2,1.152541
SCEN29,y_1_2_2,dem_1_2,1.180978
SCEN29,y_1_3_2,dem_1_2,0.625273
SCEN29,y_2_1_2,dem_2_2,1.152541
SCEN29,y_2_2_2,dem_2_2,1.180978
SCEN29,y_2_3_2,dem_2_2,0.625273
SCEN29,y_1_1_3,dem_1_3,1.154469
SCEN29,y_1_2_3,dem_1_3,1.098464
SCEN29,y_1_3_3,dem_1_3,0.577523
SCEN29,y_2_1_3,dem_2_3,1.154469
SCEN29,y_2_2_3,dem_2_3,1.098464
SCEN29,y_2_3_3,dem_2_3,0.577523
SCEN30,y_1_1_1,dem_1_1,1.162847
SCEN30,y_1_2_1,dem_1_1,1.092982
SCEN30,y_1_3_1,dem_1_1,1.093512
SCEN30,y_2_1_1,dem_2_1,1.162847
SCEN30,y_2_2_1,dem_2_1,1.092982
SCEN30,y_2_3_1,dem_2_1,1.093512
SCEN30,y_1_1_2,dem_1_2,1.319547
SCEN30,y_1_2_2,dem_1_2,0.970877
SCEN30,y_1_3_2,dem_1_2,0.530058
SCEN30,y_2_1_2,dem_2_2,1.319547
SCEN30,y_2_2_2,dem_2_2,0.970877
SCEN30,y_2_3_2,dem_2_2,0.530058
SCEN30,y_1_1_3,dem_1_3,1.374583
SCEN30,y_1_2_3,dem_1_3,0.932472
SCEN30,y_1_3_3,dem_1_3,0.6191
SCEN30,y_2_1_3,dem_2_3,1.374583
SCEN30,y_2_2_3,dem_2_3,0.932472
SCEN30,y_2_3_3,dem_2_3,0.6191
SCEN31,y_1_1_1,dem_1_1,0.799991
SCEN31,y_1_2_1,dem_1_1,1.346508
SCEN31,y_1_3_1,dem_1_1,0.917948
SCEN31,y_2_1_1,dem_2_1,0.799991
SCEN31,y_2_2_1,dem_2_1,1.346508
SCEN31,y_2_3_1,dem_2_1,0.917948
SCEN31,y_1_1_2,dem_1_2,0.858981
SCEN31,y_1_2_2,dem_1_2,1.183139
SCEN31,y_1_3_2,dem_1_2,1.406263
SCEN31,y_2_1_2,dem_2_2,0.858981
SCEN31,y_2_2_2,dem_2_2,1.183139
SCEN31,y_2_3_2,dem_2_2,1.406263
SCEN31,y_1_1_3,dem_1_3,0.508211
SCEN31,y_1_2_3,dem_1_3,1.364773
SCEN31,y_1_3_3,dem_1_3,0.55231
SCEN31,y_2_1_3,dem_2_3,0.508211
SCEN31,y_2_2_3,dem_2_3,1.364773
SCEN31,y_2_3_3,dem_2_3,0.55231
SCEN32,y_1_1_1,dem_1_1,1.34664
SCEN32,y_1_2_1,dem_1_1,1.293534
SCEN32,y_1_3_1,dem_1_1,1.248458
SCEN32,y_2_1_1,dem_2_1,1.34664
SCEN32,y_2_2_1,dem_2_1,1.293534
SCEN32,y_2_3_1,dem_2_1,1.248458
SCEN32,y_1_1_2,dem_1_2,0.885538
SCEN32,y_1_2_2,dem_1_2,1.305588
SCEN32,y_1_3_2,dem_1_2,0.727963
SCEN32,y_2_1_2,dem_2_2,0.885538
SCEN32,y_2_2_2,dem_2_2,1.305588
SCEN32,y_2_3_2,dem_2_2,0.727963
SCEN32,y_1_1_3,dem_1_3,0.853783
SCEN32,y_1_2_3,dem_1_3,0.963802
SCEN32,y_1_3_3,dem_1_3,0.570653
SCEN32,y_2_1_3,dem_2_3,0.853783
SCEN32,y_2_2_3,dem_2_3,0.963802
SCEN32,y_2_3_3,dem_2_3,0.570653
SCEN33,y_1_1_1,dem_1_1,0.67203
SCEN33,y_1_2_1,dem_1_1,1.156172
SCEN33,y_1_3_1,dem_1_1,1.312444
SCEN33,y_2_1_1,dem_2_1,0.67203
SCEN33,y_2_2_1,dem_2_1,1.156172
SCEN33,y_2_3_1,dem_2_1,1.312444
SCEN33,y_1_1_2,dem_1_2,0.813558
SCEN33,y_1_2_2,dem_1_2,1.050706
SCEN33,y_1_3_2,dem_1_2,1.495081
SCEN33,y_2_1_2,dem_2_2,0.813558
SCEN33,y_2_2_2,dem_2_2,1.050706
SCEN33,y_2_3_2,dem_2_2,1.495081
SCEN33,y_1_1_3,dem_1_3,0.951234
SCEN33,y_1_2_3,dem_1_3,0.700178
SCEN33,y_1_3_3,dem_1_3,0.97644
SCEN33,y_2_1_3,dem_2_3,0.951234
SCEN33,y_2_2_3,dem_2_3,0.700178
SCEN33,y_2_3_3,dem_2_3,0.97644
SCEN34,y_1_1_1,dem_1_1,0.559168
SCEN34,y_1_2_1,dem_1_1,0.578238
SCEN34,y_1_3_1,dem_1_1,0.96571
SCEN34,y_2_1_1,dem_2_1,0.559168
SCEN34,y_2_2_1,dem_2_1,0.578238
SCEN34,y_2_3_1,dem_2_1,0.96571
SCEN34,y_1_1_2,dem_1_2,1.244565
SCEN34,y_1_2_2,dem_1_2,0.62606
SCEN34,y_1_3_2,dem_1_2,1.044882
SCEN34,y_2_1_2,dem_2_2,1.244565
SCEN34,y_2_2_2,dem_2_2,0.62606
SCEN34,y_2_3_2,dem_2_2,1.044882
SCEN34,y_1_1_3,dem_1_3,1.009851
SCEN34,y_1_2_3,dem_1_3,1.310861
SCEN34,y_1_3_3,dem_1_3,0.72304
SCEN34,y_2_1_3,dem_2_3,1.009851
SCEN34,y_2_2_3,dem_2_3,1.310861
SCEN34,y_2_3_3,dem_2_3,0.72304
SCEN35,y_1_1_1,dem_1_1,0.602992
SCEN35,y_1_2_1,dem_1_1,1.14739
SCEN35,y_1_3_1,dem_1_1,0.784887
SCEN35,y_2_1_1,dem_2_1,0.602992
SCEN35,y_2_2_1,dem_2_1,1.14739
SCEN35,y_2_3_1,dem_2_1,0.784887
SCEN35,y_1_1_2,dem_1_2,1.407531
SCEN35,y_1_2_2,dem_1_2,0.534943
SCEN35,y_1_3_2,dem_1_2,0.509844
SCEN35,y_2_1_2,dem_2_2,1.407531
SCEN35,y_2_2_2,dem_2_2,0.534943
SCEN35,y_2_3_2,dem_2_2,0.509844
SCEN35,y_1_1_3,dem_1_3,0.522838
SCEN35,y_1_2_3,dem_1_3,0.581637
SCEN35,y_1_3_3,dem_1_3,0.83973
SCEN35,y_2_1_3,dem_2_3,0.522838
SCEN35,y_2_2_3,dem_2_3,0.581637
SCEN35,y_2_3_3,dem_2_3,0.83973
SCEN36,y_1_1_1,dem_1_1,1.004651
SCEN36,y_1_2_1,dem_1_1,0.642342
SCEN36,y_1_3_1,dem_1_1,1.279326
SCEN36,y_2_1_1,dem_2_1,1.004651
SCEN36,y_2_2_1,dem_2_1,0.642342
SCEN36,y_2_3_1,dem_2_1,1.279326
SCEN36,y_1_1_2,dem_1_2,0.911219
SCEN36,y_1_2_2,dem_1_2,1.210107
SCEN36,y_1_3_2,dem_1_2,0.685635
SCEN36,y_2_1_2,dem_2_2,0.911219
SCEN36,y_2_2_2,dem_2_2,1.210107
SCEN36,y_2_3_2,dem_2_2,0.685635
SCEN36,y_1_1_3,dem_1_3,0.912164
SCEN36,y_1_2_3,dem_1_3,1.216857
SCEN36,y_1_3_3,dem_1_3,0.585669
SCEN36,y_2_1_3,dem_2_3,0.912164
SCEN36,y_2_2_3,dem_2_3,1.216857
SCEN36,y_2_3_3,dem_2_3,0.585669
SCEN37,y_1_1_1,dem_1_1,0.528023
SCEN37,y_1_2_1,dem_1_1,0.503623
SCEN37,y_1_3_1,dem_1_1,1.360616
SCEN37,y_2_1_1,dem_2_1,0.528023
SCEN37,y_2_2_1,dem_2_1,0.503623
SCEN37,y_2_3_1,dem_2_1,1.360616
SCEN37,y_1_1_2,dem_1_2,1.444216
SCEN37,y_1_2_2,dem_1_2,1.06434
SCEN37,y_1_3_2,dem_1_2,1.297879
SCEN37,y_2_1_2,dem_2_2,1.444216
SCEN37,y_2_2_2,dem_2_2,1.06434
SCEN37,y_2_3_2,dem_2_2,1.297879
SCEN37,y_1_1_3,dem_1_3,1.091959
SCEN37,y_1_2_3,dem_1_3,0.882989
SCEN37,y_1_3_3,dem_1_3,0.846471
SCEN37,y_2_1_3,dem_2_3,1.091959
SCEN37,y_2_2_3,dem_2_3,0.882989
SCEN37,y_2_3_3,dem_2_3,0.846471
SCEN38,y_1_1_1,dem_1_1,1.201105
SCEN38,y_1_2_1,dem_1_1,1.384321
SCEN38,y_1_3_1,dem_1_1,1.278924
SCEN38,y_2_1_1,dem_2_1,1.201105
SCEN38,y_2_2_1,dem_2_1,1.384321
SCEN38,y_2_3_1,dem_2_1,1.278924
SCEN38,y_1_1_2,dem_1_2,0.735111
SCEN38,y_1_2_2,dem_1_2,0.744354
SCEN38,y_1_3_2,dem_1_2,0.90085
SCEN38,y_2_1_2,dem_2_2,0.735111
SCEN38,y_2_2_2,dem_2_2,0.744354
SCEN38,y_2_3_2,dem_2_2,0.90085
SCEN38,y_1_1_3,dem_1_3,0.932182
SCEN38,y_1_2_3,dem_1_3,0.751084
SCEN38,y_1_3_3,dem_1_3,1.010258
SCEN38,y_2_1_3,dem_2_3,0.932182
SCEN38,y_2_2_3,dem_2_3,0.751084
SCEN38,y_2_3_3,dem_2_3,1.010258
SCEN39,y_1_1_1,dem_1_1,0.529018
SCEN39,y_1_2_1,dem_1_1,0.572968
SCEN39,y_1_3_1,dem_1_1,0.936532
SCEN39,y_2_1_1,dem_2_1,0.529018
SCEN39,y_2_2_1,dem_2_1,0.572968
SCEN39,y_2_3_1,dem_2_1,0.936532
SCEN39,y_1_1_2,dem_1_2,0.535197
SCEN39,y_1_2_2,dem_1_2,0.699367
SCEN39,y_1_3_2,dem_1_2,0.925609
SCEN39,y_2_1_2,dem_2_2,0.535197
SCEN39,y_2_2_2,dem_2_2,0.699367
SCEN39,y_2_3_2,dem_2_2,0.925609
SCEN39,y_1_1_3,dem_1_3,1.379024
SCEN39,y_1_2_3,dem_1_3,0.571605
SCEN39,y_1_3_3,dem_1_3,1.149335
SCEN39,y_2_1_3,dem_2_3,1.379024
SCEN39,y_2_2_3,dem_2_3,0.571605
SCEN39,y_2_3_3,dem_2_3,1.149335
SCEN40,y_1_1_1,dem_1_1,1.219258
SCEN40,y_1_2_1,dem_1_1,0.729163
SCEN40,y_1_3_1,dem_1_1,1.338321
SCEN40,y_2_1_1,dem_2_1,1.219258
SCEN40,y_2_2_1,dem_2_1,0.729163
SCEN40,y_2_3_1,dem_2_1,1.338321
SCEN40,y_1_1_2,dem_1_2,0.509719
SCEN40,y_1_2_2,dem_1_2,1.147216
SCEN40,y_1_3_2,dem_1_2,1.091561
SCEN40,y_2_1_2,dem_2_2,0.509719
SCEN40,y_2_2_2,dem_2_2,1.147216
SCEN40,y_2_3_2,dem_2_2,1.091561
SCEN40,y_1_1_3,dem_1_3,0.858978
SCEN40,y_1_2_3,dem_1_3,0.947708
SCEN40,y_1_3_3,dem_1_3,0.569972
SCEN40,y_2_1_3,dem_2_3,0.858978
SCEN40,y_2_2_3,dem_2_3,0.947708
SCEN40,y_2_3_3,dem_2_3,0.569972
SCEN41,y_1_1_1,dem_1_1,0.823014
SCEN41,y_1_2_1,dem_1_1,1.404246
SCEN41,y_1_3_1,dem_1_1,1.096173
SCEN41,y_2_1_1,dem_2_1,0.823014
SCEN41,y_2_2_1,dem_2_1,1.404246
SCEN41,y_2_3_1,dem_2_1,1.096173
SCEN41,y_1_1_2,dem_1_2,0.630057
SCEN41,y_1_2_2,dem_1_2,1.270008
SCEN41,y_1_3_2,dem_1_2,0.727866
SCEN41,y_2_1_2,dem_2_2,0.630057
SCEN41,y_2_2_2,dem_2_2,1.270008
SCEN41,y_2_3_2,dem_2_2,0.727866
SCEN41,y_1_1_3,dem_1_3,0.710502
SCEN41,y_1_2_3,dem_1_3,0.792152
SCEN41,y_1_3_3,dem_1_3,1.112528
SCEN41,y_2_1_3,dem_2_3,0.710502
SCEN41,y_2_2_3,dem_2_3,0.792152
SCEN41,y_2_3_3,dem_2_3,1.112528
SCEN42,y_1_1_1,dem_1_1,0.702079
SCEN42,y_1_2_1,dem_1_1,1.33754
SCEN42,y_1_3_1,dem_1_1,1.369349
SCEN42,y_2_1_1,dem_2_1,0.702079
SCEN42,y_2_2_1,dem_2_1,1.33754
SCEN42,y_2_3_1,dem_2_1,1.369349
SCEN42,y_1_1_2,dem_1_2,1.471047
SCEN42,y_1_2_2,dem_1_2,0.552323
SCEN42,y_1_3_2,dem_1_2,0.800676
SCEN42,y_2_1_2,dem_2_2,1.471047
SCEN42,y_2_2_2,dem_2_2,0.552323
SCEN42,y_2_3_2,dem_2_2,0.800676
SCEN42,y_1_1_3,dem_1_3,0.665876
SCEN42,y_1_2_3,dem_1_3,0.951604
SCEN42,y_1_3_3,dem_1_3,0.860704
SCEN42,y_2_1_3,dem_2_3,0.665876
SCEN42,y_2_2_3,dem_2_3,0.951604
SCEN42,y_2_3_3,dem_2_3,0.860704
SCEN43,y_1_1_1,dem_1_1,1.039497
SCEN43,y_1_2_1,dem_1_1,1.382287
SCEN43,y_1_3_1,dem_1_1,0.855873
SCEN43,y_2_1_1,dem_2_1,1.039497
SCEN43,y_2_2_1,dem_2_1,1.382287
SCEN43,y_2_3_1,dem_2_1,0.855873
SCEN43,y_1_1_2,dem_1_2,0.907625
SCEN43,y_1_2_2,dem_1_2,1.180771
SCEN43,y_1_3_2,dem_1_2,1.443041
SCEN43,y_2_1_2,dem_2_2,0.907625
SCEN43,y_2_2_2,dem_2_2,1.180771
SCEN43,y_2_3_2,dem_2_2,1.443041
SCEN43,y_1_1_3,dem_1_3,0.511828
SCEN43,y_1_2_3,dem_1_3,0.896039
SCEN43,y_1_3_3,dem_1_3,1.06042
SCEN43,y_2_1_3,dem_2_3,0.511828
SCEN43,y_2_2_3,dem_2_3,0.896039
SCEN43,y_2_3_3,dem_2_3,1.06042
SCEN44,y_1_1_1,dem_1_1,0.551076
SCEN44,y_1_2_1,dem_1_1,1.395592
SCEN44,y_1_3_1,dem_1_1,0.849923
SCEN44,y_2_1_1,dem_2_1,0.551076
SCEN44,y_2_2_1,dem_2_1,1.395592
SCEN44,y_2_3_1,dem_2_1,0.849923
SCEN44,y_1_1_2,dem_1_2,0.955954
SCEN44,y_1_2_2,dem_1_2,1.012207
SCEN44,y_1_3_2,dem_1_2,1.024987
SCEN44,y_2_1_2,dem_2_2,0.955954
SCEN44,y_2_2_2,dem_2_2,1.012207
SCEN44,y_2_3_2,dem_2_2,1.024987
SCEN44,y_1_1_3,dem_1_3,1.430516
SCEN44,y_1_2_3,dem_1_3,0.713335
SCEN44,y_1_3_3,dem_1_3,0.534799
SCEN44,y_2_1_3,dem_2_3,1.430516
SCEN44,y_2_2_3,dem_2_3,0.713335
SCEN44,y_2_3_3,dem_2_3,0.534799
SCEN45,y_1_1_1,dem_1_1,0.969214
SCEN45,y_1_2_1,dem_1_1,0.630325
SCEN45,y_1_3_1,dem_1_1,0.647177
SCEN45,y_2_1_1,dem_2_1,0.969214
SCEN45,y_2_2_1,dem_2_1,0.630325
SCEN45,y_2_3_1,dem_2_1,0.647177
SCEN45,y_1_1_2,dem_1_2,0.857494
SCEN45,y_1_2_2,dem_1_2,1.236806
SCEN45,y_1_3_2,dem_1_2,1.128474
SCEN45,y_2_1_2,dem_2_2,0.857494
SCEN45,y_2_2_2,dem_2_2,1.236806
SCEN45,y_2_3_2,dem_2_2,1.128474
SCEN45,y_1_1_3,dem_1_3,1.440168
SCEN45,y_1_2_3,dem_1_3,1.409973
SCEN45,y_1_3_3,dem_1_3,1.276495
SCEN45,y_2_1_3,dem_2_3,1.440168
SCEN45,y_2_2_3,dem_2_3,1.409973
SCEN45,y_2_3_3,dem_2_3,1.276495
SCEN46,y_1_1_1,dem_1_1,0.930816
SCEN46,y_1_2_1,dem_1_1,1.400243
SCEN46,y_1_3_1,dem_1_1,0.881356
SCEN46,y_2_1_1,dem_2_1,0.930816
SCEN46,y_2_2_1,dem_2_1,1.400243
SCEN46,y_2_3_1,dem_2_1,0.881356
SCEN46,y_1_1_2,dem_1_2,1.113646
SCEN46,y_1_2_2,dem_1_2,0.844623
SCEN46,y_1_3_2,dem_1_2,0.589301
SCEN46,y_2_1_2,dem_2_2,1.113646
SCEN46,y_2_2_2,dem_2_2,0.844623
SCEN46,y_2_3_2,dem_2_2,0.589301
SCEN46,y_1_1_3,dem_1_3,1.329962
SCEN46,y_1_2_3,dem_1_3,0.800575
SCEN46,y_1_3_3,dem_1_3,0.69998
SCEN46,y_2_1_3,dem_2_3,1.329962
SCEN46,y_2_2_3,dem_2_3,0.800575
SCEN46,y_2_3_3,dem_2_3,0.69998
SCEN47,y_1_1_1,dem_1_1,1.418352
SCEN47,y_1_2_1,dem_1_1,1.14721
SCEN47,y_1_3_1,dem_1_1,0.913365
SCEN47,y_2_1_1,dem_2_1,1.418352
SCEN47,y_2_2_1,dem_2_1,1.14721
SCEN47,y_2_3_1,dem_2_1,0.913365
SCEN47,y_1_1_2,dem_1_2,0.79867
SCEN47,y_1_2_2,dem_1_2,0.807288
SCEN47,y_1_3_2,dem_1_2,1.140453
SCEN47,y_2_1_2,dem_2_2,0.79867
SCEN47,y_2_2_2,dem_2_2,0.807288
SCEN47,y_2_3_2,dem_2_2,1.140453
SCEN47,y_1_1_3,dem_1_3,0.618368
SCEN47,y_1_2_3,dem_1_3,0.579265
SCEN47,y_1_3_3,dem_1_3,0.71566
SCEN47,y_2_1_3,dem_2_3,0.618368
SCEN47,y_2_2_3,dem_2_3,0.579265
SCEN47,y_2_3_3,dem_2_3,0.71566
SCEN48,y_1_1_1,dem_1_1,1.283167
SCEN48,y_1_2_1,dem_1_1,0.96777
SCEN48,y_1_3_1,dem_1_1,1.031491
SCEN48,y_2_1_1,dem_2_1,1.283167
SCEN48,y_2_2_1,dem_2_1,0.96777
SCEN48,y_2_3_1,dem_2_1,1.031491
SCEN48,y_1_1_2,dem_1_2,0.585255
SCEN48,y_1_2_2,dem_1_2,0.595948
SCEN48,y_1_3_2,dem_1_2,0.799611
SCEN48,y_2_1_2,dem_2_2,0.585255
SCEN48,y_2_2_2,dem_2_2,0.595948
SCEN48,y_2_3_2,dem_2_2,0.799611
SCEN48,y_1_1_3,dem_1_3,1.243879
SCEN48,y_1_2_3,dem_1_3,0.703641
SCEN48,y_1_3_3,dem_1_3,0.610007
SCEN48,y_2_1_3,dem_2_3,1.243879
SCEN48,y_2_2_3,dem_2_3,0.703641
SCEN48,y_2_3_3,dem_2_3,0.610007
SCEN49,y_1_1_1,dem_1_1,0.740245
SCEN49,y_1_2_1,dem_1_1,1.206012
SCEN49,y_1_3_1,dem_1_1,1.103679
SCEN49,y_2_1_1,dem_2_1,0.740245
SCEN49,y_2_2_1,dem_2_1,1.206012
SCEN49,y_2_3_1,dem_2_1,1.103679
SCEN49,y_1_1_2,dem_1_2,0.841108
SCEN49,y_1_2_2,dem_1_2,0.999053
SCEN49,y_1_3_2,dem_1_2,1.02973
SCEN49,y_2_1_2,dem_2_2,0.841108
SCEN49,y_2_2_2,dem_2_2,0.999053
SCEN49,y_2_3_2,dem_2_2,1.02973
SCEN49,y_1_1_3,dem_1_3,1.259408
SCEN49,y_1_2_3,dem_1_3,1.451736
SCEN49,y_1_3_3,dem_1_3,0.62752
SCEN49,y_2_1_3,dem_2_3,1.259408
SCEN49,y_2_2_3,dem_2_3,1.451736
SCEN49,y_2_3_3,dem_2_3,0.62752
SCEN50,y_1_1_1,dem_1_1,1.362916
SCEN50,y_1_2_1,dem_1_1,1.39364
SCEN50,y_1_3_1,dem_1_1,0.678837
SCEN50,y_2_1_1,dem_2_1,1.362916
SCEN50,y_2_2_1,dem_2_1,1.39364
SCEN50,y_2_3_1,dem_2_1,0.678837
SCEN50,y_1_1_2,dem_1_2,1.13052
SCEN50,y_1_2_2,dem_1_2,1.291016
SCEN50,y_1_3_2,dem_1_2,1.089742
SCEN50,y_2_1_2,dem_2_2,1.13052
SCEN50,y_2_2_2,dem_2_2,1.291016
SCEN50,y_2_3_2,dem_2_2,1.089742
SCEN50,y_1_1_3,dem_1_3,0.898597
SCEN50,y_1_2_3,dem_1_3,0.741167
SCEN50,y_1_3_3,dem_1_3,0.993921
SCEN50,y_2_1_3,dem_2_3,0.898597
SCEN50,y_2_2_3,dem_2_3,0.741167
SCEN50,y_2_3_3,dem_2_3,0.993921
SCEN51,y_1_1_1,dem_1_1,1.318759
SCEN51,y_1_2_1,dem_1_1,1.406975
SCEN51,y_1_3_1,dem_1_1,1.13577
SCEN51,y_2_1_1,dem_2_1,1.318759
SCEN51,y_2_2_1,dem_2_1,1.406975
SCEN51,y_2_3_1,dem_2_1,1.13577
SCEN51,y_1_1_2,dem_1_2,1.330603
SCEN51,y_1_2_2,dem_1_2,0.632021
SCEN51,y_1_3_2,dem_1_2,0.942737
SCEN51,y_2_1_2,dem_2_2,1.330603
SCEN51,y_2_2_2,dem_2_2,0.632021
SCEN51,y_2_3_2,dem_2_2,0.942737
SCEN51,y_1_1_3,dem_1_3,1.162565
SCEN51,y_1_2_3,dem_1_3,0.885661
SCEN51,y_1_3_3,dem_1_3,0.564673
SCEN51,y_2_1_3,dem_2_3,1.162565
SCEN51,y_2_2_3,dem_2_3,0.885661
SCEN51,y_2_3_3,dem_2_3,0.564673
SCEN52,y_1_1_1,dem_1_1,0.813614
SCEN52,y_1_2_1,dem_1_1,1.104437
SCEN52,y_1_3_1,dem_1_1,0.751102
SCEN52,y_2_1_1,dem_2_1,0.813614
SCEN52,y_2_2_1,dem_2_1,1.104437
SCEN52,y_2_3_1,dem_2_1,0.751102
SCEN52,y_1_1_2,dem_1_2,0.533375
SCEN52,y_1_2_2,dem_1_2,1.271
SCEN52,y_1_3_2,dem_1_2,0.839083
SCEN52,y_2_1_2,dem_2_2,0.533375
SCEN52,y_2_2_2,dem_2_2,1.271
SCEN52,y_2_3_2,dem_2_2,0.839083
SCEN52,y_1_1_3,dem_1_3,1.151253
SCEN52,y_1_2_3,dem_1_3,0.726783
SCEN52,y_1_3_3,dem_1_3,1.319326
SCEN52,y_2_1_3,dem_2_3,1.151253
SCEN52,y_2_2_3,dem_2_3,0.726783
SCEN52,y_2_3_3,dem_2_3,1.319326
SCEN53,y_1_1_1,dem_1_1,0.938254
SCEN53,y_1_2_1,dem_1_1,1.275951
SCEN53,y_1_3_1,dem_1_1,1.436151
SCEN53,y_2_1_1,dem_2_1,0.938254
SCEN53,y_2_2_1,dem_2_1,1.275951
SCEN53,y_2_3_1,dem_2_1,1.436151
SCEN53,y_1_1_2,dem_1_2,0.537776
SCEN53,y_1_2_2,dem_1_2,1.455817
SCEN53,y_1_3_2,dem_1_2,1.390408
SCEN53,y_2_1_2,dem_2_2,0.537776
SCEN53,y_2_2_2,dem_2_2,1.455817
SCEN53,y_2_3_2,dem_2_2,1.390408
SCEN53,y_1_1_3,dem_1_3,1.133326
SCEN53,y_1_2_3,dem_1_3,0.560896
SCEN53,y_1_3_3,dem_1_3,1.187694
SCEN53,y_2_1_3,dem_2_3,1.133326
SCEN53,y_2_2_3,dem_2_3,0.560896
SCEN53,y_2_3_3,dem_2_3,1.187694
SCEN54,y_1_1_1,dem_1_1,1.441139
SCEN54,y_1_2_1,dem_1_1,1.442356
SCEN54,y_1_3_1,dem_1_1,1.465767
SCEN54,y_2_1_1,dem_2_1,1.441139
SCEN54,y_2_2_1,dem_2_1,1.442356
SCEN54,y_2_3_1,dem_2_1,1.465767
SCEN54,y_1_1_2,dem_1_2,0.963779
SCEN54,y_1_2_2,dem_1_2,0.724244
SCEN54,y_1_3_2,dem_1_2,1.367998
SCEN54,y_2_1_2,dem_2_2,0.963779
SCEN54,y_2_2_2,dem_2_2,0.724244
SCEN54,y_2_3_2,dem_2_2,1.367998
SCEN54,y_1_1_3,dem_1_3,0.761966
SCEN54,y_1_2_3,dem_1_3,1.034706
SCEN54,y_1_3_3,dem_1_3,1.15547
SCEN54,y_2_1_3,dem_2_3,0.761966
SCEN54,y_2_2_3,dem_2_3,1.034706
SCEN54,y_2_3_3,dem_2_3,1.15547
SCEN55,y_1_1_1,dem_1_1,1.203382
SCEN55,y_1_2_1,dem_1_1,0.97516
SCEN55,y_1_3_1,dem_1_1,1.016057
SCEN55,y_2_1_1,dem_2_1,1.203382
SCEN55,y_2_2_1,dem_2_1,0.97516
SCEN55,y_2_3_1,dem_2_1,1.016057
SCEN55,y_1_1_2,dem_1_2,0.576911
SCEN55,y_1_2_2,dem_1_2,0.995387
SCEN55,y_1_3_2,dem_1_2,0.641604
SCEN55,y_2_1_2,dem_2_2,0.576911
SCEN55,y_2_2_2,dem_2_2,0.995387
SCEN55,y_2_3_2,dem_2_2,0.641604
SCEN55,y_1_1_3,dem_1_3,0.84206
SCEN55,y_1_2_3,dem_1_3,1.306656
SCEN55,y_1_3_3,dem_1_3,0.670946
SCEN55,y_2_1_3,dem_2_3,0.84206
SCEN55,y_2_2_3,dem_2_3,1.306656
SCEN55,y_2_3_3,dem_2_3,0.670946
SCEN56,y_1_1_1,dem_1_1,1.464827
SCEN56,y_1_2_1,dem_1_1,0.962752
SCEN56,y_1_3_1,dem_1_1,1.104543
SCEN56,y_2_1_1,dem_2_1,1.464827
SCEN56,y_2_2_1,dem_2_1,0.962752
SCEN56,y_2_3_1,dem_2_1,1.104543
SCEN56,y_1_1_2,dem_1_2,1.069313
SCEN56,y_1_2_2,dem_1_2,1.344164
SCEN56,y_1_3_2,dem_1_2,0.861619
SCEN56,y_2_1_2,dem_2_2,1.069313
SCEN56,y_2_2_2,dem_2_2,1.344164
SCEN56,y_2_3_2,dem_2_2,0.861619
SCEN56,y_1_1_3,dem_1_3,1.093021
SCEN56,y_1_2_3,dem_1_3,0.614821
SCEN56,y_1_3_3,dem_1_3,1.24883
SCEN56,y_2_1_3,dem_2_3,1.093021
SCEN56,y_2_2_3,dem_2_3,0.614821
SCEN56,y_2_3_3,dem_2_3,1.24883
SCEN57,y_1_1_1,dem_1_1,0.642568
SCEN57,y_1_2_1,dem_1_1,1.022593
SCEN57,y_1_3_1,dem_1_1,1.408248
SCEN57,y_2_1_1,dem_2_1,0.642568
SCEN57,y_2_2_1,dem_2_1,1.022593
SCEN57,y_2_3_1,dem_2_1,1.408248
SCEN57,y_1_1_2,dem_1_2,0.789244
SCEN57,y_1_2_2,dem_1_2,1.151584
SCEN57,y_1_3_2,dem_1_2,1.191532
SCEN57,y_2_1_2,dem_2_2,0.789244
SCEN57,y_2_2_2,dem_2_2,1.151584
SCEN57,y_2_3_2,dem_2_2,1.191532
SCEN57,y_1_1_3,dem_1_3,1.23706
SCEN57,y_1_2_3,dem_1_3,1.044006
SCEN57,y_1_3_3,dem_1_3,1.277799
SCEN57,y_2_1_3,dem_2_3,1.23706
SCEN57,y_2_2_3,dem_2_3,1.044006
SCEN57,y_2_3_3,dem_2_3,1.277799
SCEN58,y_1_1_1,dem_1_1,1.388384
SCEN58,y_1_2_1,dem_1_1,0.57271
SCEN58,y_1_3_1,dem_1_1,0.561339
SCEN58,y_2_1_1,dem_2_1,1.388384
SCEN58,y_2_2_1,dem_2_1,0.57271
SCEN58,y_2_3_1,dem_2_1,0.561339
SCEN58,y_1_1_2,dem_1_2,0.618119
SCEN58,y_1_2_2,dem_1_2,1.129479
SCEN58,y_1_3_2,dem_1_2,1.422462
SCEN58,y_2_1_2,dem_2_2,0.618119
SCEN58,y_2_2_2,dem_2_2,1.129479
SCEN58,y_2_3_2,dem_2_2,1.422462
SCEN58,y_1_1_3,dem_1_3,1.117734
SCEN58,y_1_2_3,dem_1_3,1.195309
SCEN58,y_1_3_3,dem_1_3,0.640493
SCEN58,y_2_1_3,dem_2_3,1.117734
SCEN58,y_2_2_3,dem_2_3,1.195309
SCEN58,y_2_3_3,dem_2_3,0.640493
SCEN59,y_1_1_1,dem_1_1,0.667559
SCEN59,y_1_2_1,dem_1_1,1.268024
SCEN59,y_1_3_1,dem_1_1,1.410122
SCEN59,y_2_1_1,dem_2_1,0.667559
SCEN59,y_2_2_1,dem_2_1,1.268024
SCEN59,y_2_3_1,dem_2_1,1.410122
SCEN59,y_1_1_2,dem_1_2,1.20065
SCEN59,y_1_2_2,dem_1_2,1.084009
SCEN59,y_1_3_2,dem_1_2,0.657336
SCEN59,y_2_1_2,dem_2_2,1.20065
SCEN59,y_2_2_2,dem_2_2,1.084009
SCEN59,y_2_3_2,dem_2_2,0.657336
SCEN59,y_1_1_3,dem_1_3,1.119747
SCEN59,y_1_2_3,dem_1_3,0.780382
SCEN59,y_1_3_3,dem_1_3,1.246571
SCEN59,y_2_1_3,dem_2_3,1.119747
SCEN59,y_2_2_3,dem_2_3,0.780382
SCEN59,y_2_3_3,dem_2_3,1.246571
SCEN60,y_1_1_1,dem_1_1,0.761272
SCEN60,y_1_2_1,dem_1_1,0.795349
SCEN60,y_1_3_1,dem_1_1,0.999202
SCEN60,y_2_1_1,dem_2_1,0.761272
SCEN60,y_2_2_1,dem_2_1,0.795349
SCEN60,y_2_3_1,dem_2_1,0.999202
SCEN60,y_1_1_2,dem_1_2,0.573806
SCEN60,y_1_2_2,dem_1_2,1.207403
SCEN60,y_1_3_2,dem_1_2,1.253152
SCEN60,y_2_1_2,dem_2_2,0.573806
SCEN60,y_2_2_2,dem_2_2,1.207403
SCEN60,y_2_3_2,dem_2_2,1.253152
SCEN60,y_1_1_3,dem_1_3,1.327919
SCEN60,y_1_2_3,dem_1_3,0.829189
SCEN60,y_1_3_3,dem_1_3,1.242861
SCEN60,y_2_1_3,dem_2_3,1.327919
SCEN60,y_2_2_3,dem_2_3,0.829189
SCEN60,y_2_3_3,dem_2_3,1.242861
SCEN61,y_1_1_1,dem_1_1,1.357196
SCEN61,y_1_2_1,dem_1_1,1.291025
SCEN61,y_1_3_1,dem_1_1,1.476201
SCEN61,y_2_1_1,dem_2_1,1.357196
SCEN61,y_2_2_1,dem_2_1,1.291025
SCEN61,y_2_3_1,dem_2_1,1.476201
SCEN61,y_1_1_2,dem_1_2,1.19972
SCEN61,y_1_2_2,dem_1_2,0.559017
SCEN61,y_1_3_2,dem_1_2,0.888982
SCEN61,y_2_1_2,dem_2_2,1.19972
SCEN61,y_2_2_2,dem_2_2,0.559017
SCEN61,y_2_3_2,dem_2_2,0.888982
SCEN61,y_1_1_3,dem_1_3,0.997615
SCEN61,y_1_2_3,dem_1_3,0.804646
SCEN61,y_1_3_3,dem_1_3,1.147681
SCEN61,y_2_1_3,dem_2_3,0.997615
SCEN61,y_2_2_3,dem_2_3,0.804646
SCEN61,y_2_3_3,dem_2_3,1.147681
SCEN62,y_1_1_1,dem_1_1,1.209279
SCEN62,y_1_2_1,dem_1_1,1.055393
SCEN62,y_1_3_1,dem_1_1,0.679552
SCEN62,y_2_1_1,dem_2_1,1.209279
SCEN62,y_2_2_1,dem_2_1,1.055393
SCEN62,y_2_3_1,dem_2_1,0.679552
SCEN62,y_1_1_2,dem_1_2,0.672533
SCEN62,y_1_2_2,dem_1_2,1.296898
SCEN62,y_1_3_2,dem_1_2,1.056551
SCEN62,y_2_1_2,dem_2_2,0.672533
SCEN62,y_2_2_2,dem_2_2,1.296898
SCEN62,y_2_3_2,dem_2_2,1.056551
SCEN62,y_1_1_3,dem_1_3,0.879981
SCEN62,y_1_2_3,dem_1_3,1.060297
SCEN62,y_1_3_3,dem_1_3,0.690917
SCEN62,y_2_1_3,dem_2_3,0.879981
SCEN62,y_2_2_3,dem_2_3,1.060297
SCEN62,y_2_3_3,dem_2_3,0.690917
SCEN63,y_1_1_1,dem_1_1,1.092028
SCEN63,y_1_2_1,dem_1_1,0.85718
SCEN63,y_1_3_1,dem_1_1,0.638053
SCEN63,y_2_1_1,dem_2_1,1.092028
SCEN63,y_2_2_1,dem_2_1,0.85718
SCEN63,y_2_3_1,dem_2_1,0.638053
SCEN63,y_1_1_2,dem_1_2,0.845252
SCEN63,y_1_2_2,dem_1_2,0.567577
SCEN63,y_1_3_2,dem_1_2,0.782914
SCEN63,y_2_1_2,dem_2_2,0.845252
SCEN63,y_2_2_2,dem_2_2,0.567577
SCEN63,y_2_3_2,dem_2_2,0.782914
SCEN63,y_1_1_3,dem_1_3,0.575266
SCEN63,y_1_2_3,dem_1_3,0.613616
SCEN63,y_1_3_3,dem_1_3,1.274143
SCEN63,y_2_1_3,dem_2_3,0.575266
SCEN63,y_2_2_3,dem_2_3,0.613616
SCEN63,y_2_3_3,dem_2_3,1.274143
SCEN64,y_1_1_1,dem_1_1,1.305334
SCEN64,y_1_2_1,dem_1_1,0.932138
SCEN64,y_1_3_1,dem_1_1,1.45859
SCEN64,y_2_1_1,dem_2_1,1.305334
SCEN64,y_2_2_1,dem_2_1,0.932138
SCEN64,y_2_3_1,dem_2_1,1.45859
SCEN64,y_1_1_2,dem_1_2,1.147377
SCEN64,y_1_2_2,dem_1_2,1.485306
SCEN64,y_1_3_2,dem_1_2,1.046515
SCEN64,y_2_1_2,dem_2_2,1.147377
SCEN64,y_2_2_2,dem_2_2,1.485306
SCEN64,y_2_3_2,dem_2_2,1.046515
SCEN64,y_1_1_3,dem_1_3,0.675827
SCEN64,y_1_2_3,dem_1_3,0.858677
SCEN64,y_1_3_3,dem_1_3,1.154529
SCEN64,y_2_1_3,dem_2_3,0.675827
SCEN64,y_2_2_3,dem_2_3,0.858677
SCEN64,y_2_3_3,dem_2_3,1.154529
SCEN65,y_1_1_1,dem_1_1,0.773505
SCEN65,y_1_2_1,dem_1_1,1.222648
SCEN65,y_1_3_1,dem_1_1,0.604157
SCEN65,y_2_1_1,dem_2_1,0.773505
SCEN65,y_2_2_1,dem_2_1,1.222648
SCEN65,y_2_3_1,dem_2_1,0.604157
SCEN65,y_1_1_2,dem_1_2,1.014893
SCEN65,y_1_2_2,dem_1_2,1.221272
SCEN65,y_1_3_2,dem_1_2,1.342551
SCEN65,y_2_1_2,dem_2_2,1.014893
SCEN65,y_2_2_2,dem_2_2,1.221272
SCEN65,y_2_3_2,dem_2_2,1.342551
SCEN65,y_1_1_3,dem_1_3,0.821825
SCEN65,y_1_2_3,dem_1_3,1.193982
SCEN65,y_1_3_3,dem_1_3,1.271472
SCEN65,y_2_1_3,dem_2_3,0.821825
SCEN65,y_2_2_3,dem_2_3,1.193982
SCEN65,y_2_3_3,dem_2_3,1.271472
SCEN66,y_1_1_1,dem_1_1,0.837695
SCEN66,y_1_2_1,dem_1_1,1.441034
SCEN66,y_1_3_1,dem_1_1,1.2794
SCEN66,y_2_1_1,dem_2_1,0.837695
SCEN66,y_2_2_1,dem_2_1,1.441034
SCEN66,y_2_3_1,dem_2_1,1.2794
SCEN66,y_1_1_2,dem_1_2,0.907838
SCEN66,y_1_2_2,dem_1_2,1.015384
SCEN66,y_1_3_2,dem_1_2,1.263513
SCEN66,y_2_1_2,dem_2_2,0.907838
SCEN66,y_2_2_2,dem_2_2,1.015384
SCEN66,y_2_3_2,dem_2_2,1.263513
SCEN66,y_1_1_3,dem_1_3,1.330923
SCEN66,y_1_2_3,dem_1_3,0.68983
SCEN66,y_1_3_3,dem_1_3,1.235159
SCEN66,y_2_1_3,dem_2_3,1.330923
SCEN66,y_2_2_3,dem_2_3,0.68983
SCEN66,y_2_3_3,dem_2_3,1.235159
SCEN67,y_1_1_1,dem_1_1,1.356797
SCEN67,y_1_2_1,dem_1_1,1.151017
SCEN67,y_1_3_1,dem_1_1,0.941238
SCEN67,y_2_1_1,dem_2_1,1.356797
SCEN67,y_2_2_1,dem_2_1,1.151017
SCEN67,y_2_3_1,dem_2_1,0.941238
SCEN67,y_1_1_2,dem_1_2,1.227696
SCEN67,y_1_2_2,dem_1_2,0.593963
SCEN67,y_1_3_2,dem_1_2,1.040276
SCEN67,y_2_1_2,dem_2_2,1.227696
SCEN67,y_2_2_2,dem_2_2,0.593963
SCEN67,y_2_3_2,dem_2_2,1.040276
SCEN67,y_1_1_3,dem_1_3,0.99851
SCEN67,y_1_2_3,dem_1_3,0.783082
SCEN67,y_1_3_3,dem_1_3,1.373498
SCEN67,y_2_1_3,dem_2_3,0.99851
SCEN67,y_2_2_3,dem_2_3,0.783082
SCEN67,y_2_3_3,dem_2_3,1.373498
SCEN68,y_1_1_1,dem_1_1,0.938292
SCEN68,y_1_2_1,dem_1_1,0.721233
SCEN68,y_1_3_1,dem_1_1,0.52291
SCEN68,y_2_1_1,dem_2_1,0.938292
SCEN68,y_2_2_1,dem_2_1,0.721233
SCEN68,y_2_3_1,dem_2_1,0.52291
SCEN68,y_1_1_2,dem_1_2,1.13578
SCEN68,y_1_2_2,dem_1_2,1.170981
SCEN68,y_1_3_2,dem_1_2,1.18485
SCEN68,y_2_1_2,dem_2_2,1.13578
SCEN68,y_2_2_2,dem_2_2,1.170981
SCEN68,y_2_3_2,dem_2_2,1.18485
SCEN68,y_1_1_3,dem_1_3,1.053241
SCEN68,y_1_2_3,dem_1_3,1.168445
SCEN68,y_1_3_3,dem_1_3,1.137789
SCEN68,y_2_1_3,dem_2_3,1.053241
SCEN68,y_2_2_3,dem_2_3,1.168445
SCEN68,y_2_3_3,dem_2_3,1.137789
SCEN69,y_1_1_1,dem_1_1,1.307437
SCEN69,y_1_2_1,dem_1_1,0.617471
SCEN69,y_1_3_1,dem_1_1,1.399796
SCEN69,y_2_1_1,dem_2_1,1.307437
SCEN69,y_2_2_1,dem_2_1,0.617471
SCEN69,y_2_3_1,dem_2_1,1.399796
SCEN69,y_1_1_2,dem_1_2,1.213698
SCEN69,y_1_2_2,dem_1_2,1.443633
SCEN69,y_1_3_2,dem_1_2,0.887322
SCEN69,y_2_1_2,dem_2_2,1.213698
SCEN69,y_2_2_2,dem_2_2,1.443633
SCEN69,y_2_3_2,dem_2_2,0.887322
SCEN69,y_1_1_3,dem_1_3,0.975174
SCEN69,y_1_2_3,dem_1_3,1.032367
SCEN69,y_1_3_3,dem_1_3,1.236854
SCEN69,y_2_1_3,dem_2_3,0.975174
SCEN69,y_2_2_3,dem_2_3,1.032367
SCEN69,y_2_3_3,dem_2_3,1.236854
SCEN70,y_1_1_1,dem_1_1,1.27757
SCEN70,y_1_2_1,dem_1_1,0.921635
SCEN70,y_1_3_1,dem_1_1,0.556703
SCEN70,y_2_1_1,dem_2_1,1.27757
SCEN70,y_2_2_1,dem_2_1,0.921635
SCEN70,y_2_3_1,dem_2_1,0.556703
SCEN70,y_1_1_2,dem_1_2,1.403955
SCEN70,y_1_2_2,dem_1_2,0.596916
SCEN70,y_1_3_2,dem_1_2,0.935679
SCEN70,y_2_1_2,dem_2_2,1.403955
SCEN70,y_2_2_2,dem_2_2,0.596916
SCEN70,y_2_3_2,dem_2_2,0.935679
SCEN70,y_1_1_3,dem_1_3,0.618097
SCEN70,y_1_2_3,dem_1_3,1.39904
SCEN70,y_1_3_3,dem_1_3,1.171562
SCEN70,y_2_1_3,dem_2_3,0.618097
SCEN70,y_2_2_3,dem_2_3,1.39904
SCEN70,y_2_3_3,dem_2_3,1.171562
SCEN71,y_1_1_1,dem_1_1,0.568941
SCEN71,y_1_2_1,dem_1_1,1.264428
SCEN71,y_1_3_1,dem_1_1,0.599718
SCEN71,y_2_1_1,dem_2_1,0.568941
SCEN71,y_2_2_1,dem_2_1,1.264428
SCEN71,y_2_3_1,dem_2_1,0.599718
SCEN71,y_1_1_2,dem_1_2,1.302384
SCEN71,y_1_2_2,dem_1_2,0.724905
SCEN71,y_1_3_2,dem_1_2,1.165441
SCEN71,y_2_1_2,dem_2_2,1.302384
SCEN71,y_2_2_2,dem_2_2,0.724905
SCEN71,y_2_3_2,dem_2_2,1.165441
SCEN71,y_1_1_3,dem_1_3,1.143647
SCEN71,y_1_2_3,dem_1_3,1.051411
SCEN71,y_1_3_3,dem_1_3,1.451456
SCEN71,y_2_1_3,dem_2_3,1.143647
SCEN71,y_2_2_3,dem_2_3,1.051411
SCEN71,y_2_3_3,dem_2_3,1.451456
SCEN72,y_1_1_1,dem_1_1,1.343681
SCEN72,y_1_2_1,dem_1_1,1.191259
SCEN72,y_1_3_1,dem_1_1,1.001552
SCEN72,y_2_1_1,dem_2_1,1.343681
SCEN72,y_2_2_1,dem_2_1,1.191259
SCEN72,y_2_3_1,dem_2_1,1.001552
SCEN72,y_1_1_2,dem_1_2,1.37614
SCEN72,y_1_2_2,dem_1_2,0.899446
SCEN72,y_1_3_2,dem_1_2,0.989012
SCEN72,y_2_1_2,dem_2_2,1.37614
SCEN72,y_2_2_2,dem_2_2,0.899446
SCEN72,y_2_3_2,dem_2_2,0.989012
SCEN72,y_1_1_3,dem_1_3,1.007918
SCEN72,y_1_2_3,dem_1_3,0.650687
SCEN72,y_1_3_3,dem_1_3,1.219003
SCEN72,y_2_1_3,dem_2_3,1.007918
SCEN72,y_2_2_3,dem_2_3,0.650687
SCEN72,y_2_3_3,dem_2_3,1.219003
SCEN73,y_1_1_1,dem_1_1,0.814407
SCEN73,y_1_2_1,dem_1_1,1.241198
SCEN73,y_1_3_1,dem_1_1,0.929784
SCEN73,y_2_1_1,dem_2_1,0.814407
SCEN73,y_2_2_1,dem_2_1,1.241198
SCEN73,y_2_3_1,dem_2_1,0.929784
SCEN73,y_1_1_2,dem_1_2,0.63289
SCEN73,y_1_2_2,dem_1_2,1.150856
SCEN73,y_1_3_2,dem_1_2,0.599484
SCEN73,y_2_1_2,dem_2_2,0.63289
SCEN73,y_2_2_2,dem_2_2,1.150856
SCEN73,y_2_3_2,dem_2_2,0.599484
SCEN73,y_1_1_3,dem_1_3,1.194807
SCEN73,y_1_2_3,dem_1_3,1.302887
SCEN73,y_1_3_3,dem_1_3,1.490067
SCEN73,y_2_1_3,dem_2_3,1.194807
SCEN73,y_2_2_3,dem_2_3,1.302887
SCEN73,y_2_3_3,dem_2_3,1.490067
SCEN74,y_1_1_1,dem_1_1,1.229935
SCEN74,y_1_2_1,dem_1_1,0.863866
SCEN74,y_1_3_1,dem_1_1,0.59612
SCEN74,y_2_1_1,dem_2_1,1.229935
SCEN74,y_2_2_1,dem_2_1,0.863866
SCEN74,y_2_3_1,dem_2_1,0.59612
SCEN74,y_1_1_2,dem_1_2,1.223753
SCEN74,y_1_2_2,dem_1_2,0.971942
SCEN74,y_1_3_2,dem_1_2,0.696432
SCEN74,y_2_1_2,dem_2_2,1.223753
SCEN74,y_2_2_2,dem_2_2,0.971942
SCEN74,y_2_3_2,dem_2_2,0.696432
SCEN74,y_1_1_3,dem_1_3,0.54384
SCEN74,y_1_2_3,dem_1_3,0.63525
SCEN74,y_1_3_3,dem_1_3,1.03324
SCEN74,y_2_1_3,dem_2_3,0.54384
SCEN74,y_2_2_3,dem_2_3,0.63525
SCEN74,y_2_3_3,dem_2_3,1.03324
SCEN75,y_1_1_1,dem_1_1,1.174001
SCEN75,y_1_2_1,dem_1_1,0.67322
SCEN75,y_1_3_1,dem_1_1,1.284802
SCEN75,y_2_1_1,dem_2_1,1.174001
SCEN75,y_2_2_1,dem_2_1,0.67322
SCEN75,y_2_3_1,dem_2_1,1.284802
SCEN75,y_1_1_2,dem_1_2,0.763801
SCEN75,y_1_2_2,dem_1_2,0.595596
SCEN75,y_1_3_2,dem_1_2,1.454714
SCEN75,y_2_1_2,dem_2_2,0.763801
SCEN75,y_2_2_2,dem_2_2,0.595596
SCEN75,y_2_3_2,dem_2_2,1.454714
SCEN75,y_1_1_3,dem_1_3,0.696322
SCEN75,y_1_2_3,dem_1_3,1.138336
SCEN75,y_1_3_3,dem_1_3,0.50689
SCEN75,y_2_1_3,dem_2_3,0.696322
SCEN75,y_2_2_3,dem_2_3,1.138336
SCEN75,y_2_3_3,dem_2_3,0.50689
SCEN76,y_1_1_1,dem_1_1,1.19765
SCEN76,y_1_2_1,dem_1_1,1.011604
SCEN76,y_1_3_1,dem_1_1,0.697322
SCEN76,y_2_1_1,dem_2_1,1.19765
SCEN76,y_2_2_1,dem_2_1,1.011604
SCEN76,y_2_3_1,dem_2_1,0.697322
SCEN76,y_1_1_2,dem_1_2,1.422751
SCEN76,y_1_2_2,dem_1_2,1.0096
SCEN76,y_1_3_2,dem_1_2,0.512743
SCEN76,y_2_1_2,dem_2_2,1.422751
SCEN76,y_2_2_2,dem_2_2,1.0096
SCEN76,y_2_3_2,dem_2_2,0.512743
SCEN76,y_1_1_3,dem_1_3,1.175546
SCEN76,y_1_2_3,dem_1_3,0.610868
SCEN76,y_1_3_3,dem_1_3,1.083294
SCEN76,y_2_1_3,dem_2_3,1.175546
SCEN76,y_2_2_3,dem_2_3,0.610868
SCEN76,y_2_3_3,dem_2_3,1.083294
SCEN77,y_1_1_1,dem_1_1,0.782384
SCEN77,y_1_2_1,dem_1_1,1.121315
SCEN77,y_1_3_1,dem_1_1,1.425335
SCEN77,y_2_1_1,dem_2_1,0.782384
SCEN77,y_2_2_1,dem_2_1,1.121315
SCEN77,y_2_3_1,dem_2_1,1.425335
SCEN77,y_1_1_2,dem_1_2,0.608087
SCEN77,y_1_2_2,dem_1_2,1.385045
SCEN77,y_1_3_2,dem_1_2,0.634276
SCEN77,y_2_1_2,dem_2_2,0.608087
SCEN77,y_2_2_2,dem_2_2,1.385045
SCEN77,y_2_3_2,dem_2_2,0.634276
SCEN77,y_1_1_3,dem_1_3,0.791738
SCEN77,y_1_2_3,dem_1_3,1.210083
SCEN77,y_1_3_3,dem_1_3,0.68217
SCEN77,y_2_1_3,dem_2_3,0.791738
SCEN77,y_2_2_3,dem_2_3,1.210083
SCEN77,y_2_3_3,dem_2_3,0.68217
SCEN78,y_1_1_1,dem_1_1,1.443854
SCEN78,y_1_2_1,dem_1_1,0.993507
SCEN78,y_1_3_1,dem_1_1,1.345122
SCEN78,y_2_1_1,dem_2_1,1.443854
SCEN78,y_2_2_1,dem_2_1,0.993507
SCEN78,y_2_3_1,dem_2_1,1.345122
SCEN78,y_1_1_2,dem_1_2,0.962453
SCEN78,y_1_2_2,dem_1_2,1.495049
SCEN78,y_1_3_2,dem_1_2,1.152706
SCEN78,y_2_1_2,dem_2_2,0.962453
SCEN78,y_2_2_2,dem_2_2,1.495049
SCEN78,y_2_3_2,dem_2_2,1.152706
SCEN78,y_1_1_3,dem_1_3,0.961391
SCEN78,y_1_2_3,dem_1_3,0.9025
SCEN78,y_1_3_3,dem_1_3,1.033398
SCEN78,y_2_1_3,dem_2_3,0.961391
SCEN78,y_2_2_3,dem_2_3,0.9025
SCEN78,y_2_3_3,dem_2_3,1.033398
SCEN79,y_1_1_1,dem_1_1,1.277554
SCEN79,y_1_2_1,dem_1_1,0.588441
SCEN79,y_1_3_1,dem_1_1,1.38281
SCEN79,y_2_1_1,dem_2_1,1.277554
SCEN79,y_2_2_1,dem_2_1,0.588441
SCEN79,y_2_3_1,dem_2_1,1.38281
SCEN79,y_1_1_2,dem_1_2,0.572652
SCEN79,y_1_2_2,dem_1_2,0.502671
SCEN79,y_1_3_2,dem_1_2,1.282423
SCEN79,y_2_1_2,dem_2_2,0.572652
SCEN79,y_2_2_2,dem_2_2,0.502671
SCEN79,y_2_3_2,dem_2_2,1.282423
SCEN79,y_1_1_3,dem_1_3,1.328172
SCEN79,y_1_2_3,dem_1_3,0.587122
SCEN79,y_1_3_3,dem_1_3,1.147882
SCEN79,y_2_1_3,dem_2_3,1.328172
SCEN79,y_2_2_3,dem_2_3,0.587122
SCEN79,y_2_3_3,dem_2_3,1.147882
SCEN80,y_1_1_1,dem_1_1,0.828473
SCEN80,y_1_2_1,dem_1_1,0.641642
SCEN80,y_1_3_1,dem_1_1,0.598866
SCEN80,y_2_1_1,dem_2_1,0.828473
SCEN80,y_2_2_1,dem_2_1,0.641642
SCEN80,y_2_3_1,dem_2_1,0.598866
SCEN80,y_1_1_2,dem_1_2,1.462778
SCEN80,y_1_2_2,dem_1_2,1.433508
SCEN80,y_1_3_2,dem_1_2,0.859188
SCEN80,y_2_1_2,dem_2_2,1.462778
SCEN80,y_2_2_2,dem_2_2,1.433508
SCEN80,y_2_3_2,dem_2_2,0.859188
SCEN80,y_1_1_3,dem_1_3,1.206259
SCEN80,y_1_2_3,dem_1_3,0.985903
SCEN80,y_1_3_3,dem_1_3,1.418829
SCEN80,y_2_1_3,dem_2_3,1.206259
SCEN80,y_2_2_3,dem_2_3,0.985903
SCEN80,y_2_3_3,dem_2_3,1.418829
SCEN81,y_1_1_1,dem_1_1,1.204741
SCEN81,y_1_2_1,dem_1_1,0.721938
SCEN81,y_1_3_1,dem_1_1,0.838765
SCEN81,y_2_1_1,dem_2_1,1.204741
SCEN81,y_2_2_1,dem_2_1,0.721938
SCEN81,y_2_3_1,dem_2_1,0.838765
SCEN81,y_1_1_2,dem_1_2,0.745696
SCEN81,y_1_2_2,dem_1_2,0.883384
SCEN81,y_1_3_2,dem_1_2,0.85003
SCEN81,y_2_1_2,dem_2_2,0.745696
SCEN81,y_2_2_2,dem_2_2,0.883384
SCEN81,y_2_3_2,dem_2_2,0.85003
SCEN81,y_1_1_3,dem_1_3,1.319377
SCEN81,y_1_2_3,dem_1_3,0.543527
SCEN81,y_1_3_3,dem_1_3,1.277353
SCEN81,y_2_1_3,dem_2_3,1.319377
SCEN81,y_2_2_3,dem_2_3,0.543527
SCEN81,y_2_3_3,dem_2_3,1.277353
SCEN82,y_1_1_1,dem_1_1,1.056882
SCEN82,y_1_2_1,dem_1_1,0.647088
SCEN82,y_1_3_1,dem_1_1,1.002192
SCEN82,y_2_1_1,dem_2_1,1.056882
SCEN82,y_2_2_1,dem_2_1,0.647088
SCEN82,y_2_3_1,dem_2_1,1.002192
SCEN82,y_1_1_2,dem_1_2,1.485881
SCEN82,y_1_2_2,dem_1_2,0.848159
SCEN82,y_1_3_2,dem_1_2,0.783295
SCEN82,y_2_1_2,dem_2_2,1.485881
SCEN82,y_2_2_2,dem_2_2,0.848159
SCEN82,y_2_3_2,dem_2_2,0.783295
SCEN82,y_1_1_3,dem_1_3,0.627966
SCEN82,y_1_2_3,dem_1_3,0.575685
SCEN82,y_1_3_3,dem_1_3,1.129648
SCEN82,y_2_1_3,dem_2_3,0.627966
SCEN82,y_2_2_3,dem_2_3,0.575685
SCEN82,y_2_3_3,dem_2_3,1.129648
SCEN83,y_1_1_1,dem_1_1,0.771245
SCEN83,y_1_2_1,dem_1_1,0.566783
SCEN83,y_1_3_1,dem_1_1,0.833574
SCEN83,y_2_1_1,dem_2_1,0.771245
SCEN83,y_2_2_1,dem_2_1,0.566783
SCEN83,y_2_3_1,dem_2_1,0.833574
SCEN83,y_1_1_2,dem_1_2,0.968014
SCEN83,y_1_2_2,dem_1_2,1.460138
SCEN83,y_1_3_2,dem_1_2,1.455855
SCEN83,y_2_1_2,dem_2_2,0.968014
SCEN83,y_2_2_2,dem_2_2,1.460138
SCEN83,y_2_3_2,dem_2_2,1.455855
SCEN83,y_1_1_3,dem_1_3,0.533246
SCEN83,y_1_2_3,dem_1_3,0.867397
SCEN83,y_1_3_3,dem_1_3,1.23352
SCEN83,y_2_1_3,dem_2_3,0.533246
SCEN83,y_2_2_3,dem_2_3,0.867397
SCEN83,y_2_3_3,dem_2_3,1.23352
SCEN84,y_1_1_1,dem_1_1,0.777267
SCEN84,y_1_2_1,dem_1_1,1.189849
SCEN84,y_1_3_1,dem_1_1,1.458824
SCEN84,y_2_1_1,dem_2_1,0.777267
SCEN84,y_2_2_1,dem_2_1,1.189849
SCEN84,y_2_3_1,dem_2_1,1.458824
SCEN84,y_1_1_2,dem_1_2,0.985574
SCEN84,y_1_2_2,dem_1_2,1.310364
SCEN84,y_1_3_2,dem_1_2,0.578269
SCEN84,y_2_1_2,dem_2_2,0.985574
SCEN84,y_2_2_2,dem_2_2,1.310364
SCEN84,y_2_3_2,dem_2_2,0.578269
SCEN84,y_1_1_3,dem_1_3,1.313837
SCEN84,y_1_2_3,dem_1_3,1.110372
SCEN84,y_1_3_3,dem_1_3,1.232035
SCEN84,y_2_1_3,dem_2_3,1.313837
SCEN84,y_2_2_3,dem_2_3,1.110372
SCEN84,y_2_3_3,dem_2_3,1.232035
SCEN85,y_1_1_1,dem_1_1,1.437187
SCEN85,y_1_2_1,dem_1_1,1.202958
SCEN85,y_1_3_1,dem_1_1,0.914223
SCEN85,y_2_1_1,dem_2_1,1.437187
SCEN85,y_2_2_1,dem_2_1,1.202958
SCEN85,y_2_3_1,dem_2_1,0.914223
SCEN85,y_1_1_2,dem_1_2,0.648614
SCEN85,y_1_2_2,dem_1_2,0.600265
SCEN85,y_1_3_2,dem_1_2,0.641858
SCEN85,y_2_1_2,dem_2_2,0.648614
SCEN85,y_2_2_2,dem_2_2,0.600265
SCEN85,y_2_3_2,dem_2_2,0.641858
SCEN85,y_1_1_3,dem_1_3,1.243903
SCEN85,y_1_2_3,dem_1_3,0.754638
SCEN85,y_1_3_3,dem_1_3,0.55419
SCEN85,y_2_1_3,dem_2_3,1.243903
SCEN85,y_2_2_3,dem_2_3,0.754638
SCEN85,y_2_3_3,dem_2_3,0.55419
SCEN86,y_1_1_1,dem_1_1,1.448784
SCEN86,y_1_2_1,dem_1_1,0.993878
SCEN86,y_1_3_1,dem_1_1,1.461609
SCEN86,y_2_1_1,dem_2_1,1.448784
SCEN86,y_2_2_1,dem_2_1,0.993878
SCEN86,y_2_3_1,dem_2_1,1.461609
SCEN86,y_1_1_2,dem_1_2,1.239792
SCEN86,y_1_2_2,dem_1_2,1.372352
SCEN86,y_1_3_2,dem_1_2,1.109756
SCEN86,y_2_1_2,dem_2_2,1.239792
SCEN86,y_2_2_2,dem_2_2,1.372352
SCEN86,y_2_3_2,dem_2_2,1.109756
SCEN86,y_1_1_3,dem_1_3,1.452672
SCEN86,y_1_2_3,dem_1_3,1.142926
SCEN86,y_1_3_3,dem_1_3,1.315069
SCEN86,y_2_1_3,dem_2_3,1.452672
SCEN86,y_2_2_3,dem_2_3,1.142926
SCEN86,y_2_3_3,dem_2_3,1.315069
SCEN87,y_1_1_1,dem_1_1,1.25153
SCEN87,y_1_2_1,dem_1_1,1.485711
SCEN87,y_1_3_1,dem_1_1,1.322188
SCEN87,y_2_1_1,dem_2_1,1.25153
SCEN87,y_2_2_1,dem_2_1,1.485711
SCEN87,y_2_3_1,dem_2_1,1.322188
SCEN87,y_1_1_2,dem_1_2,0.994188
SCEN87,y_1_2_2,dem_1_2,0.808665
SCEN87,y_1_3_2,dem_1_2,1.03294
SCEN87,y_2_1_2,dem_2_2,0.994188
SCEN87,y_2_2_2,dem_2_2,0.808665
SCEN87,y_2_3_2,dem_2_2,1.03294
SCEN87,y_1_1_3,dem_1_3,0.931192
SCEN87,y_1_2_3,dem_1_3,1.173029
SCEN87,y_1_3_3,dem_1_3,0.71506
SCEN87,y_2_1_3,dem_2_3,0.931192
SCEN87,y_2_2_3,dem_2_3,1.173029
SCEN87,y_2_3_3,dem_2_3,0.71506
SCEN88,y_1_1_1,dem_1_1,0.622652
SCEN88,y_1_2_1,dem_1_1,0.753137
SCEN88,y_1_3_1,dem_1_1,1.327917
SCEN88,y_2_1_1,dem_2_1,0.622652
SCEN88,y_2_2_1,dem_2_1,0.753137
SCEN88,y_2_3_1,dem_2_1,1.327917
SCEN88,y_1_1_2,dem_1_2,1.461568
SCEN88,y_1_2_2,dem_1_2,1.053741
SCEN88,y_1_3_2,dem_1_2,1.051689
SCEN88,y_2_1_2,dem_2_2,1.461568
SCEN88,y_2_2_2,dem_2_2,1.053741
SCEN88,y_2_3_2,dem_2_2,1.051689
SCEN88,y_1_1_3,dem_1_3,0.56697
SCEN88,y_1_2_3,dem_1_3,1.262169
SCEN88,y_1_3_3,dem_1_3,0.650221
SCEN88,y_2_1_3,dem_2_3,0.56697
SCEN88,y_2_2_3,dem_2_3,1.262169
SCEN88,y_2_3_3,dem_2_3,0.650221
SCEN89,y_1_1_1,dem_1_1,1.041294
SCEN89,y_1_2_1,dem_1_1,0.68658
SCEN89,y_1_3_1,dem_1_1,0.894666
SCEN89,y_2_1_1,dem_2_1,1.041294
SCEN89,y_2_2_1,dem_2_1,0.68658
SCEN89,y_2_3_1,dem_2_1,0.894666
SCEN89,y_1_1_2,dem_1_2,1.367282
SCEN89,y_1_2_2,dem_1_2,1.152509
SCEN89,y_1_3_2,dem_1_2,1.075769
SCEN89,y_2_1_2,dem_2_2,1.367282
SCEN89,y_2_2_2,dem_2_2,1.152509
SCEN89,y_2_3_2,dem_2_2,1.075769
SCEN89,y_1_1_3,dem_1_3,1.227508
SCEN89,y_1_2_3,dem_1_3,1.161333
SCEN89,y_1_3_3,dem_1_3,0.796179
SCEN89,y_2_1_3,dem_2_3,1.227508
SCEN89,y_2_2_3,dem_2_3,1.161333
SCEN89,y_2_3_3,dem_2_3,0.796179
SCEN90,y_1_1_1,dem_1_1,1.322112
SCEN90,y_1_2_1,dem_1_1,0.920064
SCEN90,y_1_3_1,dem_1_1,1.431364
SCEN90,y_2_1_1,dem_2_1,1.322112
SCEN90,y_2_2_1,dem_2_1,0.920064
SCEN90,y_2_3_1,dem_2_1,1.431364
SCEN90,y_1_1_2,dem_1_2,1.055815
SCEN90,y_1_2_2,dem_1_2,0.775493
SCEN90,y_1_3_2,dem_1_2,1.443332
SCEN90,y_2_1_2,dem_2_2,1.055815
SCEN90,y_2_2_2,dem_2_2,0.775493
SCEN90,y_2_3_2,dem_2_2,1.443332
SCEN90,y_1_1_3,dem_1_3,1.02972
SCEN90,y_1_2_3,dem_1_3,0.710621
SCEN90,y_1_3_3,dem_1_3,1.344571
SCEN90,y_2_1_3,dem_2_3,1.02972
SCEN90,y_2_2_3,dem_2_3,0.710621
SCEN90,y_2_3_3,dem_2_3,1.344571
SCEN91,y_1_1_1,dem_1_1,0.691864
SCEN91,y_1_2_1,dem_1_1,1.416027
SCEN91,y_1_3_1,dem_1_1,1.380334
SCEN91,y_2_1_1,dem_2_1,0.691864
SCEN91,y_2_2_1,dem_2_1,1.416027
SCEN91,y_2_3_1,dem_2_1,1.380334
SCEN91,y_1_1_2,dem_1_2,1.258582
SCEN91,y_1_2_2,dem_1_2,0.809985
SCEN91,y_1_3_2,dem_1_2,1.086891
SCEN91,y_2_1_2,dem_2_2,1.258582
SCEN91,y_2_2_2,dem_2_2,0.809985
SCEN91,y_2_3_2,dem_2_2,1.086891
SCEN91,y_1_1_3,dem_1_3,0.633193
SCEN91,y_1_2_3,dem_1_3,1.409843
SCEN91,y_1_3_3,dem_1_3,0.801684
SCEN91,y_2_1_3,dem_2_3,0.633193
SCEN91,y_2_2_3,dem_2_3,1.409843
SCEN91,y_2_3_3,dem_2_3,0.801684
SCEN92,y_1_1_1,dem_1_1,0.96066
SCEN92,y_1_2_1,dem_1_1,1.031524
SCEN92,y_1_3_1,dem_1_1,1.096178
SCEN92,y_2_1_1,dem_2_1,0.96066
SCEN92,y_2_2_1,dem_2_1,1.031524
SCEN92,y_2_3_1,dem_2_1,1.096178
SCEN92,y_1_1_2,dem_1_2,0.998597
SCEN92,y_1_2_2,dem_1_2,0.772374
SCEN92,y_1_3_2,dem_1_2,1.323237
SCEN92,y_2_1_2,dem_2_2,0.998597
SCEN92,y_2_2_2,dem_2_2,0.772374
SCEN92,y_2_3_2,dem_2_2,1.323237
SCEN92,y_1_1_3,dem_1_3,0.848662
SCEN92,y_1_2_3,dem_1_3,0.533817
SCEN92,y_1_3_3,dem_1_3,1.071358
SCEN92,y_2_1_3,dem_2_3,0.848662
SCEN92,y_2_2_3,dem_2_3,0.533817
SCEN92,y_2_3_3,dem_2_3,1.071358
SCEN93,y_1_1_1,dem_1_1,1.032575
SCEN93,y_1_2_1,dem_1_1,0.678798
SCEN93,y_1_3_1,dem_1_1,0.58471
SCEN93,y_2_1_1,dem_2_1,1.032575
SCEN93,y_2_2_1,dem_2_1,0.678798
SCEN93,y_2_3_1,dem_2_1,0.58471
SCEN93,y_1_1_2,dem_1_2,1.272934
SCEN93,y_1_2_2,dem_1_2,1.251713
SCEN93,y_1_3_2,dem_1_2,0.961604
SCEN93,y_2_1_2,dem_2_2,1.272934
SCEN93,y_2_2_2,dem_2_2,1.251713
SCEN93,y_2_3_2,dem_2_2,0.961604
SCEN93,y_1_1_3,dem_1_3,0.766317
SCEN93,y_1_2_3,dem_1_3,0.872574
SCEN93,y_1_3_3,dem_1_3,0.524815
SCEN93,y_2_1_3,dem_2_3,0.766317
SCEN93,y_2_2_3,dem_2_3,0.872574
SCEN93,y_2_3_3,dem_2_3,0.524815
SCEN94,y_1_1_1,dem_1_1,1.448543
SCEN94,y_1_2_1,dem_1_1,1.242678
SCEN94,y_1_3_1,dem_1_1,0.551768
SCEN94,y_2_1_1,dem_2_1,1.448543
SCEN94,y_2_2_1,dem_2_1,1.242678
SCEN94,y_2_3_1,dem_2_1,0.551768
SCEN94,y_1_1_2,dem_1_2,0.776722
SCEN94,y_1_2_2,dem_1_2,1.431486
SCEN94,y_1_3_2,dem_1_2,0.564445
SCEN94,y_2_1_2,dem_2_2,0.776722
SCEN94,y_2_2_2,dem_2_2,1.431486
SCEN94,y_2_3_2,dem_2_2,0.564445
SCEN94,y_1_1_3,dem_1_3,0.873759
SCEN94,y_1_2_3,dem_1_3,1.002689
SCEN94,y_1_3_3,dem_1_3,1.327766
SCEN94,y_2_1_3,dem_2_3,0.873759
SCEN94,y_2_2_3,dem_2_3,1.002689
SCEN94,y_2_3_3,dem_2_3,1.327766
SCEN95,y_1_1_1,dem_1_1,0.613871
SCEN95,y_1_2_1,dem_1_1,1.318235
SCEN95,y_1_3_1,dem_1_1,1.409235
SCEN95,y_2_1_1,dem_2_1,0.613871
SCEN95,y_2_2_1,dem_2_1,1.318235
SCEN95,y_2_3_1,dem_2_1,1.409235
SCEN95,y_1_1_2,dem_1_2,1.137282
SCEN95,y_1_2_2,dem_1_2,1.237724
SCEN95,y_1_3_2,dem_1_2,1.303339
SCEN95,y_2_1_2,dem_2_2,1.137282
SCEN95,y_2_2_2,dem_2_2,1.237724
SCEN95,y_2_3_2,dem_2_2,1.303339
SCEN95,y_1_1_3,dem_1_3,1.219736
SCEN95,y_1_2_3,dem_1_3,0.794132
SCEN95,y_1_3_3,dem_1_3,0.5939
SCEN95,y_2_1_3,dem_2_3,1.219736
SCEN95,y_2_2_3,dem_2_3,0.794132
SCEN95,y_2_3_3,dem_2_3,0.5939
SCEN96,y_1_1_1,dem_1_1,1.17753
SCEN96,y_1_2_1,dem_1_1,0.519732
SCEN96,y_1_3_1,dem_1_1,1.174823
SCEN96,y_2_1_1,dem_2_1,1.17753
SCEN96,y_2_2_1,dem_2_1,0.519732
SCEN96,y_2_3_1,dem_2_1,1.174823
SCEN96,y_1_1_2,dem_1_2,0.762248
SCEN96,y_1_2_2,dem_1_2,1.191905
SCEN96,y_1_3_2,dem_1_2,1.485017
SCEN96,y_2_1_2,dem_2_2,0.762248
SCEN96,y_2_2_2,dem_2_2,1.191905
SCEN96,y_2_3_2,dem_2_2,1.485017
SCEN96,y_1_1_3,dem_1_3,0.852648
SCEN96,y_1_2_3,dem_1_3,0.563281
SCEN96,y_1_3_3,dem_1_3,1.14698
SCEN96,y_2_1_3,dem_2_3,0.852648
SCEN96,y_2_2_3,dem_2_3,0.563281
SCEN96,y_2_3_3,dem_2_3,1.14698
SCEN97,y_1_1_1,dem_1_1,0.547475
SCEN97,y_1_2_1,dem_1_1,0.964011
SCEN97,y_1_3_1,dem_1_1,0.864936
SCEN97,y_2_1_1,dem_2_1,0.547475
SCEN97,y_2_2_1,dem_2_1,0.964011
SCEN97,y_2_3_1,dem_2_1,0.864936
SCEN97,y_1_1_2,dem_1_2,1.460026
SCEN97,y_1_2_2,dem_1_2,1.452014
SCEN97,y_1_3_2,dem_1_2,1.270656
SCEN97,y_2_1_2,dem_2_2,1.460026
SCEN97,y_2_2_2,dem_2_2,1.452014
SCEN97,y_2_3_2,dem_2_2,1.270656
SCEN97,y_1_1_3,dem_1_3,1.187654
SCEN97,y_1_2_3,dem_1_3,1.136035
SCEN97,y_1_3_3,dem_1_3,0.858185
SCEN97,y_2_1_3,dem_2_3,1.187654
SCEN97,y_2_2_3,dem_2_3,1.136035
SCEN97,y_2_3_3,dem_2_3,0.858185
SCEN98,y_1_1_1,dem_1_1,1.174353
SCEN98,y_1_2_1,dem_1_1,0.786837
SCEN98,y_1_3_1,dem_1_1,1.331069
SCEN98,y_2_1_1,dem_2_1,1.174353
SCEN98,y_2_2_1,dem_2_1,0.786837
SCEN98,y_2_3_1,dem_2_1,1.331069
SCEN98,y_1_1_2,dem_1_2,0.896913
SCEN98,y_1_2_2,dem_1_2,1.184794
SCEN98,y_1_3_2,dem_1_2,0.816277
SCEN98,y_2_1_2,dem_2_2,0.896913
SCEN98,y_2_2_2,dem_2_2,1.184794
SCEN98,y_2_3_2,dem_2_2,0.816277
SCEN98,y_1_1_3,dem_1_3,1.243159
SCEN98,y_1_2_3,dem_1_3,0.526909
SCEN98,y_1_3_3,dem_1_3,1.428217
SCEN98,y_2_1_3,dem_2_3,1.243159
SCEN98,y_2_2_3,dem_2_3,0.526909
SCEN98,y_2_3_3,dem_2_3,1.428217
SCEN99,y_1_1_1,dem_1_1,1.210593
SCEN99,y_1_2_1,dem_1_1,1.43196
SCEN99,y_1_3_1,dem_1_1,1.014862
SCEN99,y_2_1_1,dem_2_1,1.210593
SCEN99,y_2_2_1,dem_2_1,1.43196
SCEN99,y_2_3_1,dem_2_1,1.014862
SCEN99,y_1_1_2,dem_1_2,0.895408
SCEN99,y_1_2_2,dem_1_2,1.177877
SCEN99,y_1_3_2,dem_1_2,0.518409
SCEN99,y_2_1_2,dem_2_2,0.895408
SCEN99,y_2_2_2,dem_2_2,1.177877
SCEN99,y_2_3_2,dem_2_2,0.518409
SCEN99,y_1_1_3,dem_1_3,0.535335
SCEN99,y_1_2_3,dem_1_3,1.414304
SCEN99,y_1_3_3,dem_1_3,1.476578
SCEN99,y_2_1_3,dem_2_3,0.535335
SCEN99,y_2_2_3,dem_2_3,1.414304
SCEN99,y_2_3_3,dem_2_3,1.476578
SCEN100,y_1_1_1,dem_1_1,0.547264
SCEN100,y_1_2_1,dem_1_1,1.144337
SCEN100,y_1_3_1,dem_1_1,1.422046
SCEN100,y_2_1_1,dem_2_1,0.547264
SCEN100,y_2_2_1,dem_2_1,1.144337
SCEN100,y_2_3_1,dem_2_1,1.422046
SCEN100,y_1_1_2,dem_1_2,1.219003
SCEN100,y_1_2_2,dem_1_2,1.294324
SCEN100,y_1_3_2,dem_1_2,1.114423
SCEN100,y_2_1_2,dem_2_2,1.219003
SCEN100,y_2_2_2,dem_2_2,1.294324
SCEN100,y_2_3_2,dem_2_2,1.114423
SCEN100,y_1_1_3,dem_1_3,1.175933
SCEN100,y_1_2_3,dem_1_3,0.847403
SCEN100,y_1_3_3,dem_1_3,0.882948
SCEN100,y_2_1_3,dem_2_3,1.175933
SCEN100,y_2_2_3,dem_2_3,0.847403
SCEN100,y_2_3_3,dem_2_3,0.882948
SCEN101,y_1_1_1,dem_1_1,0.994298
SCEN101,y_1_2_1,dem_1_1,1.294886
SCEN101,y_1_3_1,dem_1_1,0.582808
SCEN101,y_2_1_1,dem_2_1,0.994298
SCEN101,y_2_2_1,dem_2_1,1.294886
SCEN101,y_2_3_1,dem_2_1,0.582808
SCEN101,y_1_1_2,dem_1_2,1.498362
SCEN101,y_1_2_2,dem_1_2,1.325101
SCEN101,y_1_3_2,dem_1_2,1.288585
SCEN101,y_2_1_2,dem_2_2,1.498362
SCEN101,y_2_2_2,dem_2_2,1.325101
SCEN101,y_2_3_2,dem_2_2,1.288585
SCEN101,y_1_1_3,dem_1_3,1.448402
SCEN101,y_1_2_3,dem_1_3,1.00922
SCEN101,y_1_3_3,dem_1_3,0.806473
SCEN101,y_2_1_3,dem_2_3,1.448402
SCEN101,y_2_2_3,dem_2_3,1.00922
SCEN101,y_2_3_3,dem_2_3,0.806473
SCEN102,y_1_1_1,dem_1_1,0.779668
SCEN102,y_1_2_1,dem_1_1,1.452868
SCEN102,y_1_3_1,dem_1_1,0.728568
SCEN102,y_2_1_1,dem_2_1,0.779668
SCEN102,y_2_2_1,dem_2_1,1.452868
SCEN102,y_2_3_1,dem_2_1,0.728568
SCEN102,y_1_1_2,dem_1_2,1.410213
SCEN102,y_1_2_2,dem_1_2,0.948896
SCEN102,y_1_3_2,dem_1_2,1.295689
SCEN102,y_2_1_2,dem_2_2,1.410213
SCEN102,y_2_2_2,dem_2_2,0.948896
SCEN102,y_2_3_2,dem_2_2,1.295689
SCEN102,y_1_1_3,dem_1_3,0.809148
SCEN102,y_1_2_3,dem_1_3,1.054827
SCEN102,y_1_3_3,dem_1_3,1.244365
SCEN102,y_2_1_3,dem_2_3,0.809148
SCEN102,y_2_2_3,dem_2_3,1.054827
SCEN102,y_2_3_3,dem_2_3,1.244365
SCEN103,y_1_1_1,dem_1_1,1.364489
SCEN103,y_1_2_1,dem_1_1,1.380534
SCEN103,y_1_3_1,dem_1_1,0.708283
SCEN103,y_2_1_1,dem_2_1,1.364489
SCEN103,y_2_2_1,dem_2_1,1.380534
SCEN103,y_2_3_1,dem_2_1,0.708283
SCEN103,y_1_1_2,dem_1_2,1.406001
SCEN103,y_1_2_2,dem_1_2,1.15508
SCEN103,y_1_3_2,dem_1_2,1.189297
SCEN103,y_2_1_2,dem_2_2,1.406001
SCEN103,y_2_2_2,dem_2_2,1.15508
SCEN103,y_2_3_2,dem_2_2,1.189297
SCEN103,y_1_1_3,dem_1_3,1.389233
SCEN103,y_1_2_3,dem_1_3,0.573551
SCEN103,y_1_3_3,dem_1_3,0.731116
SCEN103,y_2_1_3,dem_2_3,1.389233
SCEN103,y_2_2_3,dem_2_3,0.573551
SCEN103,y_2_3_3,dem_2_3,0.731116
SCEN104,y_1_1_1,dem_1_1,1.271413
SCEN104,y_1_2_1,dem_1_1,0.763039
SCEN104,y_1_3_1,dem_1_1,0.532055
SCEN104,y_2_1_1,dem_2_1,1.271413
SCEN104,y_2_2_1,dem_2_1,0.763039
SCEN104,y_2_3_1,dem_2_1,0.532055
SCEN104,y_1_1_2,dem_1_2,1.087855
SCEN104,y_1_2_2,dem_1_2,0.870715
SCEN104,y_1_3_2,dem_1_2,0.565435
SCEN104,y_2_1_2,dem_2_2,1.087855
SCEN104,y_2_2_2,dem_2_2,0.870715
SCEN104,y_2_3_2,dem_2_2,0.565435
SCEN104,y_1_1_3,dem_1_3,0.67462
SCEN104,y_1_2_3,dem_1_3,0.885497
SCEN104,y_1_3_3,dem_1_3,0.717349
SCEN104,y_2_1_3,dem_2_3,0.67462
SCEN104,y_2_2_3,dem_2_3,0.885497
SCEN104,y_2_3_3,dem_2_3,0.717349
SCEN105,y_1_1_1,dem_1_1,1.353848
SCEN105,y_1_2_1,dem_1_1,0.639789
SCEN105,y_1_3_1,dem_1_1,0.808466
SCEN105,y_2_1_1,dem_2_1,1.353848
SCEN105,y_2_2_1,dem_2_1,0.639789
SCEN105,y_2_3_1,dem_2_1,0.808466
SCEN105,y_1_1_2,dem_1_2,0.857824
SCEN105,y_1_2_2,dem_1_2,1.298821
SCEN105,y_1_3_2,dem_1_2,1.119956
SCEN105,y_2_1_2,dem_2_2,0.857824
SCEN105,y_2_2_2,dem_2_2,1.298821
SCEN105,y_2_3_2,dem_2_2,1.119956
SCEN105,y_1_1_3,dem_1_3,0.584056
SCEN105,y_1_2_3,dem_1_3,0.835724
SCEN105,y_1_3_3,dem_1_3,1.167916
SCEN105,y_2_1_3,dem_2_3,0.584056
SCEN105,y_2_2_3,dem_2_3,0.835724
SCEN105,y_2_3_3,dem_2_3,1.167916
SCEN106,y_1_1_1,dem_1_1,0.574037
SCEN106,y_1_2_1,dem_1_1,1.253211
SCEN106,y_1_3_1,dem_1_1,1.474162
SCEN106,y_2_1_1,dem_2_1,0.574037
SCEN106,y_2_2_1,dem_2_1,1.253211
SCEN106,y_2_3_1,dem_2_1,1.474162
SCEN106,y_1_1_2,dem_1_2,1.028924
SCEN106,y_1_2_2,dem_1_2,1.377648
SCEN106,y_1_3_2,dem_1_2,1.378074
SCEN106,y_2_1_2,dem_2_2,1.028924
SCEN106,y_2_2_2,dem_2_2,1.377648
SCEN106,y_2_3_2,dem_2_2,1.378074
SCEN106,y_1_1_3,dem_1_3,0.948892
SCEN106,y_1_2_3,dem_1_3,1.239365
SCEN106,y_1_3_3,dem_1_3,1.454499
SCEN106,y_2_1_3,dem_2_3,0.948892
SCEN106,y_2_2_3,dem_2_3,1.239365
SCEN106,y_2_3_3,dem_2_3,1.454499
SCEN107,y_1_1_1,dem_1_1,1.355429
SCEN107,y_1_2_1,dem_1_1,0.755054
SCEN107,y_1_3_1,dem_1_1,1.278431
SCEN107,y_2_1_1,dem_2_1,1.355429
SCEN107,y_2_2_1,dem_2_1,0.755054
SCEN107,y_2_3_1,dem_2_1,1.278431
SCEN107,y_1_1_2,dem_1_2,1.173961
SCEN107,y_1_2_2,dem_1_2,1.450905
SCEN107,y_1_3_2,dem_1_2,1.026017
SCEN107,y_2_1_2,dem_2_2,1.173961
SCEN107,y_2_2_2,dem_2_2,1.450905
SCEN107,y_2_3_2,dem_2_2,1.026017
SCEN107,y_1_1_3,dem_1_3,0.952329
SCEN107,y_1_2_3,dem_1_3,1.391789
SCEN107,y_1_3_3,dem_1_3,1.124835
SCEN107,y_2_1_3,dem_2_3,0.952329
SCEN107,y_2_2_3,dem_2_3,1.391789
SCEN107,y_2_3_3,dem_2_3,1.124835
SCEN108,y_1_1_1,dem_1_1,0.936913
SCEN108,y_1_2_1,dem_1_1,1.204012
SCEN108,y_1_3_1,dem_1_1,1.126216
SCEN108,y_2_1_1,dem_2_1,0.936913
SCEN108,y_2_2_1,dem_2_1,1.204012
SCEN108,y_2_3_1,dem_2_1,1.126216
SCEN108,y_1_1_2,dem_1_2,1.283924
SCEN108,y_1_2_2,dem_1_2,0.648824
SCEN108,y_1_3_2,dem_1_2,0.84605
SCEN108,y_2_1_2,dem_2_2,1.283924
SCEN108,y_2_2_2,dem_2_2,0.648824
SCEN108,y_2_3_2,dem_2_2,0.84605
SCEN108,y_1_1_3,dem_1_3,0.878024
SCEN108,y_1_2_3,dem_1_3,1.034949
SCEN108,y_1_3_3,dem_1_3,0.908294
SCEN108,y_2_1_3,dem_2_3,0.878024
SCEN108,y_2_2_3,dem_2_3,1.034949
SCEN108,y_2_3_3,dem_2_3,0.908294
SCEN109,y_1_1_1,dem_1_1,0.73786
SCEN109,y_1_2_1,dem_1_1,0.848208
SCEN109,y_1_3_1,dem_1_1,0.590755
SCEN109,y_2_1_1,dem_2_1,0.73786
SCEN109,y_2_2_1,dem_2_1,0.848208
SCEN109,y_2_3_1,dem_2_1,0.590755
SCEN109,y_1_1_2,dem_1_2,1.289729
SCEN109,y_1_2_2,dem_1_2,1.373362
SCEN109,y_1_3_2,dem_1_2,0.676582
SCEN109,y_2_1_2,dem_2_2,1.289729
SCEN109,y_2_2_2,dem_2_2,1.373362
SCEN109,y_2_3_2,dem_2_2,0.676582
SCEN109,y_1_1_3,dem_1_3,1.098321
SCEN109,y_1_2_3,dem_1_3,1.021999
SCEN109,y_1_3_3,dem_1_3,1.26239
SCEN109,y_2_1_3,dem_2_3,1.098321
SCEN109,y_2_2_3,dem_2_3,1.021999
SCEN109,y_2_3_3,dem_2_3,1.26239
SCEN110,y_1_1_1,dem_1_1,1.257744
SCEN110,y_1_2_1,dem_1_1,0.83401
SCEN110,y_1_3_1,dem_1_1,1.315175
SCEN110,y_2_1_1,dem_2_1,1.257744
SCEN110,y_2_2_1,dem_2_1,0.83401
SCEN110,y_2_3_1,dem_2_1,1.315175
SCEN110,y_1_1_2,dem_1_2,1.485743
SCEN110,y_1_2_2,dem_1_2,0.578008
SCEN110,y_1_3_2,dem_1_2,1.285646
SCEN110,y_2_1_2,dem_2_2,1.485743
SCEN110,y_2_2_2,dem_2_2,0.578008
SCEN110,y_2_3_2,dem_2_2,1.285646
SCEN110,y_1_1_3,dem_1_3,1.043929
SCEN110,y_1_2_3,dem_1_3,0.932088
SCEN110,y_1_3_3,dem_1_3,0.830058
SCEN110,y_2_1_3,dem_2_3,1.043929
SCEN110,y_2_2_3,dem_2_3,0.932088
SCEN110,y_2_3_3,dem_2_3,0.830058
SCEN111,y_1_1_1,dem_1_1,0.557958
SCEN111,y_1_2_1,dem_1_1,0.502286
SCEN111,y_1_3_1,dem_1_1,0.833825
SCEN111,y_2_1_1,dem_2_1,0.557958
SCEN111,y_2_2_1,dem_2_1,0.502286
SCEN111,y_2_3_1,dem_2_1,0.833825
SCEN111,y_1_1_2,dem_1_2,1.276647
SCEN111,y_1_2_2,dem_1_2,1.047155
SCEN111,y_1_3_2,dem_1_2,1.395086
SCEN111,y_2_1_2,dem_2_2,1.276647
SCEN111,y_2_2_2,dem_2_2,1.047155
SCEN111,y_2_3_2,dem_2_2,1.395086
SCEN111,y_1_1_3,dem_1_3,1.490474
SCEN111,y_1_2_3,dem_1_3,0.812429
SCEN111,y_1_3_3,dem_1_3,0.746991
SCEN111,y_2_1_3,dem_2_3,1.490474
SCEN111,y_2_2_3,dem_2_3,0.812429
SCEN111,y_2_3_3,dem_2_3,0.746991
SCEN112,y_1_1_1,dem_1_1,1.182836
SCEN112,y_1_2_1,dem_1_1,0.84756
SCEN112,y_1_3_1,dem_1_1,0.579669
SCEN112,y_2_1_1,dem_2_1,1.182836
SCEN112,y_2_2_1,dem_2_1,0.84756
SCEN112,y_2_3_1,dem_2_1,0.579669
SCEN112,y_1_1_2,dem_1_2,1.015918
SCEN112,y_1_2_2,dem_1_2,1.238047
SCEN112,y_1_3_2,dem_1_2,1.201618
SCEN112,y_2_1_2,dem_2_2,1.015918
SCEN112,y_2_2_2,dem_2_2,1.238047
SCEN112,y_2_3_2,dem_2_2,1.201618
SCEN112,y_1_1_3,dem_1_3,0.647082
SCEN112,y_1_2_3,dem_1_3,0.751642
SCEN112,y_1_3_3,dem_1_3,0.998257
SCEN112,y_2_1_3,dem_2_3,0.647082
SCEN112,y_2_2_3,dem_2_3,0.751642
SCEN112,y_2_3_3,dem_2_3,0.998257
SCEN113,y_1_1_1,dem_1_1,0.669327
SCEN113,y_1_2_1,dem_1_1,0.547713
SCEN113,y_1_3_1,dem_1_1,1.216872
SCEN113,y_2_1_1,dem_2_1,0.669327
SCEN113,y_2_2_1,dem_2_1,0.547713
SCEN113,y_2_3_1,dem_2_1,1.216872
SCEN113,y_1_1_2,dem_1_2,1.396947
SCEN113,y_1_2_2,dem_1_2,0.749244
SCEN113,y_1_3_2,dem_1_2,1.324969
SCEN113,y_2_1_2,dem_2_2,1.396947
SCEN113,y_2_2_2,dem_2_2,0.749244
SCEN113,y_2_3_2,dem_2_2,1.324969
SCEN113,y_1_1_3,dem_1_3,1.291428
SCEN113,y_1_2_3,dem_1_3,0.516559
SCEN113,y_1_3_3,dem_1_3,0.885866
SCEN113,y_2_1_3,dem_2_3,1.291428
SCEN113,y_2_2_3,dem_2_3,0.516559
SCEN113,y_2_3_3,dem_2_3,0.885866
SCEN114,y_1_1_1,dem_1_1,1.106803
SCEN114,y_1_2_1,dem_1_1,0.642394
SCEN114,y_1_3_1,dem_1_1,0.631032
SCEN114,y_2_1_1,dem_2_1,1.106803
SCEN114,y_2_2_1,dem_2_1,0.642394
SCEN114,y_2_3_1,dem_2_1,0.631032
SCEN114,y_1_1_2,dem_1_2,1.045164
SCEN114,y_1_2_2,dem_1_2,0.770586
SCEN114,y_1_3_2,dem_1_2,0.554687
SCEN114,y_2_1_2,dem_2_2,1.045164
SCEN114,y_2_2_2,dem_2_2,0.770586
SCEN114,y_2_3_2,dem_2_2,0.554687
SCEN114,y_1_1_3,dem_1_3,0.542347
SCEN114,y_1_2_3,dem_1_3,0.810437
SCEN114,y_1_3_3,dem_1_3,0.655355
SCEN114,y_2_1_3,dem_2_3,0.542347
SCEN114,y_2_2_3,dem_2_3,0.810437
SCEN114,y_2_3_3,dem_2_3,0.655355
SCEN115,y_1_1_1,dem_1_1,1.491986
SCEN115,y_1_2_1,dem_1_1,1.000854
SCEN115,y_1_3_1,dem_1_1,0.545959
SCEN115,y_2_1_1,dem_2_1,1.491986
SCEN115,y_2_2_1,dem_2_1,1.000854
SCEN115,y_2_3_1,dem_2_1,0.545959
SCEN115,y_1_1_2,dem_1_2,1.133092
SCEN115,y_1_2_2,dem_1_2,0.944576
SCEN115,y_1_3_2,dem_1_2,1.314402
SCEN115,y_2_1_2,dem_2_2,1.133092
SCEN115,y_2_2_2,dem_2_2,0.944576
SCEN115,y_2_3_2,dem_2_2,1.314402
SCEN115,y_1_1_3,dem_1_3,0.633543
SCEN115,y_1_2_3,dem_1_3,0.599371
SCEN115,y_1_3_3,dem_1_3,0.648781
SCEN115,y_2_1_3,dem_2_3,0.633543
SCEN115,y_2_2_3,dem_2_3,0.599371
SCEN115,y_2_3_3,dem_2_3,0.648781
SCEN116,y_1_1_1,dem_1_1,0.659599
SCEN116,y_1_2_1,dem_1_1,1.234324
SCEN116,y_1_3_1,dem_1_1,0.984957
SCEN116,y_2_1_1,dem_2_1,0.659599
SCEN116,y_2_2_1,dem_2_1,1.234324
SCEN116,y_2_3_1,dem_2_1,0.984957
SCEN116,y_1_1_2,dem_1_2,1.472153
SCEN116,y_1_2_2,dem_1_2,0.608521
SCEN116,y_1_3_2,dem_1_2,0.500491
SCEN116,y_2_1_2,dem_2_2,1.472153
SCEN116,y_2_2_2,dem_2_2,0.608521
SCEN116,y_2_3_2,dem_2_2,0.500491
SCEN116,y_1_1_3,dem_1_3,0.755734
SCEN116,y_1_2_3,dem_1_3,1.246162
SCEN116,y_1_3_3,dem_1_3,1.284533
SCEN116,y_2_1_3,dem_2_3,0.755734
SCEN116,y_2_2_3,dem_2_3,1.246162
SCEN116,y_2_3_3,dem_2_3,1.284533
SCEN117,y_1_1_1,dem_1_1,0.502282
SCEN117,y_1_2_1,dem_1_1,1.043361
SCEN117,y_1_3_1,dem_1_1,0.879397
SCEN117,y_2_1_1,dem_2_1,0.502282
SCEN117,y_2_2_1,dem_2_1,1.043361
SCEN117,y_2_3_1,dem_2_1,0.879397
SCEN117,y_1_1_2,dem_1_2,1.274089
SCEN117,y_1_2_2,dem_1_2,0.922949
SCEN117,y_1_3_2,dem_1_2,1.205276
SCEN117,y_2_1_2,dem_2_2,1.274089
SCEN117,y_2_2_2,dem_2_2,0.922949
SCEN117,y_2_3_2,dem_2_2,1.205276
SCEN117,y_1_1_3,dem_1_3,1.028362
SCEN117,y_1_2_3,dem_1_3,1.466706
SCEN117,y_1_3_3,dem_1_3,0.682574
SCEN117,y_2_1_3,dem_2_3,1.028362
SCEN117,y_2_2_3,dem_2_3,1.466706
SCEN117,y_2_3_3,dem_2_3,0.682574
SCEN118,y_1_1_1,dem_1_1,0.656003
SCEN118,y_1_2_1,dem_1_1,1.067212
SCEN118,y_1_3_1,dem_1_1,1.389957
SCEN118,y_2_1_1,dem_2_1,0.656003
SCEN118,y_2_2_1,dem_2_1,1.067212
SCEN118,y_2_3_1,dem_2_1,1.389957
SCEN118,y_1_1_2,dem_1_2,0.530769
SCEN118,y_1_2_2,dem_1_2,0.651218
SCEN118,y_1_3_2,dem_1_2,0.890932
SCEN118,y_2_1_2,dem_2_2,0.530769
SCEN118,y_2_2_2,dem_2_2,0.651218
SCEN118,y_2_3_2,dem_2_2,0.890932
SCEN118,y_1_1_3,dem_1_3,1.053432
SCEN118,y_1_2_3,dem_1_3,1.343827
SCEN118,y_1_3_3,dem_1_3,0.552248
SCEN118,y_2_1_3,dem_2_3,1.053432
SCEN118,y_2_2_3,dem_2_3,1.343827
SCEN118,y_2_3_3,dem_2_3,0.552248
SCEN119,y_1_1_1,dem_1_1,0.901181
SCEN119,y_1_2_1,dem_1_1,1.378867
SCEN119,y_1_3_1,dem_1_1,0.637521
SCEN119,y_2_1_1,dem_2_1,0.901181
SCEN119,y_2_2_1,dem_2_1,1.378867
SCEN119,y_2_3_1,dem_2_1,0.637521
SCEN119,y_1_1_2,dem_1_2,0.773813
SCEN119,y_1_2_2,dem_1_2,0.956415
SCEN119,y_1_3_2,dem_1_2,1.160273
SCEN119,y_2_1_2,dem_2_2,0.773813
SCEN119,y_2_2_2,dem_2_2,0.956415
SCEN119,y_2_3_2,dem_2_2,1.160273
SCEN119,y_1_1_3,dem_1_3,1.232734
SCEN119,y_1_2_3,dem_1_3,0.864701
SCEN119,y_1_3_3,dem_1_3,0.585291
SCEN119,y_2_1_3,dem_2_3,1.232734
SCEN119,y_2_2_3,dem_2_3,0.864701
SCEN119,y_2_3_3,dem_2_3,0.585291
SCEN120,y_1_1_1,dem_1_1,0.915491
SCEN120,y_1_2_1,dem_1_1,1.30212
SCEN120,y_1_3_1,dem_1_1,0.776492
SCEN120,y_2_1_1,dem_2_1,0.915491
SCEN120,y_2_2_1,dem_2_1,1.30212
SCEN120,y_2_3_1,dem_2_1,0.776492
SCEN120,y_1_1_2,dem_1_2,0.750951
SCEN120,y_1_2_2,dem_1_2,1.128678
SCEN120,y_1_3_2,dem_1_2,0.536026
SCEN120,y_2_1_2,dem_2_2,0.750951
SCEN120,y_2_2_2,dem_2_2,1.128678
SCEN120,y_2_3_2,dem_2_2,0.536026
SCEN120,y_1_1_3,dem_1_3,1.317309
SCEN120,y_1_2_3,dem_1_3,0.997738
SCEN120,y_1_3_3,dem_1_3,0.561772
SCEN120,y_2_1_3,dem_2_3,1.317309
SCEN120,y_2_2_3,dem_2_3,0.997738
SCEN120,y_2_3_3,dem_2_3,0.561772
SCEN121,y_1_1_1,dem_1_1,0.689551
SCEN121,y_1_2_1,dem_1_1,0.651425
SCEN121,y_1_3_1,dem_1_1,1.034486
SCEN121,y_2_1_1,dem_2_1,0.689551
SCEN121,y_2_2_1,dem_2_1,0.651425
SCEN121,y_2_3_1,dem_2_1,1.034486
SCEN121,y_1_1_2,dem_1_2,1.15557
SCEN121,y_1_2_2,dem_1_2,1.434322
SCEN121,y_1_3_2,dem_1_2,0.519208
SCEN121,y_2_1_2,dem_2_2,1.15557
SCEN121,y_2_2_2,dem_2_2,1.434322
SCEN121,y_2_3_2,dem_2_2,0.519208
SCEN121,y_1_1_3,dem_1_3,0.8155
SCEN121,y_1_2_3,dem_1_3,0.824069
SCEN121,y_1_3_3,dem_1_3,1.279469
SCEN121,y_2_1_3,dem_2_3,0.8155
SCEN121,y_2_2_3,dem_2_3,0.824069
SCEN121,y_2_3_3,dem_2_3,1.279469
SCEN122,y_1_1_1,dem_1_1,1.315832
SCEN122,y_1_2_1,dem_1_1,0.933495
SCEN122,y_1_3_1,dem_1_1,0.664253
SCEN122,y_2_1_1,dem_2_1,1.315832
SCEN122,y_2_2_1,dem_2_1,0.933495
SCEN122,y_2_3_1,dem_2_1,0.664253
SCEN122,y_1_1_2,dem_1_2,0.540521
SCEN122,y_1_2_2,dem_1_2,1.162723
SCEN122,y_1_3_2,dem_1_2,0.712747
SCEN122,y_2_1_2,dem_2_2,0.540521
SCEN122,y_2_2_2,dem_2_2,1.162723
SCEN122,y_2_3_2,dem_2_2,0.712747
SCEN122,y_1_1_3,dem_1_3,1.003992
SCEN122,y_1_2_3,dem_1_3,0.64115
SCEN122,y_1_3_3,dem_1_3,1.271187
SCEN122,y_2_1_3,dem_2_3,1.003992
SCEN122,y_2_2_3,dem_2_3,0.64115
SCEN122,y_2_3_3,dem_2_3,1.271187
SCEN123,y_1_1_1,dem_1_1,0.507125
SCEN123,y_1_2_1,dem_1_1,0.716588
SCEN123,y_1_3_1,dem_1_1,1.15145
SCEN123,y_2_1_1,dem_2_1,0.507125
SCEN123,y_2_2_1,dem_2_1,0.716588
SCEN123,y_2_3_1,dem_2_1,1.15145
SCEN123,y_1_1_2,dem_1_2,0.508548
SCEN123,y_1_2_2,dem_1_2,0.821804
SCEN123,y_1_3_2,dem_1_2,1.034119
SCEN123,y_2_1_2,dem_2_2,0.508548
SCEN123,y_2_2_2,dem_2_2,0.821804
SCEN123,y_2_3_2,dem_2_2,1.034119
SCEN123,y_1_1_3,dem_1_3,0.718619
SCEN123,y_1_2_3,dem_1_3,0.960129
SCEN123,y_1_3_3,dem_1_3,1.485024
SCEN123,y_2_1_3,dem_2_3,0.718619
SCEN123,y_2_2_3,dem_2_3,0.960129
SCEN123,y_2_3_3,dem_2_3,1.485024
SCEN124,y_1_1_1,dem_1_1,1.443238
SCEN124,y_1_2_1,dem_1_1,1.403071
SCEN124,y_1_3_1,dem_1_1,0.639492
SCEN124,y_2_1_1,dem_2_1,1.443238
SCEN124,y_2_2_1,dem_2_1,1.403071
SCEN124,y_2_3_1,dem_2_1,0.639492
SCEN124,y_1_1_2,dem_1_2,1.10351
SCEN124,y_1_2_2,dem_1_2,1.286531
SCEN124,y_1_3_2,dem_1_2,0.942199
SCEN124,y_2_1_2,dem_2_2,1.10351
SCEN124,y_2_2_2,dem_2_2,1.286531
SCEN124,y_2_3_2,dem_2_2,0.942199
SCEN124,y_1_1_3,dem_1_3,1.466056
SCEN124,y_1_2_3,dem_1_3,1.399546
SCEN124,y_1_3_3,dem_1_3,0.578806
SCEN124,y_2_1_3,dem_2_3,1.466056
SCEN124,y_2_2_3,dem_2_3,1.399546
SCEN124,y_2_3_3,dem_2_3,0.578806
SCEN125,y_1_1_1,dem_1_1,0.551383
SCEN125,y_1_2_1,dem_1_1,0.635777
SCEN125,y_1_3_1,dem_1_1,0.920065
SCEN125,y_2_1_1,dem_2_1,0.551383
SCEN125,y_2_2_1,dem_2_1,0.635777
SCEN125,y_2_3_1,dem_2_1,0.920065
SCEN125,y_1_1_2,dem_1_2,0.524336
SCEN125,y_1_2_2,dem_1_2,1.135825
SCEN125,y_1_3_2,dem_1_2,0.867896
SCEN125,y_2_1_2,dem_2_2,0.524336
SCEN125,y_2_2_2,dem_2_2,1.135825
SCEN125,y_2_3_2,dem_2_2,0.867896
SCEN125,y_1_1_3,dem_1_3,1.004482
SCEN125,y_1_2_3,dem_1_3,0.504708
SCEN125,y_1_3_3,dem_1_3,0.526123
SCEN125,y_2_1_3,dem_2_3,1.004482
SCEN125,y_2_2_3,dem_2_3,0.504708
SCEN125,y_2_3_3,dem_2_3,0.526123
SCEN126,y_1_1_1,dem_1_1,0.815778
SCEN126,y_1_2_1,dem_1_1,0.607636
SCEN126,y_1_3_1,dem_1_1,1.473728
SCEN126,y_2_1_1,dem_2_1,0.815778
SCEN126,y_2_2_1,dem_2_1,0.607636
SCEN126,y_2_3_1,dem_2_1,1.473728
SCEN126,y_1_1_2,dem_1_2,1.233935
SCEN126,y_1_2_2,dem_1_2,1.40714
SCEN126,y_1_3_2,dem_1_2,1.218408
SCEN126,y_2_1_2,dem_2_2,1.233935
SCEN126,y_2_2_2,dem_2_2,1.40714
SCEN126,y_2_3_2,dem_2_2,1.218408
SCEN126,y_1_1_3,dem_1_3,1.328229
SCEN126,y_1_2_3,dem_1_3,0.751461
SCEN126,y_1_3_3,dem_1_3,1.461275
SCEN126,y_2_1_3,dem_2_3,1.328229
SCEN126,y_2_2_3,dem_2_3,0.751461
SCEN126,y_2_3_3,dem_2_3,1.461275
SCEN127,y_1_1_1,dem_1_1,1.438313
SCEN127,y_1_2_1,dem_1_1,1.178344
SCEN127,y_1_3_1,dem_1_1,1.309821
SCEN127,y_2_1_1,dem_2_1,1.438313
SCEN127,y_2_2_1,dem_2_1,1.178344
SCEN127,y_2_3_1,dem_2_1,1.309821
SCEN127,y_1_1_2,dem_1_2,1.25565
SCEN127,y_1_2_2,dem_1_2,1.040407
SCEN127,y_1_3_2,dem_1_2,0.756994
SCEN127,y_2_1_2,dem_2_2,1.25565
SCEN127,y_2_2_2,dem_2_2,1.040407
SCEN127,y_2_3_2,dem_2_2,0.756994
SCEN127,y_1_1_3,dem_1_3,0.958884
SCEN127,y_1_2_3,dem_1_3,0.775159
SCEN127,y_1_3_3,dem_1_3,1.21342
SCEN127,y_2_1_3,dem_2_3,0.958884
SCEN127,y_2_2_3,dem_2_3,0.775159
SCEN127,y_2_3_3,dem_2_3,1.21342
SCEN128,y_1_1_1,dem_1_1,0.807401
SCEN128,y_1_2_1,dem_1_1,0.820116
SCEN128,y_1_3_1,dem_1_1,1.350936
SCEN128,y_2_1_1,dem_2_1,0.807401
SCEN128,y_2_2_1,dem_2_1,0.820116
SCEN128,y_2_3_1,dem_2_1,1.350936
SCEN128,y_1_1_2,dem_1_2,1.480277
SCEN128,y_1_2_2,dem_1_2,1.492316
SCEN128,y_1_3_2,dem_1_2,0.839181
SCEN128,y_2_1_2,dem_2_2,1.480277
SCEN128,y_2_2_2,dem_2_2,1.492316
SCEN128,y_2_3_2,dem_2_2,0.839181
SCEN128,y_1_1_3,dem_1_3,1.308066
SCEN128,y_1_2_3,dem_1_3,0.711354
SCEN128,y_1_3_3,dem_1_3,0.993303
SCEN128,y_2_1_3,dem_2_3,1.308066
SCEN128,y_2_2_3,dem_2_3,0.711354
SCEN128,y_2_3_3,dem_2_3,0.993303
SCEN129,y_1_1_1,dem_1_1,1.073619
SCEN129,y_1_2_1,dem_1_1,0.808329
SCEN129,y_1_3_1,dem_1_1,1.008826
SCEN129,y_2_1_1,dem_2_1,1.073619
SCEN129,y_2_2_1,dem_2_1,0.808329
SCEN129,y_2_3_1,dem_2_1,1.008826
SCEN129,y_1_1_2,dem_1_2,1.432117
SCEN129,y_1_2_2,dem_1_2,0.587779
SCEN129,y_1_3_2,dem_1_2,1.099917
SCEN129,y_2_1_2,dem_2_2,1.432117
SCEN129,y_2_2_2,dem_2_2,0.587779
SCEN129,y_2_3_2,dem_2_2,1.099917
SCEN129,y_1_1_3,dem_1_3,0.66666
SCEN129,y_1_2_3,dem_1_3,0.787394
SCEN129,y_1_3_3,dem_1_3,0.752771
SCEN129,y_2_1_3,dem_2_3,0.66666
SCEN129,y_2_2_3,dem_2_3,0.787394
SCEN129,y_2_3_3,dem_2_3,0.752771
SCEN130,y_1_1_1,dem_1_1,0.641617
SCEN130,y_1_2_1,dem_1_1,0.83391
SCEN130,y_1_3_1,dem_1_1,1.060522
SCEN130,y_2_1_1,dem_2_1,0.641617
SCEN130,y_2_2_1,dem_2_1,0.83391
SCEN130,y_2_3_1,dem_2_1,1.060522
SCEN130,y_1_1_2,dem_1_2,0.740014
SCEN130,y_1_2_2,dem_1_2,0.686199
SCEN130,y_1_3_2,dem_1_2,1.111645
SCEN130,y_2_1_2,dem_2_2,0.740014
SCEN130,y_2_2_2,dem_2_2,0.686199
SCEN130,y_2_3_2,dem_2_2,1.111645
SCEN130,y_1_1_3,dem_1_3,1.358625
SCEN130,y_1_2_3,dem_1_3,1.319842
SCEN130,y_1_3_3,dem_1_3,0.992871
SCEN130,y_2_1_3,dem_2_3,1.358625
SCEN130,y_2_2_3,dem_2_3,1.319842
SCEN130,y_2_3_3,dem_2_3,0.992871
SCEN131,y_1_1_1,dem_1_1,0.508758
SCEN131,y_1_2_1,dem_1_1,0.672564
SCEN131,y_1_3_1,dem_1_1,1.453376
SCEN131,y_2_1_1,dem_2_1,0.508758
SCEN131,y_2_2_1,dem_2_1,0.672564
SCEN131,y_2_3_1,dem_2_1,1.453376
SCEN131,y_1_1_2,dem_1_2,1.205003
SCEN131,y_1_2_2,dem_1_2,0.531067
SCEN131,y_1_3_2,dem_1_2,1.235412
SCEN131,y_2_1_2,dem_2_2,1.205003
SCEN131,y_2_2_2,dem_2_2,0.531067
SCEN131,y_2_3_2,dem_2_2,1.235412
SCEN131,y_1_1_3,dem_1_3,1.201145
SCEN131,y_1_2_3,dem_1_3,1.109678
SCEN131,y_1_3_3,dem_1_3,0.862429
SCEN131,y_2_1_3,dem_2_3,1.201145
SCEN131,y_2_2_3,dem_2_3,1.109678
SCEN131,y_2_3_3,dem_2_3,0.862429
SCEN132,y_1_1_1,dem_1_1,1.275742
SCEN132,y_1_2_1,dem_1_1,1.350374
SCEN132,y_1_3_1,dem_1_1,0.906952
SCEN132,y_2_1_1,dem_2_1,1.275742
SCEN132,y_2_2_1,dem_2_1,1.350374
SCEN132,y_2_3_1,dem_2_1,0.906952
SCEN132,y_1_1_2,dem_1_2,0.721199
SCEN132,y_1_2_2,dem_1_2,1.134675
SCEN132,y_1_3_2,dem_1_2,0.581558
SCEN132,y_2_1_2,dem_2_2,0.721199
SCEN132,y_2_2_2,dem_2_2,1.134675
SCEN132,y_2_3_2,dem_2_2,0.581558
SCEN132,y_1_1_3,dem_1_3,1.463671
SCEN132,y_1_2_3,dem_1_3,1.267841
SCEN132,y_1_3_3,dem_1_3,1.300578
SCEN132,y_2_1_3,dem_2_3,1.463671
SCEN132,y_2_2_3,dem_2_3,1.267841
SCEN132,y_2_3_3,dem_2_3,1.300578
SCEN133,y_1_1_1,dem_1_1,1.363969
SCEN133,y_1_2_1,dem_1_1,0.920171
SCEN133,y_1_3_1,dem_1_1,1.47437
SCEN133,y_2_1_1,dem_2_1,1.363969
SCEN133,y_2_2_1,dem_2_1,0.920171
SCEN133,y_2_3_1,dem_2_1,1.47437
SCEN133,y_1_1_2,dem_1_2,0.98845
SCEN133,y_1_2_2,dem_1_2,0.877287
SCEN133,y_1_3_2,dem_1_2,1.366341
SCEN133,y_2_1_2,dem_2_2,0.98845
SCEN133,y_2_2_2,dem_2_2,0.877287
SCEN133,y_2_3_2,dem_2_2,1.366341
SCEN133,y_1_1_3,dem_1_3,0.877124
SCEN133,y_1_2_3,dem_1_3,0.946392
SCEN133,y_1_3_3,dem_1_3,1.190272
SCEN133,y_2_1_3,dem_2_3,0.877124
SCEN133,y_2_2_3,dem_2_3,0.946392
SCEN133,y_2_3_3,dem_2_3,1.190272
SCEN134,y_1_1_1,dem_1_1,1.146003
SCEN134,y_1_2_1,dem_1_1,0.585345
SCEN134,y_1_3_1,dem_1_1,1.312087
SCEN134,y_2_1_1,dem_2_1,1.146003
SCEN134,y_2_2_1,dem_2_1,0.585345
SCEN134,y_2_3_1,dem_2_1,1.312087
SCEN134,y_1_1_2,dem_1_2,1.449981
SCEN134,y_1_2_2,dem_1_2,0.517524
SCEN134,y_1_3_2,dem_1_2,0.654386
SCEN134,y_2_1_2,dem_2_2,1.449981
SCEN134,y_2_2_2,dem_2_2,0.517524
SCEN134,y_2_3_2,dem_2_2,0.654386
SCEN134,y_1_1_3,dem_1_3,0.640401
SCEN134,y_1_2_3,dem_1_3,1.311673
SCEN134,y_1_3_3,dem_1_3,0.636391
SCEN134,y_2_1_3,dem_2_3,0.640401
SCEN134,y_2_2_3,dem_2_3,1.311673
SCEN134,y_2_3_3,dem_2_3,0.636391
SCEN135,y_1_1_1,dem_1_1,0.697811
SCEN135,y_1_2_1,dem_1_1,1.198951
SCEN135,y_1_3_1,dem_1_1,0.7408
SCEN135,y_2_1_1,dem_2_1,0.697811
SCEN135,y_2_2_1,dem_2_1,1.198951
SCEN135,y_2_3_1,dem_2_1,0.7408
SCEN135,y_1_1_2,dem_1_2,1.038415
SCEN135,y_1_2_2,dem_1_2,1.394498
SCEN135,y_1_3_2,dem_1_2,0.847088
SCEN135,y_2_1_2,dem_2_2,1.038415
SCEN135,y_2_2_2,dem_2_2,1.394498
SCEN135,y_2_3_2,dem_2_2,0.847088
SCEN135,y_1_1_3,dem_1_3,0.793085
SCEN135,y_1_2_3,dem_1_3,0.771199
SCEN135,y_1_3_3,dem_1_3,1.231577
SCEN135,y_2_1_3,dem_2_3,0.793085
SCEN135,y_2_2_3,dem_2_3,0.771199
SCEN135,y_2_3_3,dem_2_3,1.231577
SCEN136,y_1_1_1,dem_1_1,1.057513
SCEN136,y_1_2_1,dem_1_1,0.5415
SCEN136,y_1_3_1,dem_1_1,1.164011
SCEN136,y_2_1_1,dem_2_1,1.057513
SCEN136,y_2_2_1,dem_2_1,0.5415
SCEN136,y_2_3_1,dem_2_1,1.164011
SCEN136,y_1_1_2,dem_1_2,1.338786
SCEN136,y_1_2_2,dem_1_2,0.823112
SCEN136,y_1_3_2,dem_1_2,0.77662
SCEN136,y_2_1_2,dem_2_2,1.338786
SCEN136,y_2_2_2,dem_2_2,0.823112
SCEN136,y_2_3_2,dem_2_2,0.77662
SCEN136,y_1_1_3,dem_1_3,1.01881
SCEN136,y_1_2_3,dem_1_3,0.5709
SCEN136,y_1_3_3,dem_1_3,1.463459
SCEN136,y_2_1_3,dem_2_3,1.01881
SCEN136,y_2_2_3,dem_2_3,0.5709
SCEN136,y_2_3_3,dem_2_3,1.463459
SCEN137,y_1_1_1,dem_1_1,1.210529
SCEN137,y_1_2_1,dem_1_1,0.762901
SCEN137,y_1_3_1,dem_1_1,0.973814
SCEN137,y_2_1_1,dem_2_1,1.210529
SCEN137,y_2_2_1,dem_2_1,0.762901
SCEN137,y_2_3_1,dem_2_1,0.973814
SCEN137,y_1_1_2,dem_1_2,0.555565
SCEN137,y_1_2_2,dem_1_2,1.432763
SCEN137,y_1_3_2,dem_1_2,1.200049
SCEN137,y_2_1_2,dem_2_2,0.555565
SCEN137,y_2_2_2,dem_2_2,1.432763
SCEN137,y_2_3_2,dem_2_2,1.200049
SCEN137,y_1_1_3,dem_1_3,0.960047
SCEN137,y_1_2_3,dem_1_3,0.907076
SCEN137,y_1_3_3,dem_1_3,0.634895
SCEN137,y_2_1_3,dem_2_3,0.960047
SCEN137,y_2_2_3,dem_2_3,0.907076
SCEN137,y_2_3_3,dem_2_3,0.634895
SCEN138,y_1_1_1,dem_1_1,1.44441
SCEN138,y_1_2_1,dem_1_1,0.994884
SCEN138,y_1_3_1,dem_1_1,0.964159
SCEN138,y_2_1_1,dem_2_1,1.44441
SCEN138,y_2_2_1,dem_2_1,0.994884
SCEN138,y_2_3_1,dem_2_1,0.964159
SCEN138,y_1_1_2,dem_1_2,0.666722
SCEN138,y_1_2_2,dem_1_2,0.883711
SCEN138,y_1_3_2,dem_1_2,0.554858
SCEN138,y_2_1_2,dem_2_2,0.666722
SCEN138,y_2_2_2,dem_2_2,0.883711
SCEN138,y_2_3_2,dem_2_2,0.554858
SCEN138,y_1_1_3,dem_1_3,1.423424
SCEN138,y_1_2_3,dem_1_3,1.481104
SCEN138,y_1_3_3,dem_1_3,1.009722
SCEN138,y_2_1_3,dem_2_3,1.423424
SCEN138,y_2_2_3,dem_2_3,1.481104
SCEN138,y_2_3_3,dem_2_3,1.009722
SCEN139,y_1_1_1,dem_1_1,1.115019
SCEN139,y_1_2_1,dem_1_1,1.045628
SCEN139,y_1_3_1,dem_1_1,0.920638
SCEN139,y_2_1_1,dem_2_1,1.115019
SCEN139,y_2_2_1,dem_2_1,1.045628
SCEN139,y_2_3_1,dem_2_1,0.920638
SCEN139,y_1_1_2,dem_1_2,1.345291
SCEN139,y_1_2_2,dem_1_2,0.619038
SCEN139,y_1_3_2,dem_1_2,0.562973
SCEN139,y_2_1_2,dem_2_2,1.345291
SCEN139,y_2_2_2,dem_2_2,0.619038
SCEN139,y_2_3_2,dem_2_2,0.562973
SCEN139,y_1_1_3,dem_1_3,1.114779
SCEN139,y_1_2_3,dem_1_3,1.363406
SCEN139,y_1_3_3,dem_1_3,1.269004
SCEN139,y_2_1_3,dem_2_3,1.114779
SCEN139,y_2_2_3,dem_2_3,1.363406
SCEN139,y_2_3_3,dem_2_3,1.269004
SCEN140,y_1_1_1,dem_1_1,1.06603
SCEN140,y_1_2_1,dem_1_1,1.499223
SCEN140,y_1_3_1,dem_1_1,1.095312
SCEN140,y_2_1_1,dem_2_1,1.06603
SCEN140,y_2_2_1,dem_2_1,1.499223
SCEN140,y_2_3_1,dem_2_1,1.095312
SCEN140,y_1_1_2,dem_1_2,0.547695
SCEN140,y_1_2_2,dem_1_2,0.586976
SCEN140,y_1_3_2,dem_1_2,1.263126
SCEN140,y_2_1_2,dem_2_2,0.547695
SCEN140,y_2_2_2,dem_2_2,0.586976
SCEN140,y_2_3_2,dem_2_2,1.263126
SCEN140,y_1_1_3,dem_1_3,1.489106
SCEN140,y_1_2_3,dem_1_3,0.994814
SCEN140,y_1_3_3,dem_1_3,1.099131
SCEN140,y_2_1_3,dem_2_3,1.489106
SCEN140,y_2_2_3,dem_2_3,0.994814
SCEN140,y_2_3_3,dem_2_3,1.099131
SCEN141,y_1_1_1,dem_1_1,1.343802
SCEN141,y_1_2_1,dem_1_1,0.969894
SCEN141,y_1_3_1,dem_1_1,0.819334
SCEN141,y_2_1_1,dem_2_1,1.343802
SCEN141,y_2_2_1,dem_2_1,0.969894
SCEN141,y_2_3_1,dem_2_1,0.819334
SCEN141,y_1_1_2,dem_1_2,0.785692
SCEN141,y_1_2_2,dem_1_2,0.919897
SCEN141,y_1_3_2,dem_1_2,1.361381
SCEN141,y_2_1_2,dem_2_2,0.785692
SCEN141,y_2_2_2,dem_2_2,0.919897
SCEN141,y_2_3_2,dem_2_2,1.361381
SCEN141,y_1_1_3,dem_1_3,0.656357
SCEN141,y_1_2_3,dem_1_3,0.662361
SCEN141,y_1_3_3,dem_1_3,1.168755
SCEN141,y_2_1_3,dem_2_3,0.656357
SCEN141,y_2_2_3,dem_2_3,0.662361
SCEN141,y_2_3_3,dem_2_3,1.168755
SCEN142,y_1_1_1,dem_1_1,0.666313
SCEN142,y_1_2_1,dem_1_1,0.751547
SCEN142,y_1_3_1,dem_1_1,1.07428
SCEN142,y_2_1_1,dem_2_1,0.666313
SCEN142,y_2_2_1,dem_2_1,0.751547
SCEN142,y_2_3_1,dem_2_1,1.07428
SCEN142,y_1_1_2,dem_1_2,1.15912
SCEN142,y_1_2_2,dem_1_2,1.338041
SCEN142,y_1_3_2,dem_1_2,1.240001
SCEN142,y_2_1_2,dem_2_2,1.15912
SCEN142,y_2_2_2,dem_2_2,1.338041
SCEN142,y_2_3_2,dem_2_2,1.240001
SCEN142,y_1_1_3,dem_1_3,1.027233
SCEN142,y_1_2_3,dem_1_3,0.84014
SCEN142,y_1_3_3,dem_1_3,0.951063
SCEN142,y_2_1_3,dem_2_3,1.027233
SCEN142,y_2_2_3,dem_2_3,0.84014
SCEN142,y_2_3_3,dem_2_3,0.951063
SCEN143,y_1_1_1,dem_1_1,0.577745
SCEN143,y_1_2_1,dem_1_1,0.933353
SCEN143,y_1_3_1,dem_1_1,0.586046
SCEN143,y_2_1_1,dem_2_1,0.577745
SCEN143,y_2_2_1,dem_2_1,0.933353
SCEN143,y_2_3_1,dem_2_1,0.586046
SCEN143,y_1_1_2,dem_1_2,0.882477
SCEN143,y_1_2_2,dem_1_2,0.580145
SCEN143,y_1_3_2,dem_1_2,1.088535
SCEN143,y_2_1_2,dem_2_2,0.882477
SCEN143,y_2_2_2,dem_2_2,0.580145
SCEN143,y_2_3_2,dem_2_2,1.088535
SCEN143,y_1_1_3,dem_1_3,0.563656
SCEN143,y_1_2_3,dem_1_3,1.382505
SCEN143,y_1_3_3,dem_1_3,0.775666
SCEN143,y_2_1_3,dem_2_3,0.563656
SCEN143,y_2_2_3,dem_2_3,1.382505
SCEN143,y_2_3_3,dem_2_3,0.775666
SCEN144,y_1_1_1,dem_1_1,1.311269
SCEN144,y_1_2_1,dem_1_1,0.864121
SCEN144,y_1_3_1,dem_1_1,1.033729
SCEN144,y_2_1_1,dem_2_1,1.311269
SCEN144,y_2_2_1,dem_2_1,0.864121
SCEN144,y_2_3_1,dem_2_1,1.033729
SCEN144,y_1_1_2,dem_1_2,1.062758
SCEN144,y_1_2_2,dem_1_2,1.187614
SCEN144,y_1_3_2,dem_1_2,0.663765
SCEN144,y_2_1_2,dem_2_2,1.062758
SCEN144,y_2_2_2,dem_2_2,1.187614
SCEN144,y_2_3_2,dem_2_2,0.663765
SCEN144,y_1_1_3,dem_1_3,1.246305
SCEN144,y_1_2_3,dem_1_3,0.880178
SCEN144,y_1_3_3,dem_1_3,1.18097
SCEN144,y_2_1_3,dem_2_3,1.246305
SCEN144,y_2_2_3,dem_2_3,0.880178
SCEN144,y_2_3_3,dem_2_3,1.18097
SCEN145,y_1_1_1,dem_1_1,1.277524
SCEN145,y_1_2_1,dem_1_1,1.005852
SCEN145,y_1_3_1,dem_1_1,1.125379
SCEN145,y_2_1_1,dem_2_1,1.277524
SCEN145,y_2_2_1,dem_2_1,1.005852
SCEN145,y_2_3_1,dem_2_1,1.125379
SCEN145,y_1_1_2,dem_1_2,1.371543
SCEN145,y_1_2_2,dem_1_2,1.331591
SCEN145,y_1_3_2,dem_1_2,0.592572
SCEN145,y_2_1_2,dem_2_2,1.371543
SCEN145,y_2_2_2,dem_2_2,1.331591
SCEN145,y_2_3_2,dem_2_2,0.592572
SCEN145,y_1_1_3,dem_1_3,1.405892
SCEN145,y_1_2_3,dem_1_3,1.080871
SCEN145,y_1_3_3,dem_1_3,0.621727
SCEN145,y_2_1_3,dem_2_3,1.405892
SCEN145,y_2_2_3,dem_2_3,1.080871
SCEN145,y_2_3_3,dem_2_3,0.621727
SCEN146,y_1_1_1,dem_1_1,1.369834
SCEN146,y_1_2_1,dem_1_1,1.489989
SCEN146,y_1_3_1,dem_1_1,1.163939
SCEN146,y_2_1_1,dem_2_1,1.369834
SCEN146,y_2_2_1,dem_2_1,1.489989
SCEN146,y_2_3_1,dem_2_1,1.163939
SCEN146,y_1_1_2,dem_1_2,0.732594
SCEN146,y_1_2_2,dem_1_2,1.205795
SCEN146,y_1_3_2,dem_1_2,1.064902
SCEN146,y_2_1_2,dem_2_2,0.732594
SCEN146,y_2_2_2,dem_2_2,1.205795
SCEN146,y_2_3_2,dem_2_2,1.064902
SCEN146,y_1_1_3,dem_1_3,0.796234
SCEN146,y_1_2_3,dem_1_3,0.708115
SCEN146,y_1_3_3,dem_1_3,1.374107
SCEN146,y_2_1_3,dem_2_3,0.796234
SCEN146,y_2_2_3,dem_2_3,0.708115
SCEN146,y_2_3_3,dem_2_3,1.374107
SCEN147,y_1_1_1,dem_1_1,1.279051
SCEN147,y_1_2_1,dem_1_1,1.234985
SCEN147,y_1_3_1,dem_1_1,0.520034
SCEN147,y_2_1_1,dem_2_1,1.279051
SCEN147,y_2_2_1,dem_2_1,1.234985
SCEN147,y_2_3_1,dem_2_1,0.520034
SCEN147,y_1_1_2,dem_1_2,1.028534
SCEN147,y_1_2_2,dem_1_2,0.947671
SCEN147,y_1_3_2,dem_1_2,0.869311
SCEN147,y_2_1_2,dem_2_2,1.028534
SCEN147,y_2_2_2,dem_2_2,0.947671
SCEN147,y_2_3_2,dem_2_2,0.869311
SCEN147,y_1_1_3,dem_1_3,1.028841
SCEN147,y_1_2_3,dem_1_3,1.419678
SCEN147,y_1_3_3,dem_1_3,1.49557
SCEN147,y_2_1_3,dem_2_3,1.028841
SCEN147,y_2_2_3,dem_2_3,1.419678
SCEN147,y_2_3_3,dem_2_3,1.49557
SCEN148,y_1_1_1,dem_1_1,1.083618
SCEN148,y_1_2_1,dem_1_1,0.978731
SCEN148,y_1_3_1,dem_1_1,0.558283
SCEN148,y_2_1_1,dem_2_1,1.083618
SCEN148,y_2_2_1,dem_2_1,0.978731
SCEN148,y_2_3_1,dem_2_1,0.558283
SCEN148,y_1_1_2,dem_1_2,1.357726
SCEN148,y_1_2_2,dem_1_2,1.042177
SCEN148,y_1_3_2,dem_1_2,0.501949
SCEN148,y_2_1_2,dem_2_2,1.357726
SCEN148,y_2_2_2,dem_2_2,1.042177
SCEN148,y_2_3_2,dem_2_2,0.501949
SCEN148,y_1_1_3,dem_1_3,1.206695
SCEN148,y_1_2_3,dem_1_3,1.257441
SCEN148,y_1_3_3,dem_1_3,0.652739
SCEN148,y_2_1_3,dem_2_3,1.206695
SCEN148,y_2_2_3,dem_2_3,1.257441
SCEN148,y_2_3_3,dem_2_3,0.652739
SCEN149,y_1_1_1,dem_1_1,1.332253
SCEN149,y_1_2_1,dem_1_1,1.324105
SCEN149,y_1_3_1,dem_1_1,0.890125
SCEN149,y_2_1_1,dem_2_1,1.332253
SCEN149,y_2_2_1,dem_2_1,1.324105
SCEN149,y_2_3_1,dem_2_1,0.890125
SCEN149,y_1_1_2,dem_1_2,0.790811
SCEN149,y_1_2_2,dem_1_2,0.920341
SCEN149,y_1_3_2,dem_1_2,0.586099
SCEN149,y_2_1_2,dem_2_2,0.790811
SCEN149,y_2_2_2,dem_2_2,0.920341
SCEN149,y_2_3_2,dem_2_2,0.586099
SCEN149,y_1_1_3,dem_1_3,1.39678
SCEN149,y_1_2_3,dem_1_3,0.913493
SCEN149,y_1_3_3,dem_1_3,1.370141
SCEN149,y_2_1_3,dem_2_3,1.39678
SCEN149,y_2_2_3,dem_2_3,0.913493
SCEN149,y_2_3_3,dem_2_3,1.370141
SCEN150,y_1_1_1,dem_1_1,1.195854
SCEN150,y_1_2_1,dem_1_1,0.883404
SCEN150,y_1_3_1,dem_1_1,1.239367
SCEN150,y_2_1_1,dem_2_1,1.195854
SCEN150,y_2_2_1,dem_2_1,0.883404
SCEN150,y_2_3_1,dem_2_1,1.239367
SCEN150,y_1_1_2,dem_1_2,1.226523
SCEN150,y_1_2_2,dem_1_2,0.791658
SCEN150,y_1_3_2,dem_1_2,0.587672
SCEN150,y_2_1_2,dem_2_2,1.226523
SCEN150,y_2_2_2,dem_2_2,0.791658
SCEN150,y_2_3_2,dem_2_2,0.587672
SCEN150,y_1_1_3,dem_1_3,0.9603
SCEN150,y_1_2_3,dem_1_3,1.202089
SCEN150,y_1_3_3,dem_1_3,1.083717
SCEN150,y_2_1_3,dem_2_3,0.9603
SCEN150,y_2_2_3,dem_2_3,1.202089
SCEN150,y_2_3_3,dem_2_3,1.083717
SCEN151,y_1_1_1,dem_1_1,1.088514
SCEN151,y_1_2_1,dem_1_1,0.782746
SCEN151,y_1_3_1,dem_1_1,1.489815
SCEN151,y_2_1_1,dem_2_1,1.088514
SCEN151,y_2_2_1,dem_2_1,0.782746
SCEN151,y_2_3_1,dem_2_1,1.489815
SCEN151,y_1_1_2,dem_1_2,1.468925
SCEN151,y_1_2_2,dem_1_2,1.100581
SCEN151,y_1_3_2,dem_1_2,0.512251
SCEN151,y_2_1_2,dem_2_2,1.468925
SCEN151,y_2_2_2,dem_2_2,1.100581
SCEN151,y_2_3_2,dem_2_2,0.512251
SCEN151,y_1_1_3,dem_1_3,0.661784
SCEN151,y_1_2_3,dem_1_3,1.041553
SCEN151,y_1_3_3,dem_1_3,1.09063
SCEN151,y_2_1_3,dem_2_3,0.661784
SCEN151,y_2_2_3,dem_2_3,1.041553
SCEN151,y_2_3_3,dem_2_3,1.09063
SCEN152,y_1_1_1,dem_1_1,0.637602
SCEN152,y_1_2_1,dem_1_1,0.939308
SCEN152,y_1_3_1,dem_1_1,0.86146
SCEN152,y_2_1_1,dem_2_1,0.637602
SCEN152,y_2_2_1,dem_2_1,0.939308
SCEN152,y_2_3_1,dem_2_1,0.86146
SCEN152,y_1_1_2,dem_1_2,1.494439
SCEN152,y_1_2_2,dem_1_2,1.154707
SCEN152,y_1_3_2,dem_1_2,0.846956
SCEN152,y_2_1_2,dem_2_2,1.494439
SCEN152,y_2_2_2,dem_2_2,1.154707
SCEN152,y_2_3_2,dem_2_2,0.846956
SCEN152,y_1_1_3,dem_1_3,0.967072
SCEN152,y_1_2_3,dem_1_3,0.793343
SCEN152,y_1_3_3,dem_1_3,0.800046
SCEN152,y_2_1_3,dem_2_3,0.967072
SCEN152,y_2_2_3,dem_2_3,0.793343
SCEN152,y_2_3_3,dem_2_3,0.800046
SCEN153,y_1_1_1,dem_1_1,0.691204
SCEN153,y_1_2_1,dem_1_1,1.348988
SCEN153,y_1_3_1,dem_1_1,0.520711
SCEN153,y_2_1_1,dem_2_1,0.691204
SCEN153,y_2_2_1,dem_2_1,1.348988
SCEN153,y_2_3_1,dem_2_1,0.520711
SCEN153,y_1_1_2,dem_1_2,1.087302
SCEN153,y_1_2_2,dem_1_2,0.882769
SCEN153,y_1_3_2,dem_1_2,1.393335
SCEN153,y_2_1_2,dem_2_2,1.087302
SCEN153,y_2_2_2,dem_2_2,0.882769
SCEN153,y_2_3_2,dem_2_2,1.393335
SCEN153,y_1_1_3,dem_1_3,0.52995
SCEN153,y_1_2_3,dem_1_3,1.48033
SCEN153,y_1_3_3,dem_1_3,1.022886
SCEN153,y_2_1_3,dem_2_3,0.52995
SCEN153,y_2_2_3,dem_2_3,1.48033
SCEN153,y_2_3_3,dem_2_3,1.022886
SCEN154,y_1_1_1,dem_1_1,1.115764
SCEN154,y_1_2_1,dem_1_1,1.013943
SCEN154,y_1_3_1,dem_1_1,1.248867
SCEN154,y_2_1_1,dem_2_1,1.115764
SCEN154,y_2_2_1,dem_2_1,1.013943
SCEN154,y_2_3_1,dem_2_1,1.248867
SCEN154,y_1_1_2,dem_1_2,1.164488
SCEN154,y_1_2_2,dem_1_2,1.166426
SCEN154,y_1_3_2,dem_1_2,0.685141
SCEN154,y_2_1_2,dem_2_2,1.164488
SCEN154,y_2_2_2,dem_2_2,1.166426
SCEN154,y_2_3_2,dem_2_2,0.685141
SCEN154,y_1_1_3,dem_1_3,1.223885
SCEN154,y_1_2_3,dem_1_3,1.014495
SCEN154,y_1_3_3,dem_1_3,0.720457
SCEN154,y_2_1_3,dem_2_3,1.223885
SCEN154,y_2_2_3,dem_2_3,1.014495
SCEN154,y_2_3_3,dem_2_3,0.720457
SCEN155,y_1_1_1,dem_1_1,1.03129
SCEN155,y_1_2_1,dem_1_1,1.034529
SCEN155,y_1_3_1,dem_1_1,1.067245
SCEN155,y_2_1_1,dem_2_1,1.03129
SCEN155,y_2_2_1,dem_2_1,1.034529
SCEN155,y_2_3_1,dem_2_1,1.067245
SCEN155,y_1_1_2,dem_1_2,1.01943
SCEN155,y_1_2_2,dem_1_2,0.556595
SCEN155,y_1_3_2,dem_1_2,1.442
SCEN155,y_2_1_2,dem_2_2,1.01943
SCEN155,y_2_2_2,dem_2_2,0.556595
SCEN155,y_2_3_2,dem_2_2,1.442
SCEN155,y_1_1_3,dem_1_3,1.156683
SCEN155,y_1_2_3,dem_1_3,0.692934
SCEN155,y_1_3_3,dem_1_3,1.20171
SCEN155,y_2_1_3,dem_2_3,1.156683
SCEN155,y_2_2_3,dem_2_3,0.692934
SCEN155,y_2_3_3,dem_2_3,1.20171
SCEN156,y_1_1_1,dem_1_1,1.388243
SCEN156,y_1_2_1,dem_1_1,0.729998
SCEN156,y_1_3_1,dem_1_1,0.988737
SCEN156,y_2_1_1,dem_2_1,1.388243
SCEN156,y_2_2_1,dem_2_1,0.729998
SCEN156,y_2_3_1,dem_2_1,0.988737
SCEN156,y_1_1_2,dem_1_2,0.907806
SCEN156,y_1_2_2,dem_1_2,1.418037
SCEN156,y_1_3_2,dem_1_2,0.792509
SCEN156,y_2_1_2,dem_2_2,0.907806
SCEN156,y_2_2_2,dem_2_2,1.418037
SCEN156,y_2_3_2,dem_2_2,0.792509
SCEN156,y_1_1_3,dem_1_3,1.246514
SCEN156,y_1_2_3,dem_1_3,0.599065
SCEN156,y_1_3_3,dem_1_3,0.733251
SCEN156,y_2_1_3,dem_2_3,1.246514
SCEN156,y_2_2_3,dem_2_3,0.599065
SCEN156,y_2_3_3,dem_2_3,0.733251
SCEN157,y_1_1_1,dem_1_1,0.868636
SCEN157,y_1_2_1,dem_1_1,0.718559
SCEN157,y_1_3_1,dem_1_1,1.326128
SCEN157,y_2_1_1,dem_2_1,0.868636
SCEN157,y_2_2_1,dem_2_1,0.718559
SCEN157,y_2_3_1,dem_2_1,1.326128
SCEN157,y_1_1_2,dem_1_2,0.686002
SCEN157,y_1_2_2,dem_1_2,1.066278
SCEN157,y_1_3_2,dem_1_2,1.202881
SCEN157,y_2_1_2,dem_2_2,0.686002
SCEN157,y_2_2_2,dem_2_2,1.066278
SCEN157,y_2_3_2,dem_2_2,1.202881
SCEN157,y_1_1_3,dem_1_3,1.498507
SCEN157,y_1_2_3,dem_1_3,1.482766
SCEN157,y_1_3_3,dem_1_3,0.778484
SCEN157,y_2_1_3,dem_2_3,1.498507
SCEN157,y_2_2_3,dem_2_3,1.482766
SCEN157,y_2_3_3,dem_2_3,0.778484
SCEN158,y_1_1_1,dem_1_1,0.911347
SCEN158,y_1_2_1,dem_1_1,0.545273
SCEN158,y_1_3_1,dem_1_1,0.525018
SCEN158,y_2_1_1,dem_2_1,0.911347
SCEN158,y_2_2_1,dem_2_1,0.545273
SCEN158,y_2_3_1,dem_2_1,0.525018
SCEN158,y_1_1_2,dem_1_2,1.01519
SCEN158,y_1_2_2,dem_1_2,1.323148
SCEN158,y_1_3_2,dem_1_2,1.259978
SCEN158,y_2_1_2,dem_2_2,1.01519
SCEN158,y_2_2_2,dem_2_2,1.323148
SCEN158,y_2_3_2,dem_2_2,1.259978
SCEN158,y_1_1_3,dem_1_3,1.450932
SCEN158,y_1_2_3,dem_1_3,0.57927
SCEN158,y_1_3_3,dem_1_3,1.181946
SCEN158,y_2_1_3,dem_2_3,1.450932
SCEN158,y_2_2_3,dem_2_3,0.57927
SCEN158,y_2_3_3,dem_2_3,1.181946
SCEN159,y_1_1_1,dem_1_1,0.633313
SCEN159,y_1_2_1,dem_1_1,0.88804
SCEN159,y_1_3_1,dem_1_1,1.133159
SCEN159,y_2_1_1,dem_2_1,0.633313
SCEN159,y_2_2_1,dem_2_1,0.88804
SCEN159,y_2_3_1,dem_2_1,1.133159
SCEN159,y_1_1_2,dem_1_2,1.242557
SCEN159,y_1_2_2,dem_1_2,0.689694
SCEN159,y_1_3_2,dem_1_2,1.405454
SCEN159,y_2_1_2,dem_2_2,1.242557
SCEN159,y_2_2_2,dem_2_2,0.689694
SCEN159,y_2_3_2,dem_2_2,1.405454
SCEN159,y_1_1_3,dem_1_3,0.949982
SCEN159,y_1_2_3,dem_1_3,0.959417
SCEN159,y_1_3_3,dem_1_3,0.737706
SCEN159,y_2_1_3,dem_2_3,0.949982
SCEN159,y_2_2_3,dem_2_3,0.959417
SCEN159,y_2_3_3,dem_2_3,0.737706
SCEN160,y_1_1_1,dem_1_1,0.65469
SCEN160,y_1_2_1,dem_1_1,0.570694
SCEN160,y_1_3_1,dem_1_1,0.703963
SCEN160,y_2_1_1,dem_2_1,0.65469
SCEN160,y_2_2_1,dem_2_1,0.570694
SCEN160,y_2_3_1,dem_2_1,0.703963
SCEN160,y_1_1_2,dem_1_2,1.461294
SCEN160,y_1_2_2,dem_1_2,1.232517
SCEN160,y_1_3_2,dem_1_2,0.666458
SCEN160,y_2_1_2,dem_2_2,1.461294
SCEN160,y_2_2_2,dem_2_2,1.232517
SCEN160,y_2_3_2,dem_2_2,0.666458
SCEN160,y_1_1_3,dem_1_3,0.561714
SCEN160,y_1_2_3,dem_1_3,1.035975
SCEN160,y_1_3_3,dem_1_3,0.805724
SCEN160,y_2_1_3,dem_2_3,0.561714
SCEN160,y_2_2_3,dem_2_3,1.035975
SCEN160,y_2_3_3,dem_2_3,0.805724
SCEN161,y_1_1_1,dem_1_1,0.562898
SCEN161,y_1_2_1,dem_1_1,0.989541
SCEN161,y_1_3_1,dem_1_1,0.984529
SCEN161,y_2_1_1,dem_2_1,0.562898
SCEN161,y_2_2_1,dem_2_1,0.989541
SCEN161,y_2_3_1,dem_2_1,0.984529
SCEN161,y_1_1_2,dem_1_2,1.124653
SCEN161,y_1_2_2,dem_1_2,0.842051
SCEN161,y_1_3_2,dem_1_2,0.5709
SCEN161,y_2_1_2,dem_2_2,1.124653
SCEN161,y_2_2_2,dem_2_2,0.842051
SCEN161,y_2_3_2,dem_2_2,0.5709
SCEN161,y_1_1_3,dem_1_3,1.47492
SCEN161,y_1_2_3,dem_1_3,0.532463
SCEN161,y_1_3_3,dem_1_3,1.090223
SCEN161,y_2_1_3,dem_2_3,1.47492
SCEN161,y_2_2_3,dem_2_3,0.532463
SCEN161,y_2_3_3,dem_2_3,1.090223
SCEN162,y_1_1_1,dem_1_1,0.65036
SCEN162,y_1_2_1,dem_1_1,1.144152
SCEN162,y_1_3_1,dem_1_1,1.204304
SCEN162,y_2_1_1,dem_2_1,0.65036
SCEN162,y_2_2_1,dem_2_1,1.144152
SCEN162,y_2_3_1,dem_2_1,1.204304
SCEN162,y_1_1_2,dem_1_2,1.123759
SCEN162,y_1_2_2,dem_1_2,0.65342
SCEN162,y_1_3_2,dem_1_2,0.926587
SCEN162,y_2_1_2,dem_2_2,1.123759
SCEN162,y_2_2_2,dem_2_2,0.65342
SCEN162,y_2_3_2,dem_2_2,0.926587
SCEN162,y_1_1_3,dem_1_3,0.85754
SCEN162,y_1_2_3,dem_1_3,0.530383
SCEN162,y_1_3_3,dem_1_3,1.159005
SCEN162,y_2_1_3,dem_2_3,0.85754
SCEN162,y_2_2_3,dem_2_3,0.530383
SCEN162,y_2_3_3,dem_2_3,1.159005
SCEN163,y_1_1_1,dem_1_1,0.520993
SCEN163,y_1_2_1,dem_1_1,1.377709
SCEN163,y_1_3_1,dem_1_1,0.968398
SCEN163,y_2_1_1,dem_2_1,0.520993
SCEN163,y_2_2_1,dem_2_1,1.377709
SCEN163,y_2_3_1,dem_2_1,0.968398
SCEN163,y_1_1_2,dem_1_2,0.986038
SCEN163,y_1_2_2,dem_1_2,1.257452
SCEN163,y_1_3_2,dem_1_2,1.28927
SCEN163,y_2_1_2,dem_2_2,0.986038
SCEN163,y_2_2_2,dem_2_2,1.257452
SCEN163,y_2_3_2,dem_2_2,1.28927
SCEN163,y_1_1_3,dem_1_3,1.321811
SCEN163,y_1_2_3,dem_1_3,1.094716
SCEN163,y_1_3_3,dem_1_3,1.349084
SCEN163,y_2_1_3,dem_2_3,1.321811
SCEN163,y_2_2_3,dem_2_3,1.094716
SCEN163,y_2_3_3,dem_2_3,1.349084
SCEN164,y_1_1_1,dem_1_1,0.842511
SCEN164,y_1_2_1,dem_1_1,1.400033
SCEN164,y_1_3_1,dem_1_1,0.517913
SCEN164,y_2_1_1,dem_2_1,0.842511
SCEN164,y_2_2_1,dem_2_1,1.400033
SCEN164,y_2_3_1,dem_2_1,0.517913
SCEN164,y_1_1_2,dem_1_2,1.022432
SCEN164,y_1_2_2,dem_1_2,1.464831
SCEN164,y_1_3_2,dem_1_2,1.337468
SCEN164,y_2_1_2,dem_2_2,1.022432
SCEN164,y_2_2_2,dem_2_2,1.464831
SCEN164,y_2_3_2,dem_2_2,1.337468
SCEN164,y_1_1_3,dem_1_3,1.131376
SCEN164,y_1_2_3,dem_1_3,1.04081
SCEN164,y_1_3_3,dem_1_3,0.624752
SCEN164,y_2_1_3,dem_2_3,1.131376
SCEN164,y_2_2_3,dem_2_3,1.04081
SCEN164,y_2_3_3,dem_2_3,0.624752
SCEN165,y_1_1_1,dem_1_1,0.866027
SCEN165,y_1_2_1,dem_1_1,0.991184
SCEN165,y_1_3_1,dem_1_1,1.181894
SCEN165,y_2_1_1,dem_2_1,0.866027
SCEN165,y_2_2_1,dem_2_1,0.991184
SCEN165,y_2_3_1,dem_2_1,1.181894
SCEN165,y_1_1_2,dem_1_2,0.818631
SCEN165,y_1_2_2,dem_1_2,0.878002
SCEN165,y_1_3_2,dem_1_2,0.913402
SCEN165,y_2_1_2,dem_2_2,0.818631
SCEN165,y_2_2_2,dem_2_2,0.878002
SCEN165,y_2_3_2,dem_2_2,0.913402
SCEN165,y_1_1_3,dem_1_3,0.661144
SCEN165,y_1_2_3,dem_1_3,0.944609
SCEN165,y_1_3_3,dem_1_3,1.400692
SCEN165,y_2_1_3,dem_2_3,0.661144
SCEN165,y_2_2_3,dem_2_3,0.944609
SCEN165,y_2_3_3,dem_2_3,1.400692
SCEN166,y_1_1_1,dem_1_1,0.983566
SCEN166,y_1_2_1,dem_1_1,1.436533
SCEN166,y_1_3_1,dem_1_1,1.219593
SCEN166,y_2_1_1,dem_2_1,0.983566
SCEN166,y_2_2_1,dem_2_1,1.436533
SCEN166,y_2_3_1,dem_2_1,1.219593
SCEN166,y_1_1_2,dem_1_2,1.134238
SCEN166,y_1_2_2,dem_1_2,1.018256
SCEN166,y_1_3_2,dem_1_2,0.847911
SCEN166,y_2_1_2,dem_2_2,1.134238
SCEN166,y_2_2_2,dem_2_2,1.018256
SCEN166,y_2_3_2,dem_2_2,0.847911
SCEN166,y_1_1_3,dem_1_3,1.058134
SCEN166,y_1_2_3,dem_1_3,1.244106
SCEN166,y_1_3_3,dem_1_3,0.784516
SCEN166,y_2_1_3,dem_2_3,1.058134
SCEN166,y_2_2_3,dem_2_3,1.244106
SCEN166,y_2_3_3,dem_2_3,0.784516
SCEN167,y_1_1_1,dem_1_1,0.703996
SCEN167,y_1_2_1,dem_1_1,0.869172
SCEN167,y_1_3_1,dem_1_1,0.960576
SCEN167,y_2_1_1,dem_2_1,0.703996
SCEN167,y_2_2_1,dem_2_1,0.869172
SCEN167,y_2_3_1,dem_2_1,0.960576
SCEN167,y_1_1_2,dem_1_2,0.795208
SCEN167,y_1_2_2,dem_1_2,1.234748
SCEN167,y_1_3_2,dem_1_2,1.490862
SCEN167,y_2_1_2,dem_2_2,0.795208
SCEN167,y_2_2_2,dem_2_2,1.234748
SCEN167,y_2_3_2,dem_2_2,1.490862
SCEN167,y_1_1_3,dem_1_3,1.194814
SCEN167,y_1_2_3,dem_1_3,1.224078
SCEN167,y_1_3_3,dem_1_3,1.37338
SCEN167,y_2_1_3,dem_2_3,1.194814
SCEN167,y_2_2_3,dem_2_3,1.224078
SCEN167,y_2_3_3,dem_2_3,1.37338
SCEN168,y_1_1_1,dem_1_1,0.575562
SCEN168,y_1_2_1,dem_1_1,0.80321
SCEN168,y_1_3_1,dem_1_1,0.96326
SCEN168,y_2_1_1,dem_2_1,0.575562
SCEN168,y_2_2_1,dem_2_1,0.80321
SCEN168,y_2_3_1,dem_2_1,0.96326
SCEN168,y_1_1_2,dem_1_2,1.49844
SCEN168,y_1_2_2,dem_1_2,1.497788
SCEN168,y_1_3_2,dem_1_2,1.38152
SCEN168,y_2_1_2,dem_2_2,1.49844
SCEN168,y_2_2_2,dem_2_2,1.497788
SCEN168,y_2_3_2,dem_2_2,1.38152
SCEN168,y_1_1_3,dem_1_3,0.884718
SCEN168,y_1_2_3,dem_1_3,1.472192
SCEN168,y_1_3_3,dem_1_3,1.426596
SCEN168,y_2_1_3,dem_2_3,0.884718
SCEN168,y_2_2_3,dem_2_3,1.472192
SCEN168,y_2_3_3,dem_2_3,1.426596
SCEN169,y_1_1_1,dem_1_1,0.971119
SCEN169,y_1_2_1,dem_1_1,0.7258
SCEN169,y_1_3_1,dem_1_1,0.51408
SCEN169,y_2_1_1,dem_2_1,0.971119
SCEN169,y_2_2_1,dem_2_1,0.7258
SCEN169,y_2_3_1,dem_2_1,0.51408
SCEN169,y_1_1_2,dem_1_2,1.184618
SCEN169,y_1_2_2,dem_1_2,0.725218
SCEN169,y_1_3_2,dem_1_2,1.351459
SCEN169,y_2_1_2,dem_2_2,1.184618
SCEN169,y_2_2_2,dem_2_2,0.725218
SCEN169,y_2_3_2,dem_2_2,1.351459
SCEN169,y_1_1_3,dem_1_3,1.213414
SCEN169,y_1_2_3,dem_1_3,1.159381
SCEN169,y_1_3_3,dem_1_3,1.192175
SCEN169,y_2_1_3,dem_2_3,1.213414
SCEN169,y_2_2_3,dem_2_3,1.159381
SCEN169,y_2_3_3,dem_2_3,1.192175
SCEN170,y_1_1_1,dem_1_1,0.908507
SCEN170,y_1_2_1,dem_1_1,1.092351
SCEN170,y_1_3_1,dem_1_1,1.143615
SCEN170,y_2_1_1,dem_2_1,0.908507
SCEN170,y_2_2_1,dem_2_1,1.092351
SCEN170,y_2_3_1,dem_2_1,1.143615
SCEN170,y_1_1_2,dem_1_2,0.714732
SCEN170,y_1_2_2,dem_1_2,1.019949
SCEN170,y_1_3_2,dem_1_2,1.283422
SCEN170,y_2_1_2,dem_2_2,0.714732
SCEN170,y_2_2_2,dem_2_2,1.019949
SCEN170,y_2_3_2,dem_2_2,1.283422
SCEN170,y_1_1_3,dem_1_3,0.687806
SCEN170,y_1_2_3,dem_1_3,1.457376
SCEN170,y_1_3_3,dem_1_3,0.501603
SCEN170,y_2_1_3,dem_2_3,0.687806
SCEN170,y_2_2_3,dem_2_3,1.457376
SCEN170,y_2_3_3,dem_2_3,0.501603
SCEN171,y_1_1_1,dem_1_1,0.547327
SCEN171,y_1_2_1,dem_1_1,0.869124
SCEN171,y_1_3_1,dem_1_1,1.438373
SCEN171,y_2_1_1,dem_2_1,0.547327
SCEN171,y_2_2_1,dem_2_1,0.869124
SCEN171,y_2_3_1,dem_2_1,1.438373
SCEN171,y_1_1_2,dem_1_2,0.81193
SCEN171,y_1_2_2,dem_1_2,0.948811
SCEN171,y_1_3_2,dem_1_2,1.076923
SCEN171,y_2_1_2,dem_2_2,0.81193
SCEN171,y_2_2_2,dem_2_2,0.948811
SCEN171,y_2_3_2,dem_2_2,1.076923
SCEN171,y_1_1_3,dem_1_3,1.076754
SCEN171,y_1_2_3,dem_1_3,1.020879
SCEN171,y_1_3_3,dem_1_3,0.858176
SCEN171,y_2_1_3,dem_2_3,1.076754
SCEN171,y_2_2_3,dem_2_3,1.020879
SCEN171,y_2_3_3,dem_2_3,0.858176
SCEN172,y_1_1_1,dem_1_1,1.022391
SCEN172,y_1_2_1,dem_1_1,1.496389
SCEN172,y_1_3_1,dem_1_1,0.719013
SCEN172,y_2_1_1,dem_2_1,1.022391
SCEN172,y_2_2_1,dem_2_1,1.496389
SCEN172,y_2_3_1,dem_2_1,0.719013
SCEN172,y_1_1_2,dem_1_2,0.657026
SCEN172,y_1_2_2,dem_1_2,1.045192
SCEN172,y_1_3_2,dem_1_2,1.147142
SCEN172,y_2_1_2,dem_2_2,0.657026
SCEN172,y_2_2_2,dem_2_2,1.045192
SCEN172,y_2_3_2,dem_2_2,1.147142
SCEN172,y_1_1_3,dem_1_3,1.009612
SCEN172,y_1_2_3,dem_1_3,0.863593
SCEN172,y_1_3_3,dem_1_3,1.034247
SCEN172,y_2_1_3,dem_2_3,1.009612
SCEN172,y_2_2_3,dem_2_3,0.863593
SCEN172,y_2_3_3,dem_2_3,1.034247
SCEN173,y_1_1_1,dem_1_1,0.841022
SCEN173,y_1_2_1,dem_1_1,1.185674
SCEN173,y_1_3_1,dem_1_1,1.496821
SCEN173,y_2_1_1,dem_2_1,0.841022
SCEN173,y_2_2_1,dem_2_1,1.185674
SCEN173,y_2_3_1,dem_2_1,1.496821
SCEN173,y_1_1_2,dem_1_2,1.278576
SCEN173,y_1_2_2,dem_1_2,1.452681
SCEN173,y_1_3_2,dem_1_2,0.675898
SCEN173,y_2_1_2,dem_2_2,1.278576
SCEN173,y_2_2_2,dem_2_2,1.452681
SCEN173,y_2_3_2,dem_2_2,0.675898
SCEN173,y_1_1_3,dem_1_3,0.973562
SCEN173,y_1_2_3,dem_1_3,0.504162
SCEN173,y_1_3_3,dem_1_3,1.112842
SCEN173,y_2_1_3,dem_2_3,0.973562
SCEN173,y_2_2_3,dem_2_3,0.504162
SCEN173,y_2_3_3,dem_2_3,1.112842
SCEN174,y_1_1_1,dem_1_1,0.979362
SCEN174,y_1_2_1,dem_1_1,0.679878
SCEN174,y_1_3_1,dem_1_1,1.047289
SCEN174,y_2_1_1,dem_2_1,0.979362
SCEN174,y_2_2_1,dem_2_1,0.679878
SCEN174,y_2_3_1,dem_2_1,1.047289
SCEN174,y_1_1_2,dem_1_2,1.121687
SCEN174,y_1_2_2,dem_1_2,1.387112
SCEN174,y_1_3_2,dem_1_2,1.288867
SCEN174,y_2_1_2,dem_2_2,1.121687
SCEN174,y_2_2_2,dem_2_2,1.387112
SCEN174,y_2_3_2,dem_2_2,1.288867
SCEN174,y_1_1_3,dem_1_3,0.814632
SCEN174,y_1_2_3,dem_1_3,1.390754
SCEN174,y_1_3_3,dem_1_3,0.975835
SCEN174,y_2_1_3,dem_2_3,0.814632
SCEN174,y_2_2_3,dem_2_3,1.390754
SCEN174,y_2_3_3,dem_2_3,0.975835
SCEN175,y_1_1_1,dem_1_1,0.792992
SCEN175,y_1_2_1,dem_1_1,1.370203
SCEN175,y_1_3_1,dem_1_1,0.7007
SCEN175,y_2_1_1,dem_2_1,0.792992
SCEN175,y_2_2_1,dem_2_1,1.370203
SCEN175,y_2_3_1,dem_2_1,0.7007
SCEN175,y_1_1_2,dem_1_2,0.964415
SCEN175,y_1_2_2,dem_1_2,1.280136
SCEN175,y_1_3_2,dem_1_2,0.905944
SCEN175,y_2_1_2,dem_2_2,0.964415
SCEN175,y_2_2_2,dem_2_2,1.280136
SCEN175,y_2_3_2,dem_2_2,0.905944
SCEN175,y_1_1_3,dem_1_3,1.116583
SCEN175,y_1_2_3,dem_1_3,1.075848
SCEN175,y_1_3_3,dem_1_3,0.535619
SCEN175,y_2_1_3,dem_2_3,1.116583
SCEN175,y_2_2_3,dem_2_3,1.075848
SCEN175,y_2_3_3,dem_2_3,0.535619
SCEN176,y_1_1_1,dem_1_1,0.538283
SCEN176,y_1_2_1,dem_1_1,1.074519
SCEN176,y_1_3_1,dem_1_1,0.51373
SCEN176,y_2_1_1,dem_2_1,0.538283
SCEN176,y_2_2_1,dem_2_1,1.074519
SCEN176,y_2_3_1,dem_2_1,0.51373
SCEN176,y_1_1_2,dem_1_2,1.266239
SCEN176,y_1_2_2,dem_1_2,1.462401
SCEN176,y_1_3_2,dem_1_2,0.827059
SCEN176,y_2_1_2,dem_2_2,1.266239
SCEN176,y_2_2_2,dem_2_2,1.462401
SCEN176,y_2_3_2,dem_2_2,0.827059
SCEN176,y_1_1_3,dem_1_3,0.599965
SCEN176,y_1_2_3,dem_1_3,1.261052
SCEN176,y_1_3_3,dem_1_3,0.884776
SCEN176,y_2_1_3,dem_2_3,0.599965
SCEN176,y_2_2_3,dem_2_3,1.261052
SCEN176,y_2_3_3,dem_2_3,0.884776
SCEN177,y_1_1_1,dem_1_1,1.441959
SCEN177,y_1_2_1,dem_1_1,1.083151
SCEN177,y_1_3_1,dem_1_1,1.259493
SCEN177,y_2_1_1,dem_2_1,1.441959
SCEN177,y_2_2_1,dem_2_1,1.083151
SCEN177,y_2_3_1,dem_2_1,1.259493
SCEN177,y_1_1_2,dem_1_2,0.63742
SCEN177,y_1_2_2,dem_1_2,0.581253
SCEN177,y_1_3_2,dem_1_2,0.959839
SCEN177,y_2_1_2,dem_2_2,0.63742
SCEN177,y_2_2_2,dem_2_2,0.581253
SCEN177,y_2_3_2,dem_2_2,0.959839
SCEN177,y_1_1_3,dem_1_3,0.899573
SCEN177,y_1_2_3,dem_1_3,1.253151
SCEN177,y_1_3_3,dem_1_3,1.038486
SCEN177,y_2_1_3,dem_2_3,0.899573
SCEN177,y_2_2_3,dem_2_3,1.253151
SCEN177,y_2_3_3,dem_2_3,1.038486
SCEN178,y_1_1_1,dem_1_1,0.808606
SCEN178,y_1_2_1,dem_1_1,0.770947
SCEN178,y_1_3_1,dem_1_1,0.994459
SCEN178,y_2_1_1,dem_2_1,0.808606
SCEN178,y_2_2_1,dem_2_1,0.770947
SCEN178,y_2_3_1,dem_2_1,0.994459
SCEN178,y_1_1_2,dem_1_2,0.913458
SCEN178,y_1_2_2,dem_1_2,0.678696
SCEN178,y_1_3_2,dem_1_2,1.398557
SCEN178,y_2_1_2,dem_2_2,0.913458
SCEN178,y_2_2_2,dem_2_2,0.678696
SCEN178,y_2_3_2,dem_2_2,1.398557
SCEN178,y_1_1_3,dem_1_3,1.305764
SCEN178,y_1_2_3,dem_1_3,0.853782
SCEN178,y_1_3_3,dem_1_3,0.736079
SCEN178,y_2_1_3,dem_2_3,1.305764
SCEN178,y_2_2_3,dem_2_3,0.853782
SCEN178,y_2_3_3,dem_2_3,0.736079
SCEN179,y_1_1_1,dem_1_1,1.238919
SCEN179,y_1_2_1,dem_1_1,1.361357
SCEN179,y_1_3_1,dem_1_1,0.52035
SCEN179,y_2_1_1,dem_2_1,1.238919
SCEN179,y_2_2_1,dem_2_1,1.361357
SCEN179,y_2_3_1,dem_2_1,0.52035
SCEN179,y_1_1_2,dem_1_2,0.519211
SCEN179,y_1_2_2,dem_1_2,1.326304
SCEN179,y_1_3_2,dem_1_2,0.747883
SCEN179,y_2_1_2,dem_2_2,0.519211
SCEN179,y_2_2_2,dem_2_2,1.326304
SCEN179,y_2_3_2,dem_2_2,0.747883
SCEN179,y_1_1_3,dem_1_3,0.557166
SCEN179,y_1_2_3,dem_1_3,0.895736
SCEN179,y_1_3_3,dem_1_3,1.274896
SCEN179,y_2_1_3,dem_2_3,0.557166
SCEN179,y_2_2_3,dem_2_3,0.895736
SCEN179,y_2_3_3,dem_2_3,1.274896
SCEN180,y_1_1_1,dem_1_1,0.879033
SCEN180,y_1_2_1,dem_1_1,1.066383
SCEN180,y_1_3_1,dem_1_1,0.818936
SCEN180,y_2_1_1,dem_2_1,0.879033
SCEN180,y_2_2_1,dem_2_1,1.066383
SCEN180,y_2_3_1,dem_2_1,0.818936
SCEN180,y_1_1_2,dem_1_2,0.83215
SCEN180,y_1_2_2,dem_1_2,1.020958
SCEN180,y_1_3_2,dem_1_2,1.044719
SCEN180,y_2_1_2,dem_2_2,0.83215
SCEN180,y_2_2_2,dem_2_2,1.020958
SCEN180,y_2_3_2,dem_2_2,1.044719
SCEN180,y_1_1_3,dem_1_3,0.965984
SCEN180,y_1_2_3,dem_1_3,1.064734
SCEN180,y_1_3_3,dem_1_3,1.498137
SCEN180,y_2_1_3,dem_2_3,0.965984
SCEN180,y_2_2_3,dem_2_3,1.064734
SCEN180,y_2_3_3,dem_2_3,1.498137
SCEN181,y_1_1_1,dem_1_1,0.794139
SCEN181,y_1_2_1,dem_1_1,1.3743
SCEN181,y_1_3_1,dem_1_1,0.8654
SCEN181,y_2_1_1,dem_2_1,0.794139
SCEN181,y_2_2_1,dem_2_1,1.3743
SCEN181,y_2_3_1,dem_2_1,0.8654
SCEN181,y_1_1_2,dem_1_2,0.726489
SCEN181,y_1_2_2,dem_1_2,0.677897
SCEN181,y_1_3_2,dem_1_2,0.617728
SCEN181,y_2_1_2,dem_2_2,0.726489
SCEN181,y_2_2_2,dem_2_2,0.677897
SCEN181,y_2_3_2,dem_2_2,0.617728
SCEN181,y_1_1_3,dem_1_3,1.009488
SCEN181,y_1_2_3,dem_1_3,0.783255
SCEN181,y_1_3_3,dem_1_3,0.582097
SCEN181,y_2_1_3,dem_2_3,1.009488
SCEN181,y_2_2_3,dem_2_3,0.783255
SCEN181,y_2_3_3,dem_2_3,0.582097
SCEN182,y_1_1_1,dem_1_1,0.896202
SCEN182,y_1_2_1,dem_1_1,0.841536
SCEN182,y_1_3_1,dem_1_1,0.746111
SCEN182,y_2_1_1,dem_2_1,0.896202
SCEN182,y_2_2_1,dem_2_1,0.841536
SCEN182,y_2_3_1,dem_2_1,0.746111
SCEN182,y_1_1_2,dem_1_2,1.327238
SCEN182,y_1_2_2,dem_1_2,0.745489
SCEN182,y_1_3_2,dem_1_2,1.367579
SCEN182,y_2_1_2,dem_2_2,1.327238
SCEN182,y_2_2_2,dem_2_2,0.745489
SCEN182,y_2_3_2,dem_2_2,1.367579
SCEN182,y_1_1_3,dem_1_3,1.015358
SCEN182,y_1_2_3,dem_1_3,0.523921
SCEN182,y_1_3_3,dem_1_3,1.404535
SCEN182,y_2_1_3,dem_2_3,1.015358
SCEN182,y_2_2_3,dem_2_3,0.523921
SCEN182,y_2_3_3,dem_2_3,1.404535
SCEN183,y_1_1_1,dem_1_1,0.551639
SCEN183,y_1_2_1,dem_1_1,0.784574
SCEN183,y_1_3_1,dem_1_1,0.543213
SCEN183,y_2_1_1,dem_2_1,0.551639
SCEN183,y_2_2_1,dem_2_1,0.784574
SCEN183,y_2_3_1,dem_2_1,0.543213
SCEN183,y_1_1_2,dem_1_2,1.107
SCEN183,y_1_2_2,dem_1_2,0.515703
SCEN183,y_1_3_2,dem_1_2,1.391389
SCEN183,y_2_1_2,dem_2_2,1.107
SCEN183,y_2_2_2,dem_2_2,0.515703
SCEN183,y_2_3_2,dem_2_2,1.391389
SCEN183,y_1_1_3,dem_1_3,1.34837
SCEN183,y_1_2_3,dem_1_3,1.20933
SCEN183,y_1_3_3,dem_1_3,1.308116
SCEN183,y_2_1_3,dem_2_3,1.34837
SCEN183,y_2_2_3,dem_2_3,1.20933
SCEN183,y_2_3_3,dem_2_3,1.308116
SCEN184,y_1_1_1,dem_1_1,1.160346
SCEN184,y_1_2_1,dem_1_1,1.16179
SCEN184,y_1_3_1,dem_1_1,1.442774
SCEN184,y_2_1_1,dem_2_1,1.160346
SCEN184,y_2_2_1,dem_2_1,1.16179
SCEN184,y_2_3_1,dem_2_1,1.442774
SCEN184,y_1_1_2,dem_1_2,0.999097
SCEN184,y_1_2_2,dem_1_2,1.485066
SCEN184,y_1_3_2,dem_1_2,0.723412
SCEN184,y_2_1_2,dem_2_2,0.999097
SCEN184,y_2_2_2,dem_2_2,1.485066
SCEN184,y_2_3_2,dem_2_2,0.723412
SCEN184,y_1_1_3,dem_1_3,1.182845
SCEN184,y_1_2_3,dem_1_3,0.588136
SCEN184,y_1_3_3,dem_1_3,1.090209
SCEN184,y_2_1_3,dem_2_3,1.182845
SCEN184,y_2_2_3,dem_2_3,0.588136
SCEN184,y_2_3_3,dem_2_3,1.090209
SCEN185,y_1_1_1,dem_1_1,1.068928
SCEN185,y_1_2_1,dem_1_1,0.786944
SCEN185,y_1_3_1,dem_1_1,1.13153
SCEN185,y_2_1_1,dem_2_1,1.068928
SCEN185,y_2_2_1,dem_2_1,0.786944
SCEN185,y_2_3_1,dem_2_1,1.13153
SCEN185,y_1_1_2,dem_1_2,1.389062
SCEN185,y_1_2_2,dem_1_2,0.632075
SCEN185,y_1_3_2,dem_1_2,0.838869
SCEN185,y_2_1_2,dem_2_2,1.389062
SCEN185,y_2_2_2,dem_2_2,0.632075
SCEN185,y_2_3_2,dem_2_2,0.838869
SCEN185,y_1_1_3,dem_1_3,1.090362
SCEN185,y_1_2_3,dem_1_3,0.903714
SCEN185,y_1_3_3,dem_1_3,1.472259
SCEN185,y_2_1_3,dem_2_3,1.090362
SCEN185,y_2_2_3,dem_2_3,0.903714
SCEN185,y_2_3_3,dem_2_3,1.472259
SCEN186,y_1_1_1,dem_1_1,1.239305
SCEN186,y_1_2_1,dem_1_1,0.584218
SCEN186,y_1_3_1,dem_1_1,1.090483
SCEN186,y_2_1_1,dem_2_1,1.239305
SCEN186,y_2_2_1,dem_2_1,0.584218
SCEN186,y_2_3_1,dem_2_1,1.090483
SCEN186,y_1_1_2,dem_1_2,1.390759
SCEN186,y_1_2_2,dem_1_2,0.900222
SCEN186,y_1_3_2,dem_1_2,1.064224
SCEN186,y_2_1_2,dem_2_2,1.390759
SCEN186,y_2_2_2,dem_2_2,0.900222
SCEN186,y_2_3_2,dem_2_2,1.064224
SCEN186,y_1_1_3,dem_1_3,0.849608
SCEN186,y_1_2_3,dem_1_3,1.176267
SCEN186,y_1_3_3,dem_1_3,1.437698
SCEN186,y_2_1_3,dem_2_3,0.849608
SCEN186,y_2_2_3,dem_2_3,1.176267
SCEN186,y_2_3_3,dem_2_3,1.437698
SCEN187,y_1_1_1,dem_1_1,0.50443
SCEN187,y_1_2_1,dem_1_1,0.772135
SCEN187,y_1_3_1,dem_1_1,0.728128
SCEN187,y_2_1_1,dem_2_1,0.50443
SCEN187,y_2_2_1,dem_2_1,0.772135
SCEN187,y_2_3_1,dem_2_1,0.728128
SCEN187,y_1_1_2,dem_1_2,1.320475
SCEN187,y_1_2_2,dem_1_2,0.61636
SCEN187,y_1_3_2,dem_1_2,1.141121
SCEN187,y_2_1_2,dem_2_2,1.320475
SCEN187,y_2_2_2,dem_2_2,0.61636
SCEN187,y_2_3_2,dem_2_2,1.141121
SCEN187,y_1_1_3,dem_1_3,1.427636
SCEN187,y_1_2_3,dem_1_3,0.59518
SCEN187,y_1_3_3,dem_1_3,1.099954
SCEN187,y_2_1_3,dem_2_3,1.427636
SCEN187,y_2_2_3,dem_2_3,0.59518
SCEN187,y_2_3_3,dem_2_3,1.099954
SCEN188,y_1_1_1,dem_1_1,1.361759
SCEN188,y_1_2_1,dem_1_1,0.730961
SCEN188,y_1_3_1,dem_1_1,1.453866
SCEN188,y_2_1_1,dem_2_1,1.361759
SCEN188,y_2_2_1,dem_2_1,0.730961
SCEN188,y_2_3_1,dem_2_1,1.453866
SCEN188,y_1_1_2,dem_1_2,0.669196
SCEN188,y_1_2_2,dem_1_2,1.337136
SCEN188,y_1_3_2,dem_1_2,1.065542
SCEN188,y_2_1_2,dem_2_2,0.669196
SCEN188,y_2_2_2,dem_2_2,1.337136
SCEN188,y_2_3_2,dem_2_2,1.065542
SCEN188,y_1_1_3,dem_1_3,1.43043
SCEN188,y_1_2_3,dem_1_3,0.933633
SCEN188,y_1_3_3,dem_1_3,0.892954
SCEN188,y_2_1_3,dem_2_3,1.43043
SCEN188,y_2_2_3,dem_2_3,0.933633
SCEN188,y_2_3_3,dem_2_3,0.892954
SCEN189,y_1_1_1,dem_1_1,1.475789
SCEN189,y_1_2_1,dem_1_1,1.240131
SCEN189,y_1_3_1,dem_1_1,0.569183
SCEN189,y_2_1_1,dem_2_1,1.475789
SCEN189,y_2_2_1,dem_2_1,1.240131
SCEN189,y_2_3_1,dem_2_1,0.569183
SCEN189,y_1_1_2,dem_1_2,0.773555
SCEN189,y_1_2_2,dem_1_2,0.874856
SCEN189,y_1_3_2,dem_1_2,0.77382
SCEN189,y_2_1_2,dem_2_2,0.773555
SCEN189,y_2_2_2,dem_2_2,0.874856
SCEN189,y_2_3_2,dem_2_2,0.77382
SCEN189,y_1_1_3,dem_1_3,1.280536
SCEN189,y_1_2_3,dem_1_3,1.418384
SCEN189,y_1_3_3,dem_1_3,0.801909
SCEN189,y_2_1_3,dem_2_3,1.280536
SCEN189,y_2_2_3,dem_2_3,1.418384
SCEN189,y_2_3_3,dem_2_3,0.801909
SCEN190,y_1_1_1,dem_1_1,0.788714
SCEN190,y_1_2_1,dem_1_1,1.378805
SCEN190,y_1_3_1,dem_1_1,1.028161
SCEN190,y_2_1_1,dem_2_1,0.788714
SCEN190,y_2_2_1,dem_2_1,1.378805
SCEN190,y_2_3_1,dem_2_1,1.028161
SCEN190,y_1_1_2,dem_1_2,1.25931
SCEN190,y_1_2_2,dem_1_2,1.154668
SCEN190,y_1_3_2,dem_1_2,1.085692
SCEN190,y_2_1_2,dem_2_2,1.25931
SCEN190,y_2_2_2,dem_2_2,1.154668
SCEN190,y_2_3_2,dem_2_2,1.085692
SCEN190,y_1_1_3,dem_1_3,0.735119
SCEN190,y_1_2_3,dem_1_3,0.827783
SCEN190,y_1_3_3,dem_1_3,0.971471
SCEN190,y_2_1_3,dem_2_3,0.735119
SCEN190,y_2_2_3,dem_2_3,0.827783
SCEN190,y_2_3_3,dem_2_3,0.971471
SCEN191,y_1_1_1,dem_1_1,0.998644
SCEN191,y_1_2_1,dem_1_1,1.314398
SCEN191,y_1_3_1,dem_1_1,1.382121
SCEN191,y_2_1_1,dem_2_1,0.998644
SCEN191,y_2_2_1,dem_2_1,1.314398
SCEN191,y_2_3_1,dem_2_1,1.382121
SCEN191,y_1_1_2,dem_1_2,1.15764
SCEN191,y_1_2_2,dem_1_2,0.974505
SCEN191,y_1_3_2,dem_1_2,1.458803
SCEN191,y_2_1_2,dem_2_2,1.15764
SCEN191,y_2_2_2,dem_2_2,0.974505
SCEN191,y_2_3_2,dem_2_2,1.458803
SCEN191,y_1_1_3,dem_1_3,0.913344
SCEN191,y_1_2_3,dem_1_3,0.915053
SCEN191,y_1_3_3,dem_1_3,0.885216
SCEN191,y_2_1_3,dem_2_3,0.913344
SCEN191,y_2_2_3,dem_2_3,0.915053
SCEN191,y_2_3_3,dem_2_3,0.885216
SCEN192,y_1_1_1,dem_1_1,0.531382
SCEN192,y_1_2_1,dem_1_1,1.30835
SCEN192,y_1_3_1,dem_1_1,1.341231
SCEN192,y_2_1_1,dem_2_1,0.531382
SCEN192,y_2_2_1,dem_2_1,1.30835
SCEN192,y_2_3_1,dem_2_1,1.341231
SCEN192,y_1_1_2,dem_1_2,1.458521
SCEN192,y_1_2_2,dem_1_2,1.336656
SCEN192,y_1_3_2,dem_1_2,0.88352
SCEN192,y_2_1_2,dem_2_2,1.458521
SCEN192,y_2_2_2,dem_2_2,1.336656
SCEN192,y_2_3_2,dem_2_2,0.88352
SCEN192,y_1_1_3,dem_1_3,1.010611
SCEN192,y_1_2_3,dem_1_3,0.509896
SCEN192,y_1_3_3,dem_1_3,1.2399
SCEN192,y_2_1_3,dem_2_3,1.010611
SCEN192,y_2_2_3,dem_2_3,0.509896
SCEN192,y_2_3_3,dem_2_3,1.2399
SCEN193,y_1_1_1,dem_1_1,1.327017
SCEN193,y_1_2_1,dem_1_1,1.347901
SCEN193,y_1_3_1,dem_1_1,0.54805
SCEN193,y_2_1_1,dem_2_1,1.327017
SCEN193,y_2_2_1,dem_2_1,1.347901
SCEN193,y_2_3_1,dem_2_1,0.54805
SCEN193,y_1_1_2,dem_1_2,1.26515
SCEN193,y_1_2_2,dem_1_2,0.727167
SCEN193,y_1_3_2,dem_1_2,1.383686
SCEN193,y_2_1_2,dem_2_2,1.26515
SCEN193,y_2_2_2,dem_2_2,0.727167
SCEN193,y_2_3_2,dem_2_2,1.383686
SCEN193,y_1_1_3,dem_1_3,1.184936
SCEN193,y_1_2_3,dem_1_3,1.170886
SCEN193,y_1_3_3,dem_1_3,1.192436
SCEN193,y_2_1_3,dem_2_3,1.184936
SCEN193,y_2_2_3,dem_2_3,1.170886
SCEN193,y_2_3_3,dem_2_3,1.192436
SCEN194,y_1_1_1,dem_1_1,1.438949
SCEN194,y_1_2_1,dem_1_1,0.528861
SCEN194,y_1_3_1,dem_1_1,0.930648
SCEN194,y_2_1_1,dem_2_1,1.438949
SCEN194,y_2_2_1,dem_2_1,0.528861
SCEN194,y_2_3_1,dem_2_1,0.930648
SCEN194,y_1_1_2,dem_1_2,1.04921
SCEN194,y_1_2_2,dem_1_2,1.07867
SCEN194,y_1_3_2,dem_1_2,0.899824
SCEN194,y_2_1_2,dem_2_2,1.04921
SCEN194,y_2_2_2,dem_2_2,1.07867
SCEN194,y_2_3_2,dem_2_2,0.899824
SCEN194,y_1_1_3,dem_1_3,1.047561
SCEN194,y_1_2_3,dem_1_3,0.825586
SCEN194,y_1_3_3,dem_1_3,1.065757
SCEN194,y_2_1_3,dem_2_3,1.047561
SCEN194,y_2_2_3,dem_2_3,0.825586
SCEN194,y_2_3_3,dem_2_3,1.065757
SCEN195,y_1_1_1,dem_1_1,0.513701
SCEN195,y_1_2_1,dem_1_1,0.667077
SCEN195,y_1_3_1,dem_1_1,1.319574
SCEN195,y_2_1_1,dem_2_1,0.513701
SCEN195,y_2_2_1,dem_2_1,0.667077
SCEN195,y_2_3_1,dem_2_1,1.319574
SCEN195,y_1_1_2,dem_1_2,1.417129
SCEN195,y_1_2_2,dem_1_2,1.46696
SCEN195,y_1_3_2,dem_1_2,1.384418
SCEN195,y_2_1_2,dem_2_2,1.417129
SCEN195,y_2_2_2,dem_2_2,1.46696
SCEN195,y_2_3_2,dem_2_2,1.384418
SCEN195,y_1_1_3,dem_1_3,0.826399
SCEN195,y_1_2_3,dem_1_3,0.850304
SCEN195,y_1_3_3,dem_1_3,1.170787
SCEN195,y_2_1_3,dem_2_3,0.826399
SCEN195,y_2_2_3,dem_2_3,0.850304
SCEN195,y_2_3_3,dem_2_3,1.170787
SCEN196,y_1_1_1,dem_1_1,0.841225
SCEN196,y_1_2_1,dem_1_1,1.450686
SCEN196,y_1_3_1,dem_1_1,1.176773
SCEN196,y_2_1_1,dem_2_1,0.841225
SCEN196,y_2_2_1,dem_2_1,1.450686
SCEN196,y_2_3_1,dem_2_1,1.176773
SCEN196,y_1_1_2,dem_1_2,1.234146
SCEN196,y_1_2_2,dem_1_2,0.609969
SCEN196,y_1_3_2,dem_1_2,1.253908
SCEN196,y_2_1_2,dem_2_2,1.234146
SCEN196,y_2_2_2,dem_2_2,0.609969
SCEN196,y_2_3_2,dem_2_2,1.253908
SCEN196,y_1_1_3,dem_1_3,1.106985
SCEN196,y_1_2_3,dem_1_3,1.034848
SCEN196,y_1_3_3,dem_1_3,1.079752
SCEN196,y_2_1_3,dem_2_3,1.106985
SCEN196,y_2_2_3,dem_2_3,1.034848
SCEN196,y_2_3_3,dem_2_3,1.079752
SCEN197,y_1_1_1,dem_1_1,0.787048
SCEN197,y_1_2_1,dem_1_1,1.051039
SCEN197,y_1_3_1,dem_1_1,0.997902
SCEN197,y_2_1_1,dem_2_1,0.787048
SCEN197,y_2_2_1,dem_2_1,1.051039
SCEN197,y_2_3_1,dem_2_1,0.997902
SCEN197,y_1_1_2,dem_1_2,1.452091
SCEN197,y_1_2_2,dem_1_2,0.817102
SCEN197,y_1_3_2,dem_1_2,1.396567
SCEN197,y_2_1_2,dem_2_2,1.452091
SCEN197,y_2_2_2,dem_2_2,0.817102
SCEN197,y_2_3_2,dem_2_2,1.396567
SCEN197,y_1_1_3,dem_1_3,1.295784
SCEN197,y_1_2_3,dem_1_3,1.145793
SCEN197,y_1_3_3,dem_1_3,0.694219
SCEN197,y_2_1_3,dem_2_3,1.295784
SCEN197,y_2_2_3,dem_2_3,1.145793
SCEN197,y_2_3_3,dem_2_3,0.694219
SCEN198,y_1_1_1,dem_1_1,0.576365
SCEN198,y_1_2_1,dem_1_1,0.699403
SCEN198,y_1_3_1,dem_1_1,0.711397
SCEN198,y_2_1_1,dem_2_1,0.576365
SCEN198,y_2_2_1,dem_2_1,0.699403
SCEN198,y_2_3_1,dem_2_1,0.711397
SCEN198,y_1_1_2,dem_1_2,0.899857
SCEN198,y_1_2_2,dem_1_2,1.310402
SCEN198,y_1_3_2,dem_1_2,0.678892
SCEN198,y_2_1_2,dem_2_2,0.899857
SCEN198,y_2_2_2,dem_2_2,1.310402
SCEN198,y_2_3_2,dem_2_2,0.678892
SCEN198,y_1_1_3,dem_1_3,0.80876
SCEN198,y_1_2_3,dem_1_3,0.587798
SCEN198,y_1_3_3,dem_1_3,0.655229
SCEN198,y_2_1_3,dem_2_3,0.80876
SCEN198,y_2_2_3,dem_2_3,0.587798
SCEN198,y_2_3_3,dem_2_3,0.655229
SCEN199,y_1_1_1,dem_1_1,0.713798
SCEN199,y_1_2_1,dem_1_1,0.858416
SCEN199,y_1_3_1,dem_1_1,0.847295
SCEN199,y_2_1_1,dem_2_1,0.713798
SCEN199,y_2_2_1,dem_2_1,0.858416
SCEN199,y_2_3_1,dem_2_1,0.847295
SCEN199,y_1_1_2,dem_1_2,1.000942
SCEN199,y_1_2_2,dem_1_2,1.423135
SCEN199,y_1_3_2,dem_1_2,0.819546
SCEN199,y_2_1_2,dem_2_2,1.000942
SCEN199,y_2_2_2,dem_2_2,1.423135
SCEN199,y_2_3_2,dem_2_2,0.819546
SCEN199,y_1_1_3,dem_1_3,0.669091
SCEN199,y_1_2_3,dem_1_3,0.587699
SCEN199,y_1_3_3,dem_1_3,0.582031
SCEN199,y_2_1_3,dem_2_3,0.669091
SCEN199,y_2_2_3,dem_2_3,0.587699
SCEN199,y_2_3_3,dem_2_3,0.582031
SCEN200,y_1_1_1,dem_1_1,0.732429
SCEN200,y_1_2_1,dem_1_1,0.620296
SCEN200,y_1_3_1,dem_1_1,0.778514
SCEN200,y_2_1_1,dem_2_1,0.732429
SCEN200,y_2_2_1,dem_2_1,0.620296
SCEN200,y_2_3_1,dem_2_1,0.778514
SCEN200,y_1_1_2,dem_1_2,1.447521
SCEN200,y_1_2_2,dem_1_2,1.163848
SCEN200,y_1_3_2,dem_1_2,1.2854
SCEN200,y_2_1_2,dem_2_2,1.447521
SCEN200,y_2_2_2,dem_2_2,1.163848
SCEN200,y_2_3_2,dem_2_2,1.2854
SCEN200,y_1_1_3,dem_1_3,0.695227
SCEN200,y_1_2_3,dem_1_3,0.842472
SCEN200,y_1_3_3,dem_1_3,1.196574
SCEN200,y_2_1_3,dem_2_3,0.695227
SCEN200,y_2_2_3,dem_2_3,0.842472
SCEN200,y_2_3_3,dem_2_3,1.196574
